InvoiceNo,CustomerID,CustomerName,ProductID,ProductName, UnitPrice ,Quantity,InvoiceDate
INV_668950,CUST_1206,Stacey Arias,PROD_7cb7c01e,Achilles Cream/Gray Rug, $121.88 ,2,6/1/2025
INV_945687,CUST_1362,Melissa Brewer,PROD_81ed29d6,Soft Washable Vintage Distressed Beige Area Rug with Non-Slip Backing, $136.26 ,1,6/1/2025
INV_320392,CUST_1207,Zachary Brooks,PROD_16a4bedb,Aitken Machine Woven Geometric Indoor and Outdoor Rug, $69.60 ,2,6/1/2025
INV_969659,CUST_1231,Michele Lewis,PROD_f03852cf,Lahjar Speckled Wool Blend Area Rug, $536.25 ,1,6/1/2025
INV_352249,CUST_1149,David Medina,PROD_81ed29d6,Soft Washable Vintage Distressed Beige Area Rug with Non-Slip Backing, $137.55 ,5,6/1/2025
INV_960622,CUST_1495,Curtis Watson,PROD_a39a8d2b,Rinoa Indoor / Outdoor Rug, $207.12 ,1,6/1/2025
INV_911329,CUST_1086,Madison Poole,PROD_1ad08862,Scalloped Washable Rug Area Rugs for Living Room Modern Rugs Abstract Non-Slip, $72.93 ,1,6/1/2025
INV_612340,CUST_1472,Samuel Suarez,PROD_7ef65a00,Jules Checkered Area Rug, $136.33 ,1,6/1/2025
INV_548580,CUST_1225,Heather Bolton,PROD_20bbb110,Ainswick Memory Foam Large Rug, $598.02 ,1,6/1/2025
INV_696474,CUST_1135,Brooke Alexander,PROD_885c587d,"Paseo Gurseerit All-Weather Flatweave Indoor/Outdoor Area Rug, Brown Black", $94.18 ,2,6/2/2025
INV_412856,CUST_1372,Kenneth Farley,PROD_89c6f605,Washable Oriental  Area Rugs Non slip Green Rugs, $20.50 ,1,6/2/2025
INV_251716,CUST_1461,Beth Henderson,PROD_86d6a4e7,"Eldonmore 7'8"" X 10' Area Rug", $684.40 ,1,6/2/2025
INV_112884,CUST_1379,Pamela Williams,PROD_7cb7c01e,Achilles Cream/Gray Rug, $114.52 ,1,6/2/2025
INV_150931,CUST_1493,Abigail Hill,PROD_1ad08862,Scalloped Washable Rug Area Rugs for Living Room Modern Rugs Abstract Non-Slip, $76.22 ,1,6/3/2025
INV_844163,CUST_1299,Donna Cabrera,PROD_049d2289,Valis Faux Sheepskin Indoor Rug, $102.23 ,1,6/3/2025
INV_495727,CUST_1026,Timothy Duncan,PROD_86d6a4e7,"Eldonmore 7'8"" X 10' Area Rug", $668.40 ,2,6/3/2025
INV_698514,CUST_1108,Tammy Gonzales,PROD_3a8f5324,"Lisgrove 7'8"" X 10' Area Rug", $661.71 ,1,6/3/2025
INV_939398,CUST_1355,Charlotte Sandoval,PROD_289ed9b0,Ankita Bordered Jute Area Rug, $327.77 ,1,6/3/2025
INV_805383,CUST_1311,Ryan Rocha,PROD_cb6ebe0a,Harjot Medium Rug, $166.41 ,1,6/3/2025
INV_265613,CUST_1348,Matthew Williams,PROD_9d77c7b9,Rifle Paper Co. x Loloi Rosa Sky Area Rug, $115.80 ,1,6/3/2025
INV_748386,CUST_1060,Richard Lawson,PROD_aaf8a92a,Izola Oriental Indoor/Outdoor Area Rug, $187.61 ,1,6/4/2025
INV_567383,CUST_1141,Richard Johnson,PROD_819dccdf,Paint Chip Blue Machine Washable Rug, $36.93 ,1,6/4/2025
INV_449472,CUST_1281,Paul Finley,PROD_b59a3efe,Machine Washable Area Rugs for Entryway 2x3 Non-Slip Soft Throw Rugs Blue/Gray, $19.22 ,1,6/4/2025
INV_321494,CUST_1306,Michael Morrison,PROD_a39a8d2b,Rinoa Indoor / Outdoor Rug, $196.99 ,1,6/4/2025
INV_223552,CUST_1002,Cristian Santos,PROD_7781fd4a,Oriental Indoor Rug, $228.76 ,1,6/4/2025
INV_927543,CUST_1031,Tammy Allison,PROD_68bfe17c,Adrihana Machine Woven Abstract Area Rug, $229.73 ,1,6/4/2025
INV_836720,CUST_1315,Kelly Combs,PROD_819dccdf,Paint Chip Blue Machine Washable Rug, $35.95 ,1,6/4/2025
INV_512064,CUST_1226,Heidi Owen,PROD_94b9189a,Enciso Machine Woven Stain Resistant Indoor/Outdoor Area Rug, $67.65 ,2,6/5/2025
INV_795578,CUST_1455,Martin Hughes,PROD_f03852cf,Lahjar Speckled Wool Blend Area Rug, $538.29 ,1,6/5/2025
INV_936726,CUST_1244,Kathleen Burton,PROD_b7d8e041,Jodhveer Area Rug Washable Rug Non-Slip Backing Indoor Rugs, $40.03 ,1,6/5/2025
INV_653429,CUST_1465,Sharon Beard,PROD_f6c97a80,Livdon Washable Medium Rug, $163.16 ,1,6/5/2025
INV_587853,CUST_1130,Yolanda Francis,PROD_179506f6,Warkentin Geometric Indoor Rug, $135.18 ,1,6/5/2025
INV_709303,CUST_1404,Cassidy Horne,PROD_07dd57f8,Nola Geometric Indoor / Outdoor Rug, $106.77 ,1,6/5/2025
INV_732063,CUST_1448,Fernando Lynn,PROD_f03852cf,Lahjar Speckled Wool Blend Area Rug, $509.51 ,5,6/5/2025
INV_488477,CUST_1429,Rachael Howard DDS,PROD_3b59c0ac,Seraphine Coastal Flatweave Navy Indoor /  Outdoor Area Rug, $70.25 ,1,6/5/2025
INV_823535,CUST_1326,Amanda Mcfarland,PROD_885c587d,"Paseo Gurseerit All-Weather Flatweave Indoor/Outdoor Area Rug, Brown Black", $93.28 ,1,6/6/2025
INV_642479,CUST_1226,Heidi Owen,PROD_28b95f59,Mendota Geometric Tan Indoor/Outdoor Area Rug, $143.04 ,1,6/6/2025
INV_530819,CUST_1188,Jesse Brown,PROD_7ef65a00,Jules Checkered Area Rug, $130.56 ,1,6/6/2025
INV_650779,CUST_1004,Gabrielle Davis,PROD_fd0cd8cf,Non-Slip Washable Stain Resistant Area Rug For Living Room Bedroom Dining Room, $97.12 ,1,6/7/2025
INV_395087,CUST_1421,Krista Davis,PROD_28b95f59,Mendota Geometric Tan Indoor/Outdoor Area Rug, $134.91 ,5,6/7/2025
INV_526369,CUST_1042,Shawn Baker,PROD_16a4bedb,Aitken Machine Woven Geometric Indoor and Outdoor Rug, $72.36 ,2,6/7/2025
INV_215795,CUST_1120,Thomas Romero,PROD_163bd914,Disney Mickey Mouse Tropical Sand Dollar Havana Brown/ Sand Flatweave Indoor/, $212.42 ,1,6/7/2025
INV_810859,CUST_1335,Linda Mueller,PROD_b59a3efe,Machine Washable Area Rugs for Entryway 2x3 Non-Slip Soft Throw Rugs Blue/Gray, $20.40 ,5,6/7/2025
INV_733152,CUST_1439,Eric Taylor,PROD_049d2289,Valis Faux Sheepskin Indoor Rug, $106.50 ,1,6/8/2025
INV_871939,CUST_1236,Stephen Jones,PROD_68bfe17c,Adrihana Machine Woven Abstract Area Rug, $231.19 ,2,6/8/2025
INV_426708,CUST_1059,Stephanie Gilbert,PROD_9d77c7b9,Rifle Paper Co. x Loloi Rosa Sky Area Rug, $110.43 ,1,6/9/2025
INV_115267,CUST_1102,Joseph Hayes,PROD_15009179,Maust Sunshine Rainbow Shag Rug, $109.13 ,1,6/9/2025
INV_419644,CUST_1331,Henry Pugh MD,PROD_15009179,Maust Sunshine Rainbow Shag Rug, $109.77 ,2,6/9/2025
INV_158777,CUST_1415,Samuel Howe,PROD_d02253d6,Lanett Oriental Blue/Gray Area Rug, $92.50 ,1,6/9/2025
INV_715551,CUST_1091,Jason Peters,PROD_b59a3efe,Machine Washable Area Rugs for Entryway 2x3 Non-Slip Soft Throw Rugs Blue/Gray, $20.91 ,1,6/9/2025
INV_628859,CUST_1067,Jessica Meadows,PROD_96a0055d,Loloi Botanical Ivory / Multi Area Rug, $32.01 ,1,6/9/2025
INV_170559,CUST_1214,Rachel Romero,PROD_03310af2,"Dylanton 7'8"" X 10' Area Rug", $457.80 ,1,6/9/2025
INV_975522,CUST_1002,Cristian Santos,PROD_15009179,Maust Sunshine Rainbow Shag Rug, $107.31 ,2,6/10/2025
INV_181644,CUST_1021,Kim Martinez,PROD_81ed29d6,Soft Washable Vintage Distressed Beige Area Rug with Non-Slip Backing, $135.44 ,1,6/10/2025
INV_166007,CUST_1377,Heather Brown,PROD_a0eaf6eb,Tomas Chevron Rug Dark Blue/Gray Indoor/Outdoor Area Rug, $90.07 ,5,6/11/2025
INV_548158,CUST_1488,Henry Garner,PROD_cb6ebe0a,Harjot Medium Rug, $164.18 ,1,6/11/2025
INV_735242,CUST_1188,Jesse Brown,PROD_b7d8e041,Jodhveer Area Rug Washable Rug Non-Slip Backing Indoor Rugs, $39.56 ,1,6/11/2025
INV_902784,CUST_1299,Donna Cabrera,PROD_3b59c0ac,Seraphine Coastal Flatweave Navy Indoor /  Outdoor Area Rug, $75.59 ,1,6/11/2025
INV_243910,CUST_1134,David Scott,PROD_96a0055d,Loloi Botanical Ivory / Multi Area Rug, $34.08 ,1,6/11/2025
INV_449709,CUST_1327,Michelle Sanders,PROD_86d6a4e7,"Eldonmore 7'8"" X 10' Area Rug", $668.53 ,1,6/11/2025
INV_778540,CUST_1114,Brandon King,PROD_ef361fba,"Radiant Oriental Multicolor Hand Knotted Wool Blue, Pink, Navy Traditional Area"," $3,543.85 ",2,6/12/2025
INV_307356,CUST_1469,William Ramos,PROD_fd0cd8cf,Non-Slip Washable Stain Resistant Area Rug For Living Room Bedroom Dining Room, $102.86 ,2,6/12/2025
INV_277193,CUST_1108,Tammy Gonzales,PROD_a372467d,Leosvel Faux Sheepskin Indoor Rug, $199.77 ,1,6/12/2025
INV_956113,CUST_1413,Jacqueline Villegas,PROD_b7d8e041,Jodhveer Area Rug Washable Rug Non-Slip Backing Indoor Rugs, $38.58 ,1,6/12/2025
INV_207241,CUST_1496,Michael Sims,PROD_aaf8a92a,Izola Oriental Indoor/Outdoor Area Rug, $179.18 ,1,6/12/2025
INV_815551,CUST_1266,Courtney Dudley,PROD_ffc555c6,"Azelhurst 7'8"" X 10' Area Rug", $656.13 ,1,6/12/2025
INV_981723,CUST_1059,Stephanie Gilbert,PROD_b7d8e041,Jodhveer Area Rug Washable Rug Non-Slip Backing Indoor Rugs, $38.61 ,1,6/13/2025
INV_935434,CUST_1000,Allison Hill,PROD_03533587,Hand Hooked Wool Oriental Indoor Rug, $49.81 ,1,6/13/2025
INV_721748,CUST_1018,Mark Lynch,PROD_819dccdf,Paint Chip Blue Machine Washable Rug, $35.97 ,1,6/13/2025
INV_356787,CUST_1327,Michelle Sanders,PROD_03533587,Hand Hooked Wool Oriental Indoor Rug, $51.20 ,1,6/13/2025
INV_868473,CUST_1331,Henry Pugh MD,PROD_af993edd,"Reversible Waterproof Plastic Straw Outdoor Area Rug for Patio, Camping", $54.47 ,1,6/13/2025
INV_769191,CUST_1102,Joseph Hayes,PROD_96a0055d,Loloi Botanical Ivory / Multi Area Rug, $32.02 ,1,6/14/2025
INV_681141,CUST_1208,Raven Taylor,PROD_96a0055d,Loloi Botanical Ivory / Multi Area Rug, $31.64 ,1,6/14/2025
INV_444136,CUST_1480,Jorge Bates,PROD_0a14d1b3,White Shag Novelty Faux Sheepskin Fur Fluffy Rug, $72.65 ,1,6/14/2025
INV_828221,CUST_1022,Lisa Brandt,PROD_20bbb110,Ainswick Memory Foam Large Rug, $545.66 ,1,6/14/2025
INV_409963,CUST_1071,John Brown,PROD_a372467d,Leosvel Faux Sheepskin Indoor Rug, $201.07 ,1,6/14/2025
INV_623285,CUST_1491,Brittany Gay,PROD_03533587,Hand Hooked Wool Oriental Indoor Rug, $51.17 ,1,6/14/2025
INV_780130,CUST_1496,Michael Sims,PROD_819dccdf,Paint Chip Blue Machine Washable Rug, $34.18 ,2,6/14/2025
INV_656405,CUST_1371,Renee Hudson,PROD_9d77c7b9,Rifle Paper Co. x Loloi Rosa Sky Area Rug, $111.79 ,1,6/14/2025
INV_474175,CUST_1429,Rachael Howard DDS,PROD_ba5eef5e,Gauna Power Loomed Geometric Indoor and Outdoor Rug, $82.95 ,1,6/15/2025
INV_947311,CUST_1320,Manuel King,PROD_96a0055d,Loloi Botanical Ivory / Multi Area Rug, $32.92 ,1,6/15/2025
INV_374516,CUST_1209,Luis Bullock,PROD_28b95f59,Mendota Geometric Tan Indoor/Outdoor Area Rug, $137.05 ,1,6/15/2025
INV_442360,CUST_1222,Kathleen Jimenez,PROD_7781fd4a,Oriental Indoor Rug, $219.28 ,1,6/15/2025
INV_270820,CUST_1046,Sandra Aguilar,PROD_af993edd,"Reversible Waterproof Plastic Straw Outdoor Area Rug for Patio, Camping", $55.35 ,1,6/15/2025
INV_221703,CUST_1090,Robert Peterson,PROD_ba5eef5e,Gauna Power Loomed Geometric Indoor and Outdoor Rug, $86.86 ,1,6/15/2025
INV_973390,CUST_1450,Jessica Valdez,PROD_db0bc388,Waikiki Blue Indoor/Outdoor Rug, $140.26 ,1,6/15/2025
INV_309044,CUST_1020,David Bradley,PROD_cd80d75a,Corrbell 5' X 7' Area Rug, $212.12 ,1,6/16/2025
INV_707021,CUST_1259,Veronica Silva,PROD_ffc555c6,"Azelhurst 7'8"" X 10' Area Rug", $690.94 ,1,6/16/2025
INV_547389,CUST_1202,Vincent Mueller,PROD_1ad08862,Scalloped Washable Rug Area Rugs for Living Room Modern Rugs Abstract Non-Slip, $75.10 ,1,6/16/2025
INV_705561,CUST_1436,Anthony Guzman,PROD_16a4bedb,Aitken Machine Woven Geometric Indoor and Outdoor Rug, $70.10 ,1,6/16/2025
INV_921609,CUST_1496,Michael Sims,PROD_b59a3efe,Machine Washable Area Rugs for Entryway 2x3 Non-Slip Soft Throw Rugs Blue/Gray, $20.26 ,1,6/16/2025
INV_574579,CUST_1385,Edwin Reyes,PROD_aaf8a92a,Izola Oriental Indoor/Outdoor Area Rug, $182.38 ,1,6/17/2025
INV_512842,CUST_1244,Kathleen Burton,PROD_aaf8a92a,Izola Oriental Indoor/Outdoor Area Rug, $185.04 ,1,6/17/2025
INV_433674,CUST_1494,Jeffrey Jordan,PROD_db0bc388,Waikiki Blue Indoor/Outdoor Rug, $140.38 ,1,6/17/2025
INV_497687,CUST_1332,Michelle Miller,PROD_cd80d75a,Corrbell 5' X 7' Area Rug, $194.74 ,1,6/17/2025
INV_115743,CUST_1098,Beth Oneill,PROD_89c6f605,Washable Oriental  Area Rugs Non slip Green Rugs, $19.81 ,1,6/17/2025
INV_871041,CUST_1126,Evelyn Garcia,PROD_1b747b15,"Bachby 5'3"" X 7' Area Rug", $155.18 ,1,6/18/2025
INV_724702,CUST_1000,Allison Hill,PROD_a372467d,Leosvel Faux Sheepskin Indoor Rug, $207.55 ,2,6/18/2025
INV_804667,CUST_1051,Courtney Velasquez,PROD_86d6a4e7,"Eldonmore 7'8"" X 10' Area Rug", $696.24 ,2,6/18/2025
INV_867934,CUST_1403,Jordan Williams,PROD_d02253d6,Lanett Oriental Blue/Gray Area Rug, $97.76 ,1,6/18/2025
INV_347459,CUST_1400,Patricia Johnson,PROD_d02253d6,Lanett Oriental Blue/Gray Area Rug, $93.36 ,1,6/18/2025
INV_988869,CUST_1498,Joseph Warren,PROD_a39a8d2b,Rinoa Indoor / Outdoor Rug, $200.50 ,2,6/18/2025
INV_423896,CUST_1410,Makayla Steele,PROD_3b59c0ac,Seraphine Coastal Flatweave Navy Indoor /  Outdoor Area Rug, $73.71 ,2,6/18/2025
INV_513474,CUST_1393,Austin Baker,PROD_7cb7c01e,Achilles Cream/Gray Rug, $119.10 ,2,6/18/2025
INV_516278,CUST_1213,Jason Beck,PROD_289ed9b0,Ankita Bordered Jute Area Rug, $342.20 ,2,6/19/2025
INV_346174,CUST_1249,Michelle Lee,PROD_aaf8a92a,Izola Oriental Indoor/Outdoor Area Rug, $187.16 ,5,6/19/2025
INV_312861,CUST_1298,Andrew Gonzales,PROD_a0eaf6eb,Tomas Chevron Rug Dark Blue/Gray Indoor/Outdoor Area Rug, $89.30 ,1,6/19/2025
INV_718849,CUST_1077,David Murphy,PROD_1ad08862,Scalloped Washable Rug Area Rugs for Living Room Modern Rugs Abstract Non-Slip, $73.15 ,2,6/19/2025
INV_838247,CUST_1495,Curtis Watson,PROD_0f472890,Oriental Vintage Machine Washable Non-Slip Dark Green Indoor Area Rug, $127.14 ,1,6/19/2025
INV_134007,CUST_1334,Brandon Jordan,PROD_f6c97a80,Livdon Washable Medium Rug, $152.39 ,1,6/19/2025
INV_476993,CUST_1214,Rachel Romero,PROD_aaf8a92a,Izola Oriental Indoor/Outdoor Area Rug, $190.37 ,1,6/19/2025
INV_271499,CUST_1117,Michael Martinez,PROD_289ed9b0,Ankita Bordered Jute Area Rug, $325.02 ,1,6/19/2025
INV_612643,CUST_1473,Danielle Bryant,PROD_fd0cd8cf,Non-Slip Washable Stain Resistant Area Rug For Living Room Bedroom Dining Room, $100.30 ,1,6/19/2025
INV_573546,CUST_1328,Jasmine Mosley,PROD_7781fd4a,Oriental Indoor Rug, $227.46 ,2,6/20/2025
INV_520106,CUST_1040,Sherry Wood,PROD_86d6a4e7,"Eldonmore 7'8"" X 10' Area Rug", $715.70 ,1,6/20/2025
INV_283568,CUST_1378,Frank Campbell MD,PROD_a372467d,Leosvel Faux Sheepskin Indoor Rug, $206.17 ,2,6/20/2025
INV_438302,CUST_1479,Judy Robinson,PROD_28b95f59,Mendota Geometric Tan Indoor/Outdoor Area Rug, $135.14 ,1,6/21/2025
INV_316247,CUST_1160,Judith Maynard,PROD_03533587,Hand Hooked Wool Oriental Indoor Rug, $48.13 ,1,6/21/2025
INV_439813,CUST_1451,Colton Terry,PROD_f03852cf,Lahjar Speckled Wool Blend Area Rug, $544.98 ,2,6/21/2025
INV_535047,CUST_1329,Haley Davis,PROD_cd80d75a,Corrbell 5' X 7' Area Rug, $203.41 ,1,6/21/2025
INV_243693,CUST_1205,Phillip Nelson,PROD_7cb7c01e,Achilles Cream/Gray Rug, $114.53 ,1,6/21/2025
INV_677723,CUST_1374,Sandra Juarez,PROD_cb6ebe0a,Harjot Medium Rug, $154.22 ,5,6/21/2025
INV_929478,CUST_1124,Reginald Williams,PROD_3a8f5324,"Lisgrove 7'8"" X 10' Area Rug", $635.79 ,1,6/21/2025
INV_869105,CUST_1213,Jason Beck,PROD_f03852cf,Lahjar Speckled Wool Blend Area Rug, $545.54 ,1,6/21/2025
INV_320281,CUST_1157,Richard Young,PROD_0f472890,Oriental Vintage Machine Washable Non-Slip Dark Green Indoor Area Rug, $135.18 ,1,6/21/2025
INV_816308,CUST_1098,Beth Oneill,PROD_9d77c7b9,Rifle Paper Co. x Loloi Rosa Sky Area Rug, $109.81 ,1,6/22/2025
INV_134385,CUST_1387,Tamara Jensen,PROD_81ed29d6,Soft Washable Vintage Distressed Beige Area Rug with Non-Slip Backing, $131.86 ,1,6/22/2025
INV_643042,CUST_1189,Julie Spencer,PROD_89c6f605,Washable Oriental  Area Rugs Non slip Green Rugs, $20.33 ,1,6/22/2025
INV_676276,CUST_1081,Jacob Obrien,PROD_ffc555c6,"Azelhurst 7'8"" X 10' Area Rug", $686.39 ,1,6/22/2025
INV_949153,CUST_1297,Austin Wheeler,PROD_16a4bedb,Aitken Machine Woven Geometric Indoor and Outdoor Rug, $70.63 ,1,6/22/2025
INV_825916,CUST_1458,Joseph Camacho,PROD_7ef65a00,Jules Checkered Area Rug, $131.34 ,1,6/22/2025
INV_562806,CUST_1277,Todd Rosales MD,PROD_cd80d75a,Corrbell 5' X 7' Area Rug, $208.27 ,1,6/22/2025
INV_321960,CUST_1172,Kylie Morales,PROD_a372467d,Leosvel Faux Sheepskin Indoor Rug, $196.12 ,1,6/22/2025
INV_776364,CUST_1331,Henry Pugh MD,PROD_03310af2,"Dylanton 7'8"" X 10' Area Rug", $472.96 ,1,6/23/2025
INV_451475,CUST_1281,Paul Finley,PROD_94b9189a,Enciso Machine Woven Stain Resistant Indoor/Outdoor Area Rug, $66.73 ,1,6/23/2025
INV_800015,CUST_1060,Richard Lawson,PROD_049d2289,Valis Faux Sheepskin Indoor Rug, $99.48 ,1,6/23/2025
INV_790909,CUST_1113,Shannon Rivera,PROD_03310af2,"Dylanton 7'8"" X 10' Area Rug", $480.67 ,1,6/23/2025
INV_783176,CUST_1228,Amanda Hernandez,PROD_1ad08862,Scalloped Washable Rug Area Rugs for Living Room Modern Rugs Abstract Non-Slip, $74.44 ,1,6/23/2025
INV_236078,CUST_1337,Derrick Adams,PROD_fd0cd8cf,Non-Slip Washable Stain Resistant Area Rug For Living Room Bedroom Dining Room, $101.27 ,1,6/23/2025
INV_419149,CUST_1059,Stephanie Gilbert,PROD_9d77c7b9,Rifle Paper Co. x Loloi Rosa Sky Area Rug, $115.60 ,1,6/24/2025
INV_158845,CUST_1462,Deanna Bartlett,PROD_ef361fba,"Radiant Oriental Multicolor Hand Knotted Wool Blue, Pink, Navy Traditional Area"," $3,340.28 ",1,6/24/2025
INV_629050,CUST_1306,Michael Morrison,PROD_7781fd4a,Oriental Indoor Rug, $215.76 ,1,6/24/2025
INV_684080,CUST_1174,Sophia Moore,PROD_f6c97a80,Livdon Washable Medium Rug, $162.26 ,1,6/24/2025
INV_451801,CUST_1428,James Barnes,PROD_885c587d,"Paseo Gurseerit All-Weather Flatweave Indoor/Outdoor Area Rug, Brown Black", $92.85 ,1,6/24/2025
INV_838594,CUST_1093,Kara Schmidt,PROD_a6ea231c,Ava-Mary Striped Indoor / Outdoor Rug, $141.82 ,1,6/24/2025
INV_404955,CUST_1085,Matthew Smith,PROD_fd0cd8cf,Non-Slip Washable Stain Resistant Area Rug For Living Room Bedroom Dining Room, $96.01 ,1,6/24/2025
INV_616342,CUST_1359,Harold Ellis,PROD_96a0055d,Loloi Botanical Ivory / Multi Area Rug, $34.30 ,1,6/24/2025
INV_564620,CUST_1173,Cindy Barnes,PROD_aaf8a92a,Izola Oriental Indoor/Outdoor Area Rug, $193.46 ,1,6/24/2025
INV_978146,CUST_1387,Tamara Jensen,PROD_9360ae59,Botanical Modern Machine Washable Floral Indoor Oriental Performance Area Rug, $121.98 ,1,6/24/2025
INV_537020,CUST_1428,James Barnes,PROD_ef361fba,"Radiant Oriental Multicolor Hand Knotted Wool Blue, Pink, Navy Traditional Area"," $3,464.50 ",1,6/25/2025
INV_785315,CUST_1024,Crystal Robinson,PROD_86d6a4e7,"Eldonmore 7'8"" X 10' Area Rug", $711.33 ,1,6/25/2025
INV_230809,CUST_1181,Brian Smith,PROD_03533587,Hand Hooked Wool Oriental Indoor Rug, $51.27 ,1,6/25/2025
INV_157738,CUST_1419,Amanda Huff,PROD_885c587d,"Paseo Gurseerit All-Weather Flatweave Indoor/Outdoor Area Rug, Brown Black", $89.09 ,2,6/26/2025
INV_960607,CUST_1088,Samuel Rivas,PROD_ffc555c6,"Azelhurst 7'8"" X 10' Area Rug", $697.10 ,1,6/26/2025
INV_375311,CUST_1292,Randy Cannon,PROD_1b747b15,"Bachby 5'3"" X 7' Area Rug", $160.76 ,1,6/26/2025
INV_881369,CUST_1442,Patricia Bradley,PROD_0a14d1b3,White Shag Novelty Faux Sheepskin Fur Fluffy Rug, $75.99 ,2,6/26/2025
INV_283188,CUST_1135,Brooke Alexander,PROD_20bbb110,Ainswick Memory Foam Large Rug, $547.18 ,2,6/26/2025
INV_424553,CUST_1091,Jason Peters,PROD_7781fd4a,Oriental Indoor Rug, $225.16 ,1,6/27/2025
INV_778748,CUST_1347,Robin Wheeler,PROD_86d6a4e7,"Eldonmore 7'8"" X 10' Area Rug", $720.24 ,1,6/27/2025
INV_328367,CUST_1101,David Grant,PROD_0f472890,Oriental Vintage Machine Washable Non-Slip Dark Green Indoor Area Rug, $134.72 ,1,6/27/2025
INV_518114,CUST_1419,Amanda Huff,PROD_03533587,Hand Hooked Wool Oriental Indoor Rug, $48.33 ,1,6/27/2025
INV_891083,CUST_1305,Tammy Boone,PROD_15009179,Maust Sunshine Rainbow Shag Rug, $106.20 ,1,6/27/2025
INV_729575,CUST_1444,Mrs. Stacey Davis,PROD_a372467d,Leosvel Faux Sheepskin Indoor Rug, $207.26 ,1,6/27/2025
INV_479353,CUST_1236,Stephen Jones,PROD_9360ae59,Botanical Modern Machine Washable Floral Indoor Oriental Performance Area Rug, $113.34 ,1,6/28/2025
INV_950544,CUST_1322,Shannon Malone,PROD_0a14d1b3,White Shag Novelty Faux Sheepskin Fur Fluffy Rug, $70.45 ,2,6/28/2025
INV_157217,CUST_1325,Karen Williams,PROD_d02253d6,Lanett Oriental Blue/Gray Area Rug, $93.97 ,1,6/28/2025
INV_675512,CUST_1409,Dr. Morgan Payne PhD,PROD_db0bc388,Waikiki Blue Indoor/Outdoor Rug, $150.08 ,1,6/28/2025
INV_249149,CUST_1150,Kimberly Matthews,PROD_03310af2,"Dylanton 7'8"" X 10' Area Rug", $478.92 ,5,6/28/2025
INV_892182,CUST_1375,Jason Hayes,PROD_f6c97a80,Livdon Washable Medium Rug, $160.24 ,1,6/28/2025
INV_711922,CUST_1060,Richard Lawson,PROD_cb6ebe0a,Harjot Medium Rug, $165.85 ,1,6/28/2025
INV_548377,CUST_1251,Amber Campbell,PROD_28b95f59,Mendota Geometric Tan Indoor/Outdoor Area Rug, $138.04 ,1,6/28/2025
INV_647098,CUST_1295,Kimberly Patel,PROD_cd80d75a,Corrbell 5' X 7' Area Rug, $212.27 ,1,6/28/2025
INV_543732,CUST_1295,Kimberly Patel,PROD_9d77c7b9,Rifle Paper Co. x Loloi Rosa Sky Area Rug, $110.94 ,2,6/28/2025
INV_304899,CUST_1259,Veronica Silva,PROD_16a4bedb,Aitken Machine Woven Geometric Indoor and Outdoor Rug, $70.44 ,1,6/28/2025
INV_510954,CUST_1054,Victoria Johnson,PROD_94b9189a,Enciso Machine Woven Stain Resistant Indoor/Outdoor Area Rug, $62.30 ,1,6/28/2025
INV_622332,CUST_1050,Sharon Cochran,PROD_1b747b15,"Bachby 5'3"" X 7' Area Rug", $165.27 ,1,6/28/2025
INV_844056,CUST_1385,Edwin Reyes,PROD_3a8f5324,"Lisgrove 7'8"" X 10' Area Rug", $683.08 ,1,6/28/2025
INV_596894,CUST_1347,Robin Wheeler,PROD_ba5eef5e,Gauna Power Loomed Geometric Indoor and Outdoor Rug, $83.48 ,1,6/29/2025
INV_694423,CUST_1261,Patricia James,PROD_0f472890,Oriental Vintage Machine Washable Non-Slip Dark Green Indoor Area Rug, $129.98 ,1,6/29/2025
INV_618721,CUST_1080,Cynthia Wells,PROD_7cb7c01e,Achilles Cream/Gray Rug, $118.69 ,1,6/29/2025
INV_807424,CUST_1317,Mark Peck,PROD_61bd4c69,Area Rug Machine Washable Rugs with Rubber Backing for Living Room, $20.02 ,5,6/29/2025
INV_413884,CUST_1211,Riley Bryant,PROD_1b747b15,"Bachby 5'3"" X 7' Area Rug", $165.35 ,1,6/29/2025
INV_330069,CUST_1417,Christopher Owens,PROD_1b747b15,"Bachby 5'3"" X 7' Area Rug", $164.21 ,5,6/29/2025
INV_329437,CUST_1019,Linda Burns,PROD_15009179,Maust Sunshine Rainbow Shag Rug, $107.05 ,1,6/29/2025
INV_594596,CUST_1398,Mary Thompson,PROD_68bfe17c,Adrihana Machine Woven Abstract Area Rug, $232.97 ,1,6/30/2025
INV_536740,CUST_1412,Valerie Thomas,PROD_20bbb110,Ainswick Memory Foam Large Rug, $573.55 ,1,6/30/2025
INV_805448,CUST_1233,Victoria Contreras,PROD_db0bc388,Waikiki Blue Indoor/Outdoor Rug, $145.84 ,1,6/30/2025
INV_583439,CUST_1083,Michael Burton,PROD_3a8f5324,"Lisgrove 7'8"" X 10' Area Rug", $636.64 ,1,6/30/2025
INV_184002,CUST_1271,David Garcia,PROD_ba5eef5e,Gauna Power Loomed Geometric Indoor and Outdoor Rug, $91.00 ,1,6/30/2025
INV_768480,CUST_1140,Patricia Becker,PROD_ffc555c6,"Azelhurst 7'8"" X 10' Area Rug", $641.52 ,1,6/30/2025
INV_865175,CUST_1107,Derek Thomas,PROD_03310af2,"Dylanton 7'8"" X 10' Area Rug", $451.63 ,2,6/30/2025
INV_249289,CUST_1214,Rachel Romero,PROD_1ad08862,Scalloped Washable Rug Area Rugs for Living Room Modern Rugs Abstract Non-Slip, $79.58 ,1,7/1/2025
INV_441092,CUST_1347,Robin Wheeler,PROD_ba5eef5e,Gauna Power Loomed Geometric Indoor and Outdoor Rug, $87.99 ,1,7/1/2025
INV_948485,CUST_1095,Tiffany Vaughn,PROD_819dccdf,Paint Chip Blue Machine Washable Rug, $36.08 ,1,7/1/2025
INV_216506,CUST_1354,Christopher Moore,PROD_db0bc388,Waikiki Blue Indoor/Outdoor Rug, $141.81 ,1,7/1/2025
INV_261395,CUST_1320,Manuel King,PROD_a39a8d2b,Rinoa Indoor / Outdoor Rug, $200.06 ,1,7/1/2025
INV_102260,CUST_1442,Patricia Bradley,PROD_a6ea231c,Ava-Mary Striped Indoor / Outdoor Rug, $143.03 ,1,7/1/2025
INV_535810,CUST_1037,Kevin Mills,PROD_3b59c0ac,Seraphine Coastal Flatweave Navy Indoor /  Outdoor Area Rug, $70.49 ,1,7/1/2025
INV_658136,CUST_1105,Doris Hall,PROD_885c587d,"Paseo Gurseerit All-Weather Flatweave Indoor/Outdoor Area Rug, Brown Black", $92.63 ,2,7/1/2025
INV_715104,CUST_1432,Joseph Moody,PROD_b59a3efe,Machine Washable Area Rugs for Entryway 2x3 Non-Slip Soft Throw Rugs Blue/Gray, $19.03 ,2,7/1/2025
INV_787757,CUST_1402,Carol Moore,PROD_9360ae59,Botanical Modern Machine Washable Floral Indoor Oriental Performance Area Rug, $122.75 ,1,7/1/2025
INV_643878,CUST_1313,Kelly Sanchez,PROD_cb6ebe0a,Harjot Medium Rug, $163.28 ,2,7/2/2025
INV_147310,CUST_1145,Richard Smith,PROD_b59a3efe,Machine Washable Area Rugs for Entryway 2x3 Non-Slip Soft Throw Rugs Blue/Gray, $19.05 ,1,7/2/2025
INV_830302,CUST_1137,Ian Phillips,PROD_db0bc388,Waikiki Blue Indoor/Outdoor Rug, $139.93 ,2,7/2/2025
INV_950360,CUST_1256,Andrew Reeves,PROD_28b95f59,Mendota Geometric Tan Indoor/Outdoor Area Rug, $139.30 ,2,7/2/2025
INV_333086,CUST_1062,Frances Cardenas,PROD_163bd914,Disney Mickey Mouse Tropical Sand Dollar Havana Brown/ Sand Flatweave Indoor/, $215.74 ,1,7/2/2025
INV_675547,CUST_1436,Anthony Guzman,PROD_af993edd,"Reversible Waterproof Plastic Straw Outdoor Area Rug for Patio, Camping", $55.26 ,1,7/2/2025
INV_915809,CUST_1058,Erika Terry,PROD_1b747b15,"Bachby 5'3"" X 7' Area Rug", $159.61 ,1,7/3/2025
INV_579911,CUST_1415,Samuel Howe,PROD_9d77c7b9,Rifle Paper Co. x Loloi Rosa Sky Area Rug, $113.05 ,1,7/3/2025
INV_488848,CUST_1222,Kathleen Jimenez,PROD_15009179,Maust Sunshine Rainbow Shag Rug, $107.38 ,1,7/3/2025
INV_675074,CUST_1052,Matthew Ross,PROD_96a0055d,Loloi Botanical Ivory / Multi Area Rug, $34.43 ,1,7/3/2025
INV_495323,CUST_1392,Ryan Fisher,PROD_86d6a4e7,"Eldonmore 7'8"" X 10' Area Rug", $710.07 ,1,7/4/2025
INV_394083,CUST_1469,William Ramos,PROD_f6c97a80,Livdon Washable Medium Rug, $165.41 ,2,7/4/2025
INV_308757,CUST_1379,Pamela Williams,PROD_ba5eef5e,Gauna Power Loomed Geometric Indoor and Outdoor Rug, $85.80 ,1,7/4/2025
INV_670511,CUST_1268,Jennifer Reed,PROD_0f472890,Oriental Vintage Machine Washable Non-Slip Dark Green Indoor Area Rug, $135.88 ,1,7/5/2025
INV_911152,CUST_1286,Angela Griffin,PROD_7781fd4a,Oriental Indoor Rug, $228.37 ,1,7/5/2025
INV_683390,CUST_1132,James Thomas,PROD_b59a3efe,Machine Washable Area Rugs for Entryway 2x3 Non-Slip Soft Throw Rugs Blue/Gray, $19.16 ,1,7/5/2025
INV_631302,CUST_1144,Brenda Levy,PROD_049d2289,Valis Faux Sheepskin Indoor Rug, $101.99 ,5,7/5/2025
INV_783414,CUST_1114,Brandon King,PROD_a0eaf6eb,Tomas Chevron Rug Dark Blue/Gray Indoor/Outdoor Area Rug, $94.58 ,2,7/6/2025
INV_154638,CUST_1445,Hayley Buchanan,PROD_1ad08862,Scalloped Washable Rug Area Rugs for Living Room Modern Rugs Abstract Non-Slip, $79.44 ,1,7/6/2025
INV_514507,CUST_1273,Matthew Velez,PROD_db0bc388,Waikiki Blue Indoor/Outdoor Rug, $142.10 ,1,7/6/2025
INV_504186,CUST_1305,Tammy Boone,PROD_3a8f5324,"Lisgrove 7'8"" X 10' Area Rug", $642.16 ,1,7/6/2025
INV_316509,CUST_1244,Kathleen Burton,PROD_1b747b15,"Bachby 5'3"" X 7' Area Rug", $158.21 ,1,7/6/2025
INV_808011,CUST_1435,Sara Cochran,PROD_289ed9b0,Ankita Bordered Jute Area Rug, $329.09 ,2,7/6/2025
INV_487477,CUST_1477,Matthew Palmer,PROD_f6c97a80,Livdon Washable Medium Rug, $163.98 ,1,7/6/2025
INV_140712,CUST_1328,Jasmine Mosley,PROD_3a8f5324,"Lisgrove 7'8"" X 10' Area Rug", $653.97 ,2,7/7/2025
INV_377405,CUST_1440,Marie Thompson,PROD_20bbb110,Ainswick Memory Foam Large Rug, $580.67 ,1,7/7/2025
INV_878086,CUST_1342,Douglas Hartman,PROD_f6c97a80,Livdon Washable Medium Rug, $156.36 ,1,7/7/2025
INV_672549,CUST_1050,Sharon Cochran,PROD_03533587,Hand Hooked Wool Oriental Indoor Rug, $49.29 ,1,7/7/2025
INV_303993,CUST_1297,Austin Wheeler,PROD_03310af2,"Dylanton 7'8"" X 10' Area Rug", $468.68 ,1,7/7/2025
INV_135035,CUST_1083,Michael Burton,PROD_d02253d6,Lanett Oriental Blue/Gray Area Rug, $99.89 ,1,7/8/2025
INV_170813,CUST_1390,Katrina Adkins,PROD_cb6ebe0a,Harjot Medium Rug, $152.26 ,1,7/8/2025
INV_760356,CUST_1243,Travis Wise,PROD_03310af2,"Dylanton 7'8"" X 10' Area Rug", $467.89 ,2,7/8/2025
INV_726979,CUST_1216,Ashley Perkins,PROD_94b9189a,Enciso Machine Woven Stain Resistant Indoor/Outdoor Area Rug, $64.66 ,1,7/8/2025
INV_898696,CUST_1308,Autumn Key,PROD_f03852cf,Lahjar Speckled Wool Blend Area Rug, $503.77 ,1,7/8/2025
INV_432427,CUST_1209,Luis Bullock,PROD_db0bc388,Waikiki Blue Indoor/Outdoor Rug, $139.56 ,1,7/8/2025
INV_990856,CUST_1039,Kristine Garcia,PROD_a372467d,Leosvel Faux Sheepskin Indoor Rug, $205.75 ,1,7/9/2025
INV_206210,CUST_1399,Gregory Holmes PhD,PROD_7cb7c01e,Achilles Cream/Gray Rug, $122.67 ,1,7/9/2025
INV_389809,CUST_1239,Amy Martinez,PROD_179506f6,Warkentin Geometric Indoor Rug, $131.79 ,5,7/9/2025
INV_377896,CUST_1496,Michael Sims,PROD_28b95f59,Mendota Geometric Tan Indoor/Outdoor Area Rug, $139.56 ,1,7/9/2025
INV_219565,CUST_1170,Renee Bruce,PROD_ba5eef5e,Gauna Power Loomed Geometric Indoor and Outdoor Rug, $87.08 ,1,7/10/2025
INV_622307,CUST_1092,Alan Phillips,PROD_9360ae59,Botanical Modern Machine Washable Floral Indoor Oriental Performance Area Rug, $114.02 ,1,7/10/2025
INV_644719,CUST_1036,Cynthia Wilson,PROD_b7d8e041,Jodhveer Area Rug Washable Rug Non-Slip Backing Indoor Rugs, $40.72 ,1,7/10/2025
INV_607778,CUST_1401,Laura Jones,PROD_03533587,Hand Hooked Wool Oriental Indoor Rug, $47.58 ,1,7/10/2025
INV_655178,CUST_1190,Larry Mason,PROD_d02253d6,Lanett Oriental Blue/Gray Area Rug, $97.71 ,5,7/10/2025
INV_313068,CUST_1042,Shawn Baker,PROD_b7d8e041,Jodhveer Area Rug Washable Rug Non-Slip Backing Indoor Rugs, $39.03 ,2,7/11/2025
INV_338804,CUST_1279,Margaret Sullivan,PROD_a0eaf6eb,Tomas Chevron Rug Dark Blue/Gray Indoor/Outdoor Area Rug, $94.62 ,5,7/11/2025
INV_892453,CUST_1414,Angela Bradley,PROD_aaf8a92a,Izola Oriental Indoor/Outdoor Area Rug, $193.75 ,1,7/11/2025
INV_866816,CUST_1246,Mr. Lawrence Edwards,PROD_3b59c0ac,Seraphine Coastal Flatweave Navy Indoor /  Outdoor Area Rug, $70.38 ,5,7/11/2025
INV_908348,CUST_1295,Kimberly Patel,PROD_94b9189a,Enciso Machine Woven Stain Resistant Indoor/Outdoor Area Rug, $66.81 ,1,7/11/2025
INV_940183,CUST_1206,Stacey Arias,PROD_07dd57f8,Nola Geometric Indoor / Outdoor Rug, $101.57 ,1,7/11/2025
INV_339303,CUST_1464,Ashley Hernandez,PROD_fd0cd8cf,Non-Slip Washable Stain Resistant Area Rug For Living Room Bedroom Dining Room, $94.68 ,1,7/11/2025
INV_525750,CUST_1407,John Campbell,PROD_a6ea231c,Ava-Mary Striped Indoor / Outdoor Rug, $146.11 ,1,7/11/2025
INV_501126,CUST_1087,Robert Medina,PROD_289ed9b0,Ankita Bordered Jute Area Rug, $329.56 ,1,7/11/2025
INV_765905,CUST_1458,Joseph Camacho,PROD_af993edd,"Reversible Waterproof Plastic Straw Outdoor Area Rug for Patio, Camping", $54.59 ,1,7/11/2025
INV_351696,CUST_1046,Sandra Aguilar,PROD_ffc555c6,"Azelhurst 7'8"" X 10' Area Rug", $641.63 ,1,7/11/2025
INV_900088,CUST_1107,Derek Thomas,PROD_9d77c7b9,Rifle Paper Co. x Loloi Rosa Sky Area Rug, $109.83 ,1,7/11/2025
INV_516332,CUST_1358,Katherine Church,PROD_1b747b15,"Bachby 5'3"" X 7' Area Rug", $155.36 ,1,7/11/2025
INV_999908,CUST_1153,Samantha Davis,PROD_0a14d1b3,White Shag Novelty Faux Sheepskin Fur Fluffy Rug, $74.11 ,1,7/12/2025
INV_772612,CUST_1021,Kim Martinez,PROD_ef361fba,"Radiant Oriental Multicolor Hand Knotted Wool Blue, Pink, Navy Traditional Area"," $3,245.45 ",2,7/12/2025
INV_117058,CUST_1130,Yolanda Francis,PROD_3a8f5324,"Lisgrove 7'8"" X 10' Area Rug", $677.72 ,1,7/12/2025
INV_297995,CUST_1361,Charles Price,PROD_3a8f5324,"Lisgrove 7'8"" X 10' Area Rug", $661.21 ,1,7/12/2025
INV_288128,CUST_1008,Daniel Adams,PROD_1ad08862,Scalloped Washable Rug Area Rugs for Living Room Modern Rugs Abstract Non-Slip, $72.24 ,1,7/12/2025
INV_897392,CUST_1436,Anthony Guzman,PROD_61bd4c69,Area Rug Machine Washable Rugs with Rubber Backing for Living Room, $20.67 ,1,7/12/2025
INV_342495,CUST_1457,Rhonda Gutierrez,PROD_aaf8a92a,Izola Oriental Indoor/Outdoor Area Rug, $178.30 ,1,7/12/2025
INV_934541,CUST_1250,Kathleen Davis,PROD_ba5eef5e,Gauna Power Loomed Geometric Indoor and Outdoor Rug, $87.56 ,1,7/13/2025
INV_221343,CUST_1369,Scott Miller,PROD_f03852cf,Lahjar Speckled Wool Blend Area Rug, $511.05 ,1,7/13/2025
INV_554987,CUST_1359,Harold Ellis,PROD_ba5eef5e,Gauna Power Loomed Geometric Indoor and Outdoor Rug, $86.99 ,1,7/13/2025
INV_955662,CUST_1484,Jason Price,PROD_15009179,Maust Sunshine Rainbow Shag Rug, $112.54 ,1,7/14/2025
INV_157187,CUST_1387,Tamara Jensen,PROD_a372467d,Leosvel Faux Sheepskin Indoor Rug, $190.32 ,1,7/14/2025
INV_502744,CUST_1324,Shannon Davis,PROD_0f472890,Oriental Vintage Machine Washable Non-Slip Dark Green Indoor Area Rug, $130.30 ,1,7/14/2025
INV_629979,CUST_1234,Michelle Ho,PROD_1b747b15,"Bachby 5'3"" X 7' Area Rug", $161.28 ,2,7/14/2025
INV_730193,CUST_1141,Richard Johnson,PROD_a0eaf6eb,Tomas Chevron Rug Dark Blue/Gray Indoor/Outdoor Area Rug, $89.67 ,2,7/14/2025
INV_947438,CUST_1341,Ernest Oconnell,PROD_96a0055d,Loloi Botanical Ivory / Multi Area Rug, $33.54 ,1,7/14/2025
INV_371393,CUST_1480,Jorge Bates,PROD_a0eaf6eb,Tomas Chevron Rug Dark Blue/Gray Indoor/Outdoor Area Rug, $92.75 ,1,7/14/2025
INV_521161,CUST_1483,Rebekah Greene,PROD_fd0cd8cf,Non-Slip Washable Stain Resistant Area Rug For Living Room Bedroom Dining Room, $96.41 ,2,7/14/2025
INV_630734,CUST_1385,Edwin Reyes,PROD_f03852cf,Lahjar Speckled Wool Blend Area Rug, $544.95 ,1,7/14/2025
INV_224205,CUST_1288,Daniel Aguilar,PROD_b7d8e041,Jodhveer Area Rug Washable Rug Non-Slip Backing Indoor Rugs, $40.92 ,2,7/14/2025
INV_148381,CUST_1434,Suzanne Johnson,PROD_86d6a4e7,"Eldonmore 7'8"" X 10' Area Rug", $688.32 ,1,7/15/2025
INV_822106,CUST_1322,Shannon Malone,PROD_7ef65a00,Jules Checkered Area Rug, $134.77 ,1,7/15/2025
INV_287497,CUST_1096,Paige Carlson,PROD_20bbb110,Ainswick Memory Foam Large Rug, $546.06 ,1,7/15/2025
INV_992810,CUST_1334,Brandon Jordan,PROD_ba5eef5e,Gauna Power Loomed Geometric Indoor and Outdoor Rug, $87.53 ,1,7/15/2025
INV_286638,CUST_1169,John Boone,PROD_f03852cf,Lahjar Speckled Wool Blend Area Rug, $497.80 ,1,7/15/2025
INV_246814,CUST_1440,Marie Thompson,PROD_885c587d,"Paseo Gurseerit All-Weather Flatweave Indoor/Outdoor Area Rug, Brown Black", $95.64 ,1,7/15/2025
INV_761297,CUST_1267,Justin Michael,PROD_03310af2,"Dylanton 7'8"" X 10' Area Rug", $458.02 ,2,7/16/2025
INV_957939,CUST_1343,Catherine Saunders MD,PROD_179506f6,Warkentin Geometric Indoor Rug, $133.60 ,1,7/16/2025
INV_318337,CUST_1443,Keith Zuniga,PROD_a6ea231c,Ava-Mary Striped Indoor / Outdoor Rug, $140.89 ,1,7/16/2025
INV_527060,CUST_1093,Kara Schmidt,PROD_049d2289,Valis Faux Sheepskin Indoor Rug, $100.39 ,5,7/16/2025
INV_568784,CUST_1293,Susan Bennett,PROD_d02253d6,Lanett Oriental Blue/Gray Area Rug, $100.45 ,2,7/16/2025
INV_700426,CUST_1385,Edwin Reyes,PROD_a372467d,Leosvel Faux Sheepskin Indoor Rug, $190.25 ,2,7/16/2025
INV_483551,CUST_1276,Tanya Rogers,PROD_89c6f605,Washable Oriental  Area Rugs Non slip Green Rugs, $19.87 ,1,7/16/2025
INV_769836,CUST_1387,Tamara Jensen,PROD_94b9189a,Enciso Machine Woven Stain Resistant Indoor/Outdoor Area Rug, $61.78 ,1,7/16/2025
INV_755608,CUST_1183,Eric Morgan,PROD_819dccdf,Paint Chip Blue Machine Washable Rug, $36.31 ,2,7/17/2025
INV_617555,CUST_1004,Gabrielle Davis,PROD_89c6f605,Washable Oriental  Area Rugs Non slip Green Rugs, $19.29 ,1,7/17/2025
INV_528184,CUST_1325,Karen Williams,PROD_1ad08862,Scalloped Washable Rug Area Rugs for Living Room Modern Rugs Abstract Non-Slip, $75.76 ,1,7/17/2025
INV_772875,CUST_1485,Micheal Parks,PROD_20bbb110,Ainswick Memory Foam Large Rug, $579.27 ,2,7/17/2025
INV_819380,CUST_1436,Anthony Guzman,PROD_03533587,Hand Hooked Wool Oriental Indoor Rug, $48.28 ,1,7/17/2025
INV_332823,CUST_1425,Jessica Ramsey,PROD_81ed29d6,Soft Washable Vintage Distressed Beige Area Rug with Non-Slip Backing, $142.06 ,1,7/17/2025
INV_423241,CUST_1184,Jordan Bullock,PROD_96a0055d,Loloi Botanical Ivory / Multi Area Rug, $31.36 ,1,7/17/2025
INV_578472,CUST_1020,David Bradley,PROD_1b747b15,"Bachby 5'3"" X 7' Area Rug", $156.60 ,1,7/17/2025
INV_325583,CUST_1324,Shannon Davis,PROD_ef361fba,"Radiant Oriental Multicolor Hand Knotted Wool Blue, Pink, Navy Traditional Area"," $3,483.67 ",1,7/17/2025
INV_571228,CUST_1375,Jason Hayes,PROD_03533587,Hand Hooked Wool Oriental Indoor Rug, $48.06 ,1,7/17/2025
INV_323717,CUST_1274,Taylor Gentry,PROD_a6ea231c,Ava-Mary Striped Indoor / Outdoor Rug, $145.76 ,1,7/18/2025
INV_276827,CUST_1314,Robert Jackson,PROD_aaf8a92a,Izola Oriental Indoor/Outdoor Area Rug, $185.04 ,5,7/18/2025
INV_342716,CUST_1364,Tracey Wagner,PROD_68bfe17c,Adrihana Machine Woven Abstract Area Rug, $215.68 ,1,7/18/2025
INV_706279,CUST_1319,Megan Drake,PROD_1b747b15,"Bachby 5'3"" X 7' Area Rug", $163.47 ,2,7/18/2025
INV_458345,CUST_1322,Shannon Malone,PROD_81ed29d6,Soft Washable Vintage Distressed Beige Area Rug with Non-Slip Backing, $129.74 ,1,7/18/2025
INV_880758,CUST_1046,Sandra Aguilar,PROD_15009179,Maust Sunshine Rainbow Shag Rug, $109.24 ,1,7/18/2025
INV_989921,CUST_1428,James Barnes,PROD_163bd914,Disney Mickey Mouse Tropical Sand Dollar Havana Brown/ Sand Flatweave Indoor/, $217.74 ,1,7/18/2025
INV_969695,CUST_1433,Rebecca Kelly,PROD_0f472890,Oriental Vintage Machine Washable Non-Slip Dark Green Indoor Area Rug, $130.45 ,1,7/18/2025
INV_362552,CUST_1081,Jacob Obrien,PROD_68bfe17c,Adrihana Machine Woven Abstract Area Rug, $229.48 ,1,7/18/2025
INV_580718,CUST_1297,Austin Wheeler,PROD_163bd914,Disney Mickey Mouse Tropical Sand Dollar Havana Brown/ Sand Flatweave Indoor/, $213.66 ,2,7/18/2025
INV_861949,CUST_1358,Katherine Church,PROD_03310af2,"Dylanton 7'8"" X 10' Area Rug", $466.83 ,1,7/19/2025
INV_289893,CUST_1140,Patricia Becker,PROD_3b59c0ac,Seraphine Coastal Flatweave Navy Indoor /  Outdoor Area Rug, $75.14 ,1,7/19/2025
INV_834480,CUST_1301,Sheryl Buck,PROD_1ad08862,Scalloped Washable Rug Area Rugs for Living Room Modern Rugs Abstract Non-Slip, $76.21 ,2,7/19/2025
INV_886530,CUST_1263,Tami Salas,PROD_0a14d1b3,White Shag Novelty Faux Sheepskin Fur Fluffy Rug, $70.33 ,1,7/19/2025
INV_663658,CUST_1252,Stephen Luna,PROD_03533587,Hand Hooked Wool Oriental Indoor Rug, $48.66 ,1,7/20/2025
INV_731024,CUST_1005,Monica Herrera,PROD_cd80d75a,Corrbell 5' X 7' Area Rug, $208.72 ,2,7/20/2025
INV_468710,CUST_1352,Brent Bowen,PROD_0f472890,Oriental Vintage Machine Washable Non-Slip Dark Green Indoor Area Rug, $130.44 ,2,7/20/2025
INV_708798,CUST_1034,Lauren Daniels,PROD_049d2289,Valis Faux Sheepskin Indoor Rug, $100.84 ,1,7/21/2025
INV_317881,CUST_1030,Angela Morton,PROD_03310af2,"Dylanton 7'8"" X 10' Area Rug", $491.03 ,1,7/21/2025
INV_204917,CUST_1165,Brandon Simmons,PROD_db0bc388,Waikiki Blue Indoor/Outdoor Rug, $149.46 ,1,7/21/2025
INV_162952,CUST_1024,Crystal Robinson,PROD_a6ea231c,Ava-Mary Striped Indoor / Outdoor Rug, $150.81 ,1,7/21/2025
INV_219971,CUST_1309,Jennifer Allen,PROD_81ed29d6,Soft Washable Vintage Distressed Beige Area Rug with Non-Slip Backing, $139.98 ,1,7/21/2025
INV_666847,CUST_1226,Heidi Owen,PROD_16a4bedb,Aitken Machine Woven Geometric Indoor and Outdoor Rug, $67.80 ,1,7/21/2025
INV_712553,CUST_1138,Melissa Garner,PROD_68bfe17c,Adrihana Machine Woven Abstract Area Rug, $220.46 ,1,7/21/2025
INV_352194,CUST_1245,Melinda Evans,PROD_3b59c0ac,Seraphine Coastal Flatweave Navy Indoor /  Outdoor Area Rug, $72.64 ,1,7/21/2025
INV_977345,CUST_1024,Crystal Robinson,PROD_f03852cf,Lahjar Speckled Wool Blend Area Rug, $526.55 ,2,7/21/2025
INV_608205,CUST_1260,Paula Lane,PROD_7781fd4a,Oriental Indoor Rug, $236.16 ,1,7/21/2025
INV_838083,CUST_1046,Sandra Aguilar,PROD_81ed29d6,Soft Washable Vintage Distressed Beige Area Rug with Non-Slip Backing, $139.53 ,2,7/21/2025
INV_299212,CUST_1080,Cynthia Wells,PROD_a39a8d2b,Rinoa Indoor / Outdoor Rug, $199.56 ,1,7/22/2025
INV_520018,CUST_1486,Sarah Pittman,PROD_ba5eef5e,Gauna Power Loomed Geometric Indoor and Outdoor Rug, $84.51 ,1,7/22/2025
INV_943146,CUST_1351,Todd Thomas,PROD_89c6f605,Washable Oriental  Area Rugs Non slip Green Rugs, $20.43 ,1,7/22/2025
INV_438273,CUST_1202,Vincent Mueller,PROD_3a8f5324,"Lisgrove 7'8"" X 10' Area Rug", $649.20 ,1,7/22/2025
INV_408137,CUST_1337,Derrick Adams,PROD_3b59c0ac,Seraphine Coastal Flatweave Navy Indoor /  Outdoor Area Rug, $74.70 ,2,7/22/2025
INV_575435,CUST_1437,Carlos Love,PROD_89c6f605,Washable Oriental  Area Rugs Non slip Green Rugs, $19.75 ,1,7/22/2025
INV_246583,CUST_1048,Stacey Russell,PROD_20bbb110,Ainswick Memory Foam Large Rug, $587.31 ,1,7/23/2025
INV_144008,CUST_1312,Alexis Tran,PROD_03310af2,"Dylanton 7'8"" X 10' Area Rug", $485.20 ,1,7/23/2025
INV_173832,CUST_1366,Joshua Jackson,PROD_049d2289,Valis Faux Sheepskin Indoor Rug, $99.15 ,2,7/23/2025
INV_467335,CUST_1286,Angela Griffin,PROD_7cb7c01e,Achilles Cream/Gray Rug, $116.47 ,1,7/23/2025
INV_485416,CUST_1045,Michael Hoffman,PROD_a372467d,Leosvel Faux Sheepskin Indoor Rug, $190.13 ,1,7/23/2025
INV_626735,CUST_1242,Matthew Le,PROD_7781fd4a,Oriental Indoor Rug, $231.56 ,1,7/23/2025
INV_671858,CUST_1114,Brandon King,PROD_9d77c7b9,Rifle Paper Co. x Loloi Rosa Sky Area Rug, $112.62 ,5,7/23/2025
INV_349736,CUST_1372,Kenneth Farley,PROD_b7d8e041,Jodhveer Area Rug Washable Rug Non-Slip Backing Indoor Rugs, $37.84 ,1,7/24/2025
INV_729718,CUST_1417,Christopher Owens,PROD_9d77c7b9,Rifle Paper Co. x Loloi Rosa Sky Area Rug, $109.41 ,1,7/24/2025
INV_927527,CUST_1168,Michelle Schmitt,PROD_ba5eef5e,Gauna Power Loomed Geometric Indoor and Outdoor Rug, $86.59 ,2,7/24/2025
INV_323072,CUST_1159,Jodi Walker,PROD_f6c97a80,Livdon Washable Medium Rug, $159.22 ,1,7/24/2025
INV_663463,CUST_1232,Benjamin Thompson,PROD_f03852cf,Lahjar Speckled Wool Blend Area Rug, $532.49 ,1,7/24/2025
INV_719446,CUST_1482,Stephanie Evans,PROD_ba5eef5e,Gauna Power Loomed Geometric Indoor and Outdoor Rug, $86.26 ,1,7/24/2025
INV_286264,CUST_1047,Rebecca Valencia,PROD_ba5eef5e,Gauna Power Loomed Geometric Indoor and Outdoor Rug, $88.51 ,1,7/24/2025
INV_627611,CUST_1208,Raven Taylor,PROD_7cb7c01e,Achilles Cream/Gray Rug, $120.69 ,1,7/25/2025
INV_282055,CUST_1118,Anna Gay,PROD_885c587d,"Paseo Gurseerit All-Weather Flatweave Indoor/Outdoor Area Rug, Brown Black", $90.67 ,1,7/25/2025
INV_738584,CUST_1144,Brenda Levy,PROD_03533587,Hand Hooked Wool Oriental Indoor Rug, $49.98 ,1,7/25/2025
INV_412942,CUST_1091,Jason Peters,PROD_7cb7c01e,Achilles Cream/Gray Rug, $124.44 ,2,7/25/2025
INV_699704,CUST_1196,James Conner,PROD_cb6ebe0a,Harjot Medium Rug, $155.79 ,5,7/25/2025
INV_723879,CUST_1302,Megan Floyd,PROD_fd0cd8cf,Non-Slip Washable Stain Resistant Area Rug For Living Room Bedroom Dining Room, $94.21 ,1,7/25/2025
INV_343977,CUST_1359,Harold Ellis,PROD_aaf8a92a,Izola Oriental Indoor/Outdoor Area Rug, $178.07 ,2,7/25/2025
INV_371306,CUST_1494,Jeffrey Jordan,PROD_81ed29d6,Soft Washable Vintage Distressed Beige Area Rug with Non-Slip Backing, $129.33 ,5,7/25/2025
INV_788159,CUST_1274,Taylor Gentry,PROD_68bfe17c,Adrihana Machine Woven Abstract Area Rug, $237.05 ,2,7/26/2025
INV_725376,CUST_1035,Kim Brown,PROD_86d6a4e7,"Eldonmore 7'8"" X 10' Area Rug", $712.98 ,1,7/26/2025
INV_452618,CUST_1152,Michael Stephens,PROD_0a14d1b3,White Shag Novelty Faux Sheepskin Fur Fluffy Rug, $72.86 ,1,7/26/2025
INV_457356,CUST_1128,Michael Santos,PROD_07dd57f8,Nola Geometric Indoor / Outdoor Rug, $101.72 ,2,7/26/2025
INV_427110,CUST_1493,Abigail Hill,PROD_b7d8e041,Jodhveer Area Rug Washable Rug Non-Slip Backing Indoor Rugs, $39.30 ,1,7/26/2025
INV_613111,CUST_1393,Austin Baker,PROD_20bbb110,Ainswick Memory Foam Large Rug, $548.46 ,5,7/26/2025
INV_272337,CUST_1175,Lawrence Perry,PROD_a0eaf6eb,Tomas Chevron Rug Dark Blue/Gray Indoor/Outdoor Area Rug, $93.62 ,1,7/26/2025
INV_724086,CUST_1300,Victoria Boyd,PROD_819dccdf,Paint Chip Blue Machine Washable Rug, $33.80 ,1,7/26/2025
INV_217466,CUST_1147,Terri Murphy,PROD_fd0cd8cf,Non-Slip Washable Stain Resistant Area Rug For Living Room Bedroom Dining Room, $94.71 ,1,7/26/2025
INV_538738,CUST_1200,James Martin,PROD_ba5eef5e,Gauna Power Loomed Geometric Indoor and Outdoor Rug, $83.76 ,1,7/27/2025
INV_696746,CUST_1326,Amanda Mcfarland,PROD_a6ea231c,Ava-Mary Striped Indoor / Outdoor Rug, $153.46 ,1,7/27/2025
INV_320449,CUST_1194,Nathaniel Douglas,PROD_a0eaf6eb,Tomas Chevron Rug Dark Blue/Gray Indoor/Outdoor Area Rug, $90.50 ,2,7/27/2025
INV_482614,CUST_1360,Leslie Powers,PROD_28b95f59,Mendota Geometric Tan Indoor/Outdoor Area Rug, $144.84 ,1,7/27/2025
INV_919621,CUST_1409,Dr. Morgan Payne PhD,PROD_20bbb110,Ainswick Memory Foam Large Rug, $597.05 ,1,7/27/2025
INV_587957,CUST_1186,Justin Riley,PROD_a39a8d2b,Rinoa Indoor / Outdoor Rug, $200.61 ,1,7/27/2025
INV_255398,CUST_1400,Patricia Johnson,PROD_9360ae59,Botanical Modern Machine Washable Floral Indoor Oriental Performance Area Rug, $115.99 ,2,7/28/2025
INV_792267,CUST_1141,Richard Johnson,PROD_819dccdf,Paint Chip Blue Machine Washable Rug, $33.55 ,1,7/28/2025
INV_829842,CUST_1007,Dr. Sharon James,PROD_819dccdf,Paint Chip Blue Machine Washable Rug, $36.31 ,1,7/28/2025
INV_876555,CUST_1148,Elizabeth Ortiz,PROD_15009179,Maust Sunshine Rainbow Shag Rug, $105.47 ,2,7/28/2025
INV_674251,CUST_1469,William Ramos,PROD_db0bc388,Waikiki Blue Indoor/Outdoor Rug, $138.64 ,2,7/28/2025
INV_824586,CUST_1287,Stephanie Harris,PROD_163bd914,Disney Mickey Mouse Tropical Sand Dollar Havana Brown/ Sand Flatweave Indoor/, $199.97 ,1,7/28/2025
INV_328552,CUST_1242,Matthew Le,PROD_179506f6,Warkentin Geometric Indoor Rug, $130.82 ,1,7/29/2025
INV_271720,CUST_1310,Elizabeth Ward,PROD_86d6a4e7,"Eldonmore 7'8"" X 10' Area Rug", $719.44 ,1,7/29/2025
INV_561801,CUST_1015,Tricia Valencia,PROD_16a4bedb,Aitken Machine Woven Geometric Indoor and Outdoor Rug, $68.45 ,1,7/29/2025
INV_753205,CUST_1080,Cynthia Wells,PROD_68bfe17c,Adrihana Machine Woven Abstract Area Rug, $215.04 ,1,7/29/2025
INV_602073,CUST_1415,Samuel Howe,PROD_61bd4c69,Area Rug Machine Washable Rugs with Rubber Backing for Living Room, $19.95 ,1,7/29/2025
INV_865618,CUST_1471,Samantha Robertson,PROD_15009179,Maust Sunshine Rainbow Shag Rug, $113.63 ,2,7/30/2025
INV_895034,CUST_1160,Judith Maynard,PROD_81ed29d6,Soft Washable Vintage Distressed Beige Area Rug with Non-Slip Backing, $130.48 ,5,7/30/2025
INV_370211,CUST_1150,Kimberly Matthews,PROD_61bd4c69,Area Rug Machine Washable Rugs with Rubber Backing for Living Room, $20.60 ,1,7/30/2025
INV_827120,CUST_1122,Mary Grimes,PROD_b7d8e041,Jodhveer Area Rug Washable Rug Non-Slip Backing Indoor Rugs, $37.75 ,1,7/30/2025
INV_233606,CUST_1303,Paul Wells,PROD_819dccdf,Paint Chip Blue Machine Washable Rug, $35.46 ,1,7/30/2025
INV_890973,CUST_1108,Tammy Gonzales,PROD_819dccdf,Paint Chip Blue Machine Washable Rug, $36.07 ,1,7/31/2025
INV_791423,CUST_1272,Vanessa Moore,PROD_7cb7c01e,Achilles Cream/Gray Rug, $115.11 ,2,7/31/2025
INV_130782,CUST_1399,Gregory Holmes PhD,PROD_68bfe17c,Adrihana Machine Woven Abstract Area Rug, $232.12 ,1,7/31/2025
INV_577555,CUST_1262,Jeremy Barnes,PROD_7ef65a00,Jules Checkered Area Rug, $137.62 ,1,7/31/2025
INV_998435,CUST_1014,Rebecca Henderson,PROD_1b747b15,"Bachby 5'3"" X 7' Area Rug", $155.55 ,1,7/31/2025
INV_429839,CUST_1016,Patricia Peterson,PROD_81ed29d6,Soft Washable Vintage Distressed Beige Area Rug with Non-Slip Backing, $134.41 ,1,7/31/2025
INV_728204,CUST_1494,Jeffrey Jordan,PROD_179506f6,Warkentin Geometric Indoor Rug, $125.84 ,1,7/31/2025
INV_781676,CUST_1091,Jason Peters,PROD_a39a8d2b,Rinoa Indoor / Outdoor Rug, $212.74 ,1,7/31/2025
INV_534753,CUST_1308,Autumn Key,PROD_7781fd4a,Oriental Indoor Rug, $230.65 ,2,7/31/2025
INV_200331,CUST_1120,Thomas Romero,PROD_819dccdf,Paint Chip Blue Machine Washable Rug, $36.91 ,1,7/31/2025
INV_267475,CUST_1031,Tammy Allison,PROD_179506f6,Warkentin Geometric Indoor Rug, $129.54 ,1,7/31/2025
INV_155230,CUST_1292,Randy Cannon,PROD_0f472890,Oriental Vintage Machine Washable Non-Slip Dark Green Indoor Area Rug, $130.02 ,1,8/1/2025
INV_693423,CUST_1350,Kathryn Cooper,PROD_86d6a4e7,"Eldonmore 7'8"" X 10' Area Rug", $720.73 ,1,8/1/2025
INV_511981,CUST_1100,Jennifer Jones,PROD_819dccdf,Paint Chip Blue Machine Washable Rug, $36.71 ,1,8/1/2025
INV_617000,CUST_1125,Matthew Hoover,PROD_ef361fba,"Radiant Oriental Multicolor Hand Knotted Wool Blue, Pink, Navy Traditional Area"," $3,489.99 ",1,8/1/2025
INV_227980,CUST_1188,Jesse Brown,PROD_163bd914,Disney Mickey Mouse Tropical Sand Dollar Havana Brown/ Sand Flatweave Indoor/, $200.83 ,1,8/1/2025
INV_351262,CUST_1132,James Thomas,PROD_94b9189a,Enciso Machine Woven Stain Resistant Indoor/Outdoor Area Rug, $62.08 ,1,8/1/2025
INV_969250,CUST_1376,Jackie Clements,PROD_7cb7c01e,Achilles Cream/Gray Rug, $120.25 ,1,8/1/2025
INV_180251,CUST_1390,Katrina Adkins,PROD_16a4bedb,Aitken Machine Woven Geometric Indoor and Outdoor Rug, $74.51 ,1,8/2/2025
INV_170846,CUST_1250,Kathleen Davis,PROD_163bd914,Disney Mickey Mouse Tropical Sand Dollar Havana Brown/ Sand Flatweave Indoor/, $209.83 ,1,8/2/2025
INV_428634,CUST_1121,Richard Adams,PROD_86d6a4e7,"Eldonmore 7'8"" X 10' Area Rug", $719.11 ,1,8/2/2025
INV_583388,CUST_1463,Donald Ellis,PROD_61bd4c69,Area Rug Machine Washable Rugs with Rubber Backing for Living Room, $19.08 ,1,8/2/2025
INV_572388,CUST_1344,Sandra Jones,PROD_3a8f5324,"Lisgrove 7'8"" X 10' Area Rug", $677.95 ,1,8/3/2025
INV_401663,CUST_1325,Karen Williams,PROD_cb6ebe0a,Harjot Medium Rug, $162.45 ,1,8/3/2025
INV_597440,CUST_1227,Jessica Martinez,PROD_94b9189a,Enciso Machine Woven Stain Resistant Indoor/Outdoor Area Rug, $65.30 ,1,8/3/2025
INV_265657,CUST_1235,Dr. Cynthia Snyder,PROD_ef361fba,"Radiant Oriental Multicolor Hand Knotted Wool Blue, Pink, Navy Traditional Area"," $3,546.00 ",1,8/3/2025
INV_873758,CUST_1010,Andrew Stewart,PROD_03310af2,"Dylanton 7'8"" X 10' Area Rug", $461.01 ,1,8/3/2025
INV_644973,CUST_1389,Bradley Tran,PROD_b59a3efe,Machine Washable Area Rugs for Entryway 2x3 Non-Slip Soft Throw Rugs Blue/Gray, $19.92 ,1,8/3/2025
INV_900185,CUST_1433,Rebecca Kelly,PROD_7ef65a00,Jules Checkered Area Rug, $132.09 ,2,8/3/2025
INV_317541,CUST_1365,Jill Jackson,PROD_a0eaf6eb,Tomas Chevron Rug Dark Blue/Gray Indoor/Outdoor Area Rug, $94.32 ,1,8/3/2025
INV_988845,CUST_1257,Brenda Velazquez,PROD_3b59c0ac,Seraphine Coastal Flatweave Navy Indoor /  Outdoor Area Rug, $71.34 ,2,8/3/2025
INV_313630,CUST_1443,Keith Zuniga,PROD_28b95f59,Mendota Geometric Tan Indoor/Outdoor Area Rug, $137.88 ,1,8/3/2025
INV_862427,CUST_1144,Brenda Levy,PROD_68bfe17c,Adrihana Machine Woven Abstract Area Rug, $230.85 ,1,8/4/2025
INV_624288,CUST_1405,Courtney Wright,PROD_ef361fba,"Radiant Oriental Multicolor Hand Knotted Wool Blue, Pink, Navy Traditional Area"," $3,282.87 ",1,8/4/2025
INV_368735,CUST_1463,Donald Ellis,PROD_db0bc388,Waikiki Blue Indoor/Outdoor Rug, $146.98 ,1,8/4/2025
INV_651640,CUST_1135,Brooke Alexander,PROD_a39a8d2b,Rinoa Indoor / Outdoor Rug, $207.90 ,1,8/4/2025
INV_712454,CUST_1322,Shannon Malone,PROD_68bfe17c,Adrihana Machine Woven Abstract Area Rug, $233.93 ,1,8/4/2025
INV_175231,CUST_1147,Terri Murphy,PROD_179506f6,Warkentin Geometric Indoor Rug, $125.24 ,1,8/4/2025
INV_487629,CUST_1162,Donald Schultz,PROD_db0bc388,Waikiki Blue Indoor/Outdoor Rug, $144.13 ,1,8/4/2025
INV_901523,CUST_1349,Brett Walker,PROD_7781fd4a,Oriental Indoor Rug, $223.02 ,1,8/5/2025
INV_969226,CUST_1405,Courtney Wright,PROD_61bd4c69,Area Rug Machine Washable Rugs with Rubber Backing for Living Room, $20.33 ,1,8/5/2025
INV_941363,CUST_1355,Charlotte Sandoval,PROD_fd0cd8cf,Non-Slip Washable Stain Resistant Area Rug For Living Room Bedroom Dining Room, $93.70 ,2,8/5/2025
INV_764259,CUST_1399,Gregory Holmes PhD,PROD_15009179,Maust Sunshine Rainbow Shag Rug, $111.25 ,1,8/6/2025
INV_714953,CUST_1378,Frank Campbell MD,PROD_0f472890,Oriental Vintage Machine Washable Non-Slip Dark Green Indoor Area Rug, $130.72 ,1,8/6/2025
INV_819064,CUST_1425,Jessica Ramsey,PROD_a0eaf6eb,Tomas Chevron Rug Dark Blue/Gray Indoor/Outdoor Area Rug, $95.18 ,1,8/6/2025
INV_611833,CUST_1450,Jessica Valdez,PROD_a372467d,Leosvel Faux Sheepskin Indoor Rug, $197.65 ,1,8/6/2025
INV_639995,CUST_1499,Katherine Christensen MD,PROD_a6ea231c,Ava-Mary Striped Indoor / Outdoor Rug, $151.85 ,5,8/6/2025
INV_900962,CUST_1044,Sandra Williams,PROD_86d6a4e7,"Eldonmore 7'8"" X 10' Area Rug", $691.31 ,1,8/6/2025
INV_979727,CUST_1184,Jordan Bullock,PROD_b59a3efe,Machine Washable Area Rugs for Entryway 2x3 Non-Slip Soft Throw Rugs Blue/Gray, $19.76 ,1,8/7/2025
INV_928358,CUST_1338,Richard Ward,PROD_ef361fba,"Radiant Oriental Multicolor Hand Knotted Wool Blue, Pink, Navy Traditional Area"," $3,235.04 ",1,8/7/2025
INV_845951,CUST_1064,Michael Snyder,PROD_3b59c0ac,Seraphine Coastal Flatweave Navy Indoor /  Outdoor Area Rug, $71.16 ,2,8/7/2025
INV_161495,CUST_1085,Matthew Smith,PROD_03533587,Hand Hooked Wool Oriental Indoor Rug, $50.97 ,1,8/7/2025
INV_844756,CUST_1449,Kimberly Villanueva,PROD_20bbb110,Ainswick Memory Foam Large Rug, $546.60 ,1,8/7/2025
INV_598969,CUST_1201,Cynthia Wallace,PROD_28b95f59,Mendota Geometric Tan Indoor/Outdoor Area Rug, $137.70 ,1,8/7/2025
INV_416528,CUST_1103,Marc Lynch,PROD_3b59c0ac,Seraphine Coastal Flatweave Navy Indoor /  Outdoor Area Rug, $75.78 ,1,8/7/2025
INV_261745,CUST_1448,Fernando Lynn,PROD_03310af2,"Dylanton 7'8"" X 10' Area Rug", $474.56 ,1,8/7/2025
INV_213119,CUST_1431,William Moreno,PROD_94b9189a,Enciso Machine Woven Stain Resistant Indoor/Outdoor Area Rug, $62.45 ,1,8/7/2025
INV_350675,CUST_1486,Sarah Pittman,PROD_885c587d,"Paseo Gurseerit All-Weather Flatweave Indoor/Outdoor Area Rug, Brown Black", $90.69 ,2,8/7/2025
INV_483629,CUST_1089,Mary Rogers,PROD_819dccdf,Paint Chip Blue Machine Washable Rug, $36.21 ,2,8/7/2025
INV_388586,CUST_1142,Casey Anderson,PROD_049d2289,Valis Faux Sheepskin Indoor Rug, $105.19 ,1,8/7/2025
INV_141406,CUST_1183,Eric Morgan,PROD_a372467d,Leosvel Faux Sheepskin Indoor Rug, $193.05 ,1,8/8/2025
INV_613989,CUST_1222,Kathleen Jimenez,PROD_0a14d1b3,White Shag Novelty Faux Sheepskin Fur Fluffy Rug, $71.84 ,1,8/8/2025
INV_102146,CUST_1008,Daniel Adams,PROD_3b59c0ac,Seraphine Coastal Flatweave Navy Indoor /  Outdoor Area Rug, $74.06 ,1,8/8/2025
INV_367382,CUST_1285,Joshua Ruiz,PROD_7ef65a00,Jules Checkered Area Rug, $133.48 ,1,8/8/2025
INV_464663,CUST_1447,Rachel Lane,PROD_aaf8a92a,Izola Oriental Indoor/Outdoor Area Rug, $187.83 ,1,8/8/2025
INV_447668,CUST_1141,Richard Johnson,PROD_0f472890,Oriental Vintage Machine Washable Non-Slip Dark Green Indoor Area Rug, $132.32 ,5,8/8/2025
INV_326534,CUST_1153,Samantha Davis,PROD_885c587d,"Paseo Gurseerit All-Weather Flatweave Indoor/Outdoor Area Rug, Brown Black", $92.93 ,1,8/8/2025
INV_141094,CUST_1303,Paul Wells,PROD_ba5eef5e,Gauna Power Loomed Geometric Indoor and Outdoor Rug, $88.12 ,1,8/8/2025
INV_387748,CUST_1149,David Medina,PROD_cb6ebe0a,Harjot Medium Rug, $153.94 ,1,8/8/2025
INV_309794,CUST_1405,Courtney Wright,PROD_a0eaf6eb,Tomas Chevron Rug Dark Blue/Gray Indoor/Outdoor Area Rug, $87.42 ,1,8/9/2025
INV_907455,CUST_1460,Lisa Martinez,PROD_7ef65a00,Jules Checkered Area Rug, $134.05 ,1,8/9/2025
INV_773440,CUST_1336,Misty Hansen,PROD_81ed29d6,Soft Washable Vintage Distressed Beige Area Rug with Non-Slip Backing, $130.34 ,1,8/9/2025
INV_649753,CUST_1259,Veronica Silva,PROD_a6ea231c,Ava-Mary Striped Indoor / Outdoor Rug, $152.14 ,2,8/9/2025
INV_757667,CUST_1018,Mark Lynch,PROD_a0eaf6eb,Tomas Chevron Rug Dark Blue/Gray Indoor/Outdoor Area Rug, $91.82 ,1,8/9/2025
INV_885043,CUST_1058,Erika Terry,PROD_7781fd4a,Oriental Indoor Rug, $223.07 ,2,8/9/2025
INV_767830,CUST_1035,Kim Brown,PROD_289ed9b0,Ankita Bordered Jute Area Rug, $319.13 ,1,8/9/2025
INV_155457,CUST_1449,Kimberly Villanueva,PROD_3b59c0ac,Seraphine Coastal Flatweave Navy Indoor /  Outdoor Area Rug, $71.95 ,1,8/9/2025
INV_591989,CUST_1267,Justin Michael,PROD_cd80d75a,Corrbell 5' X 7' Area Rug, $199.82 ,1,8/9/2025
INV_416503,CUST_1008,Daniel Adams,PROD_7ef65a00,Jules Checkered Area Rug, $141.65 ,1,8/9/2025
INV_307731,CUST_1066,Robert Contreras,PROD_cd80d75a,Corrbell 5' X 7' Area Rug, $202.60 ,1,8/9/2025
INV_952878,CUST_1451,Colton Terry,PROD_b7d8e041,Jodhveer Area Rug Washable Rug Non-Slip Backing Indoor Rugs, $38.53 ,1,8/10/2025
INV_839389,CUST_1350,Kathryn Cooper,PROD_819dccdf,Paint Chip Blue Machine Washable Rug, $34.53 ,1,8/10/2025
INV_791308,CUST_1361,Charles Price,PROD_a6ea231c,Ava-Mary Striped Indoor / Outdoor Rug, $153.24 ,1,8/10/2025
INV_972712,CUST_1363,Ryan Harvey,PROD_db0bc388,Waikiki Blue Indoor/Outdoor Rug, $140.63 ,1,8/10/2025
INV_271790,CUST_1006,Shannon Ray,PROD_7781fd4a,Oriental Indoor Rug, $231.56 ,1,8/10/2025
INV_888931,CUST_1361,Charles Price,PROD_86d6a4e7,"Eldonmore 7'8"" X 10' Area Rug", $734.88 ,1,8/10/2025
INV_163429,CUST_1095,Tiffany Vaughn,PROD_07dd57f8,Nola Geometric Indoor / Outdoor Rug, $105.02 ,1,8/10/2025
INV_360096,CUST_1048,Stacey Russell,PROD_289ed9b0,Ankita Bordered Jute Area Rug, $325.26 ,1,8/11/2025
INV_698708,CUST_1203,Douglas Reyes,PROD_a372467d,Leosvel Faux Sheepskin Indoor Rug, $192.76 ,2,8/11/2025
INV_822794,CUST_1196,James Conner,PROD_cd80d75a,Corrbell 5' X 7' Area Rug, $208.89 ,1,8/11/2025
INV_612036,CUST_1180,Thomas Atkins,PROD_ba5eef5e,Gauna Power Loomed Geometric Indoor and Outdoor Rug, $88.91 ,1,8/11/2025
INV_446292,CUST_1402,Carol Moore,PROD_f03852cf,Lahjar Speckled Wool Blend Area Rug, $501.98 ,1,8/11/2025
INV_726680,CUST_1353,Ashley Sweeney,PROD_0f472890,Oriental Vintage Machine Washable Non-Slip Dark Green Indoor Area Rug, $134.11 ,1,8/11/2025
INV_393033,CUST_1357,Rebecca Herrera,PROD_03533587,Hand Hooked Wool Oriental Indoor Rug, $51.12 ,1,8/11/2025
INV_742848,CUST_1310,Elizabeth Ward,PROD_7cb7c01e,Achilles Cream/Gray Rug, $117.93 ,1,8/11/2025
INV_276358,CUST_1256,Andrew Reeves,PROD_885c587d,"Paseo Gurseerit All-Weather Flatweave Indoor/Outdoor Area Rug, Brown Black", $90.82 ,1,8/12/2025
INV_439966,CUST_1050,Sharon Cochran,PROD_b59a3efe,Machine Washable Area Rugs for Entryway 2x3 Non-Slip Soft Throw Rugs Blue/Gray, $19.82 ,1,8/12/2025
INV_428486,CUST_1271,David Garcia,PROD_81ed29d6,Soft Washable Vintage Distressed Beige Area Rug with Non-Slip Backing, $132.73 ,1,8/12/2025
INV_181586,CUST_1479,Judy Robinson,PROD_1ad08862,Scalloped Washable Rug Area Rugs for Living Room Modern Rugs Abstract Non-Slip, $74.71 ,1,8/12/2025
INV_273982,CUST_1465,Sharon Beard,PROD_68bfe17c,Adrihana Machine Woven Abstract Area Rug, $216.30 ,1,8/12/2025
INV_105274,CUST_1283,Stephanie Padilla,PROD_16a4bedb,Aitken Machine Woven Geometric Indoor and Outdoor Rug, $68.32 ,1,8/12/2025
INV_331512,CUST_1435,Sara Cochran,PROD_7cb7c01e,Achilles Cream/Gray Rug, $115.92 ,2,8/12/2025
INV_597667,CUST_1306,Michael Morrison,PROD_15009179,Maust Sunshine Rainbow Shag Rug, $106.78 ,1,8/13/2025
INV_319703,CUST_1397,Brandon Hamilton,PROD_f6c97a80,Livdon Washable Medium Rug, $154.34 ,1,8/13/2025
INV_786587,CUST_1007,Dr. Sharon James,PROD_a372467d,Leosvel Faux Sheepskin Indoor Rug, $196.21 ,2,8/13/2025
INV_552202,CUST_1251,Amber Campbell,PROD_96a0055d,Loloi Botanical Ivory / Multi Area Rug, $33.12 ,1,8/13/2025
INV_203024,CUST_1158,Kelly Reese,PROD_b59a3efe,Machine Washable Area Rugs for Entryway 2x3 Non-Slip Soft Throw Rugs Blue/Gray, $20.53 ,1,8/13/2025
INV_610343,CUST_1331,Henry Pugh MD,PROD_ef361fba,"Radiant Oriental Multicolor Hand Knotted Wool Blue, Pink, Navy Traditional Area"," $3,475.25 ",1,8/13/2025
INV_633853,CUST_1285,Joshua Ruiz,PROD_0f472890,Oriental Vintage Machine Washable Non-Slip Dark Green Indoor Area Rug, $126.08 ,1,8/13/2025
INV_811027,CUST_1081,Jacob Obrien,PROD_ef361fba,"Radiant Oriental Multicolor Hand Knotted Wool Blue, Pink, Navy Traditional Area"," $3,518.54 ",2,8/13/2025
INV_746910,CUST_1118,Anna Gay,PROD_89c6f605,Washable Oriental  Area Rugs Non slip Green Rugs, $20.71 ,1,8/13/2025
INV_680189,CUST_1288,Daniel Aguilar,PROD_89c6f605,Washable Oriental  Area Rugs Non slip Green Rugs, $19.02 ,1,8/14/2025
INV_902616,CUST_1094,Jesse Parker,PROD_b59a3efe,Machine Washable Area Rugs for Entryway 2x3 Non-Slip Soft Throw Rugs Blue/Gray, $20.44 ,1,8/14/2025
INV_913331,CUST_1169,John Boone,PROD_15009179,Maust Sunshine Rainbow Shag Rug, $105.11 ,1,8/14/2025
INV_729402,CUST_1002,Cristian Santos,PROD_15009179,Maust Sunshine Rainbow Shag Rug, $109.68 ,1,8/14/2025
INV_990374,CUST_1307,Claire Clark,PROD_af993edd,"Reversible Waterproof Plastic Straw Outdoor Area Rug for Patio, Camping", $57.37 ,2,8/14/2025
INV_850435,CUST_1493,Abigail Hill,PROD_68bfe17c,Adrihana Machine Woven Abstract Area Rug, $222.89 ,1,8/14/2025
INV_555791,CUST_1137,Ian Phillips,PROD_1ad08862,Scalloped Washable Rug Area Rugs for Living Room Modern Rugs Abstract Non-Slip, $72.67 ,1,8/14/2025
INV_390849,CUST_1014,Rebecca Henderson,PROD_15009179,Maust Sunshine Rainbow Shag Rug, $113.79 ,1,8/14/2025
INV_435772,CUST_1207,Zachary Brooks,PROD_1ad08862,Scalloped Washable Rug Area Rugs for Living Room Modern Rugs Abstract Non-Slip, $79.39 ,1,8/14/2025
INV_411242,CUST_1235,Dr. Cynthia Snyder,PROD_b59a3efe,Machine Washable Area Rugs for Entryway 2x3 Non-Slip Soft Throw Rugs Blue/Gray, $20.62 ,1,8/14/2025
INV_143860,CUST_1298,Andrew Gonzales,PROD_16a4bedb,Aitken Machine Woven Geometric Indoor and Outdoor Rug, $70.49 ,1,8/15/2025
INV_548413,CUST_1184,Jordan Bullock,PROD_a6ea231c,Ava-Mary Striped Indoor / Outdoor Rug, $151.19 ,1,8/15/2025
INV_388375,CUST_1164,Cindy Hayes,PROD_86d6a4e7,"Eldonmore 7'8"" X 10' Area Rug", $669.59 ,1,8/15/2025
INV_732636,CUST_1397,Brandon Hamilton,PROD_28b95f59,Mendota Geometric Tan Indoor/Outdoor Area Rug, $139.56 ,1,8/15/2025
INV_731399,CUST_1233,Victoria Contreras,PROD_0a14d1b3,White Shag Novelty Faux Sheepskin Fur Fluffy Rug, $71.20 ,1,8/15/2025
INV_959972,CUST_1124,Reginald Williams,PROD_03310af2,"Dylanton 7'8"" X 10' Area Rug", $487.32 ,1,8/15/2025
INV_370804,CUST_1456,Jeremiah Baker,PROD_db0bc388,Waikiki Blue Indoor/Outdoor Rug, $138.55 ,1,8/15/2025
INV_666091,CUST_1162,Donald Schultz,PROD_f6c97a80,Livdon Washable Medium Rug, $155.98 ,1,8/15/2025
INV_360276,CUST_1427,Danielle Phillips,PROD_b59a3efe,Machine Washable Area Rugs for Entryway 2x3 Non-Slip Soft Throw Rugs Blue/Gray, $19.17 ,1,8/15/2025
INV_356736,CUST_1412,Valerie Thomas,PROD_819dccdf,Paint Chip Blue Machine Washable Rug, $33.53 ,1,8/15/2025
INV_607868,CUST_1337,Derrick Adams,PROD_1ad08862,Scalloped Washable Rug Area Rugs for Living Room Modern Rugs Abstract Non-Slip, $75.58 ,1,8/16/2025
INV_100909,CUST_1459,James Nash,PROD_1ad08862,Scalloped Washable Rug Area Rugs for Living Room Modern Rugs Abstract Non-Slip, $77.15 ,1,8/16/2025
INV_749253,CUST_1143,Terry Coffey,PROD_d02253d6,Lanett Oriental Blue/Gray Area Rug, $92.48 ,1,8/16/2025
INV_711046,CUST_1493,Abigail Hill,PROD_86d6a4e7,"Eldonmore 7'8"" X 10' Area Rug", $688.33 ,1,8/16/2025
INV_155846,CUST_1274,Taylor Gentry,PROD_af993edd,"Reversible Waterproof Plastic Straw Outdoor Area Rug for Patio, Camping", $55.03 ,1,8/16/2025
INV_405663,CUST_1075,Rebecca Ramsey,PROD_179506f6,Warkentin Geometric Indoor Rug, $129.38 ,2,8/16/2025
INV_479818,CUST_1143,Terry Coffey,PROD_885c587d,"Paseo Gurseerit All-Weather Flatweave Indoor/Outdoor Area Rug, Brown Black", $89.11 ,2,8/16/2025
INV_251631,CUST_1289,Jose Bryant,PROD_179506f6,Warkentin Geometric Indoor Rug, $125.60 ,1,8/16/2025
INV_597457,CUST_1099,John Peterson,PROD_03533587,Hand Hooked Wool Oriental Indoor Rug, $50.92 ,1,8/16/2025
INV_286040,CUST_1350,Kathryn Cooper,PROD_9360ae59,Botanical Modern Machine Washable Floral Indoor Oriental Performance Area Rug, $118.22 ,1,8/16/2025
INV_344303,CUST_1445,Hayley Buchanan,PROD_aaf8a92a,Izola Oriental Indoor/Outdoor Area Rug, $189.45 ,1,8/16/2025
INV_110215,CUST_1074,Stephanie Freeman,PROD_1b747b15,"Bachby 5'3"" X 7' Area Rug", $159.56 ,1,8/16/2025
INV_105324,CUST_1113,Shannon Rivera,PROD_3a8f5324,"Lisgrove 7'8"" X 10' Area Rug", $687.30 ,2,8/16/2025
INV_902716,CUST_1075,Rebecca Ramsey,PROD_07dd57f8,Nola Geometric Indoor / Outdoor Rug, $104.50 ,1,8/17/2025
INV_789354,CUST_1377,Heather Brown,PROD_1ad08862,Scalloped Washable Rug Area Rugs for Living Room Modern Rugs Abstract Non-Slip, $76.41 ,1,8/17/2025
INV_310026,CUST_1211,Riley Bryant,PROD_a39a8d2b,Rinoa Indoor / Outdoor Rug, $195.63 ,1,8/17/2025
INV_487728,CUST_1089,Mary Rogers,PROD_3a8f5324,"Lisgrove 7'8"" X 10' Area Rug", $670.49 ,2,8/17/2025
INV_614688,CUST_1488,Henry Garner,PROD_a0eaf6eb,Tomas Chevron Rug Dark Blue/Gray Indoor/Outdoor Area Rug, $88.50 ,1,8/18/2025
INV_754813,CUST_1303,Paul Wells,PROD_3a8f5324,"Lisgrove 7'8"" X 10' Area Rug", $638.29 ,1,8/18/2025
INV_320843,CUST_1414,Angela Bradley,PROD_61bd4c69,Area Rug Machine Washable Rugs with Rubber Backing for Living Room, $20.65 ,1,8/18/2025
INV_488984,CUST_1016,Patricia Peterson,PROD_86d6a4e7,"Eldonmore 7'8"" X 10' Area Rug", $712.52 ,1,8/18/2025
INV_930555,CUST_1440,Marie Thompson,PROD_03533587,Hand Hooked Wool Oriental Indoor Rug, $50.63 ,1,8/18/2025
INV_851690,CUST_1382,Cynthia Rios,PROD_0a14d1b3,White Shag Novelty Faux Sheepskin Fur Fluffy Rug, $69.51 ,1,8/18/2025
INV_482199,CUST_1355,Charlotte Sandoval,PROD_3a8f5324,"Lisgrove 7'8"" X 10' Area Rug", $664.32 ,1,8/18/2025
INV_438270,CUST_1254,William Becker,PROD_16a4bedb,Aitken Machine Woven Geometric Indoor and Outdoor Rug, $71.79 ,1,8/18/2025
INV_582589,CUST_1428,James Barnes,PROD_b59a3efe,Machine Washable Area Rugs for Entryway 2x3 Non-Slip Soft Throw Rugs Blue/Gray, $19.05 ,1,8/18/2025
INV_167348,CUST_1196,James Conner,PROD_3b59c0ac,Seraphine Coastal Flatweave Navy Indoor /  Outdoor Area Rug, $74.50 ,2,8/18/2025
INV_432061,CUST_1401,Laura Jones,PROD_ffc555c6,"Azelhurst 7'8"" X 10' Area Rug", $686.05 ,1,8/18/2025
INV_971968,CUST_1052,Matthew Ross,PROD_885c587d,"Paseo Gurseerit All-Weather Flatweave Indoor/Outdoor Area Rug, Brown Black", $92.02 ,1,8/19/2025
INV_734210,CUST_1380,William Patterson,PROD_16a4bedb,Aitken Machine Woven Geometric Indoor and Outdoor Rug, $69.37 ,1,8/19/2025
INV_571404,CUST_1299,Donna Cabrera,PROD_96a0055d,Loloi Botanical Ivory / Multi Area Rug, $31.69 ,1,8/19/2025
INV_484914,CUST_1235,Dr. Cynthia Snyder,PROD_f6c97a80,Livdon Washable Medium Rug, $152.28 ,1,8/19/2025
INV_100096,CUST_1211,Riley Bryant,PROD_049d2289,Valis Faux Sheepskin Indoor Rug, $101.95 ,1,8/19/2025
INV_817552,CUST_1201,Cynthia Wallace,PROD_1b747b15,"Bachby 5'3"" X 7' Area Rug", $152.28 ,1,8/20/2025
INV_834233,CUST_1148,Elizabeth Ortiz,PROD_b7d8e041,Jodhveer Area Rug Washable Rug Non-Slip Backing Indoor Rugs, $39.82 ,1,8/20/2025
INV_842563,CUST_1466,Kara Jackson,PROD_0f472890,Oriental Vintage Machine Washable Non-Slip Dark Green Indoor Area Rug, $132.96 ,1,8/20/2025
INV_207903,CUST_1085,Matthew Smith,PROD_0f472890,Oriental Vintage Machine Washable Non-Slip Dark Green Indoor Area Rug, $126.81 ,2,8/20/2025
INV_487272,CUST_1242,Matthew Le,PROD_f03852cf,Lahjar Speckled Wool Blend Area Rug, $543.08 ,1,8/20/2025
INV_389340,CUST_1335,Linda Mueller,PROD_163bd914,Disney Mickey Mouse Tropical Sand Dollar Havana Brown/ Sand Flatweave Indoor/, $200.21 ,2,8/20/2025
INV_243006,CUST_1015,Tricia Valencia,PROD_cb6ebe0a,Harjot Medium Rug, $160.53 ,2,8/20/2025
INV_425387,CUST_1340,Erin Cook,PROD_cb6ebe0a,Harjot Medium Rug, $161.65 ,2,8/21/2025
INV_844037,CUST_1028,Victoria Garcia,PROD_7cb7c01e,Achilles Cream/Gray Rug, $114.78 ,1,8/21/2025
INV_674559,CUST_1417,Christopher Owens,PROD_179506f6,Warkentin Geometric Indoor Rug, $136.37 ,1,8/21/2025
INV_900660,CUST_1086,Madison Poole,PROD_db0bc388,Waikiki Blue Indoor/Outdoor Rug, $144.84 ,1,8/21/2025
INV_145209,CUST_1254,William Becker,PROD_289ed9b0,Ankita Bordered Jute Area Rug, $331.54 ,1,8/21/2025
INV_262555,CUST_1306,Michael Morrison,PROD_16a4bedb,Aitken Machine Woven Geometric Indoor and Outdoor Rug, $67.93 ,1,8/22/2025
INV_766764,CUST_1361,Charles Price,PROD_a39a8d2b,Rinoa Indoor / Outdoor Rug, $200.74 ,1,8/22/2025
INV_940181,CUST_1270,Melissa Taylor,PROD_9360ae59,Botanical Modern Machine Washable Floral Indoor Oriental Performance Area Rug, $120.70 ,1,8/22/2025
INV_143150,CUST_1406,Michael Williams,PROD_28b95f59,Mendota Geometric Tan Indoor/Outdoor Area Rug, $136.32 ,1,8/22/2025
INV_883381,CUST_1429,Rachael Howard DDS,PROD_d02253d6,Lanett Oriental Blue/Gray Area Rug, $93.50 ,1,8/22/2025
INV_301537,CUST_1223,Samantha Gardner,PROD_ef361fba,"Radiant Oriental Multicolor Hand Knotted Wool Blue, Pink, Navy Traditional Area"," $3,327.91 ",1,8/22/2025
INV_118943,CUST_1241,Denise Weber,PROD_68bfe17c,Adrihana Machine Woven Abstract Area Rug, $218.55 ,2,8/22/2025
INV_916449,CUST_1191,Mrs. Maria Williams,PROD_cd80d75a,Corrbell 5' X 7' Area Rug, $203.79 ,2,8/22/2025
INV_908422,CUST_1296,Shaun Cannon,PROD_179506f6,Warkentin Geometric Indoor Rug, $123.65 ,2,8/22/2025
INV_779776,CUST_1057,Lisa Alvarado,PROD_61bd4c69,Area Rug Machine Washable Rugs with Rubber Backing for Living Room, $20.45 ,2,8/23/2025
INV_777370,CUST_1202,Vincent Mueller,PROD_07dd57f8,Nola Geometric Indoor / Outdoor Rug, $104.18 ,1,8/23/2025
INV_319684,CUST_1325,Karen Williams,PROD_0f472890,Oriental Vintage Machine Washable Non-Slip Dark Green Indoor Area Rug, $128.30 ,1,8/23/2025
INV_233299,CUST_1374,Sandra Juarez,PROD_9360ae59,Botanical Modern Machine Washable Floral Indoor Oriental Performance Area Rug, $112.83 ,1,8/23/2025
INV_365154,CUST_1448,Fernando Lynn,PROD_81ed29d6,Soft Washable Vintage Distressed Beige Area Rug with Non-Slip Backing, $140.47 ,1,8/24/2025
INV_188693,CUST_1483,Rebekah Greene,PROD_15009179,Maust Sunshine Rainbow Shag Rug, $110.82 ,1,8/24/2025
INV_922974,CUST_1323,Adam Jackson,PROD_81ed29d6,Soft Washable Vintage Distressed Beige Area Rug with Non-Slip Backing, $137.57 ,1,8/24/2025
INV_630647,CUST_1209,Luis Bullock,PROD_d02253d6,Lanett Oriental Blue/Gray Area Rug, $94.59 ,2,8/24/2025
INV_241021,CUST_1452,Kenneth Larsen,PROD_7781fd4a,Oriental Indoor Rug, $226.80 ,1,8/24/2025
INV_468623,CUST_1367,Ashley Wilson,PROD_81ed29d6,Soft Washable Vintage Distressed Beige Area Rug with Non-Slip Backing, $138.57 ,1,8/25/2025
INV_886197,CUST_1369,Scott Miller,PROD_049d2289,Valis Faux Sheepskin Indoor Rug, $102.66 ,1,8/25/2025
INV_431570,CUST_1306,Michael Morrison,PROD_cd80d75a,Corrbell 5' X 7' Area Rug, $203.88 ,1,8/25/2025
INV_726667,CUST_1150,Kimberly Matthews,PROD_af993edd,"Reversible Waterproof Plastic Straw Outdoor Area Rug for Patio, Camping", $53.39 ,1,8/25/2025
INV_315363,CUST_1259,Veronica Silva,PROD_96a0055d,Loloi Botanical Ivory / Multi Area Rug, $33.42 ,1,8/25/2025
INV_543230,CUST_1203,Douglas Reyes,PROD_94b9189a,Enciso Machine Woven Stain Resistant Indoor/Outdoor Area Rug, $64.80 ,1,8/25/2025
INV_947732,CUST_1229,Laura Moreno,PROD_289ed9b0,Ankita Bordered Jute Area Rug, $341.38 ,1,8/25/2025
INV_788201,CUST_1242,Matthew Le,PROD_3a8f5324,"Lisgrove 7'8"" X 10' Area Rug", $664.80 ,2,8/26/2025
INV_900681,CUST_1379,Pamela Williams,PROD_a6ea231c,Ava-Mary Striped Indoor / Outdoor Rug, $141.74 ,1,8/26/2025
INV_221297,CUST_1447,Rachel Lane,PROD_20bbb110,Ainswick Memory Foam Large Rug, $592.58 ,1,8/26/2025
INV_397571,CUST_1406,Michael Williams,PROD_1b747b15,"Bachby 5'3"" X 7' Area Rug", $162.53 ,2,8/26/2025
INV_746154,CUST_1012,Kimberly Burgess,PROD_b7d8e041,Jodhveer Area Rug Washable Rug Non-Slip Backing Indoor Rugs, $40.89 ,5,8/26/2025
INV_415759,CUST_1350,Kathryn Cooper,PROD_94b9189a,Enciso Machine Woven Stain Resistant Indoor/Outdoor Area Rug, $62.64 ,1,8/26/2025
INV_441958,CUST_1058,Erika Terry,PROD_61bd4c69,Area Rug Machine Washable Rugs with Rubber Backing for Living Room, $19.03 ,1,8/26/2025
INV_693127,CUST_1275,Jennifer Simpson DVM,PROD_af993edd,"Reversible Waterproof Plastic Straw Outdoor Area Rug for Patio, Camping", $57.56 ,1,8/26/2025
INV_748151,CUST_1010,Andrew Stewart,PROD_b59a3efe,Machine Washable Area Rugs for Entryway 2x3 Non-Slip Soft Throw Rugs Blue/Gray, $20.59 ,1,8/27/2025
INV_888395,CUST_1459,James Nash,PROD_a39a8d2b,Rinoa Indoor / Outdoor Rug, $199.30 ,1,8/27/2025
INV_218733,CUST_1253,Chloe Tran,PROD_94b9189a,Enciso Machine Woven Stain Resistant Indoor/Outdoor Area Rug, $64.17 ,1,8/27/2025
INV_223050,CUST_1045,Michael Hoffman,PROD_0f472890,Oriental Vintage Machine Washable Non-Slip Dark Green Indoor Area Rug, $135.80 ,1,8/27/2025
INV_295454,CUST_1375,Jason Hayes,PROD_81ed29d6,Soft Washable Vintage Distressed Beige Area Rug with Non-Slip Backing, $131.59 ,1,8/27/2025
INV_791890,CUST_1256,Andrew Reeves,PROD_1ad08862,Scalloped Washable Rug Area Rugs for Living Room Modern Rugs Abstract Non-Slip, $76.38 ,1,8/27/2025
INV_268720,CUST_1037,Kevin Mills,PROD_61bd4c69,Area Rug Machine Washable Rugs with Rubber Backing for Living Room, $20.77 ,1,8/27/2025
INV_337798,CUST_1459,James Nash,PROD_b7d8e041,Jodhveer Area Rug Washable Rug Non-Slip Backing Indoor Rugs, $40.12 ,1,8/27/2025
INV_297370,CUST_1108,Tammy Gonzales,PROD_179506f6,Warkentin Geometric Indoor Rug, $129.66 ,1,8/28/2025
INV_966929,CUST_1068,Paul Larsen,PROD_049d2289,Valis Faux Sheepskin Indoor Rug, $105.94 ,5,8/28/2025
INV_627935,CUST_1346,Karen Morales DDS,PROD_ba5eef5e,Gauna Power Loomed Geometric Indoor and Outdoor Rug, $89.84 ,1,8/29/2025
INV_689275,CUST_1332,Michelle Miller,PROD_b59a3efe,Machine Washable Area Rugs for Entryway 2x3 Non-Slip Soft Throw Rugs Blue/Gray, $20.40 ,1,8/29/2025
INV_586173,CUST_1283,Stephanie Padilla,PROD_a372467d,Leosvel Faux Sheepskin Indoor Rug, $193.18 ,1,8/29/2025
INV_980184,CUST_1268,Jennifer Reed,PROD_89c6f605,Washable Oriental  Area Rugs Non slip Green Rugs, $19.14 ,1,8/29/2025
INV_783157,CUST_1020,David Bradley,PROD_cd80d75a,Corrbell 5' X 7' Area Rug, $202.39 ,1,8/29/2025
INV_226215,CUST_1440,Marie Thompson,PROD_0a14d1b3,White Shag Novelty Faux Sheepskin Fur Fluffy Rug, $72.68 ,1,8/29/2025
INV_524035,CUST_1153,Samantha Davis,PROD_049d2289,Valis Faux Sheepskin Indoor Rug, $99.11 ,1,8/29/2025
INV_681440,CUST_1112,Robert Costa,PROD_049d2289,Valis Faux Sheepskin Indoor Rug, $102.32 ,1,8/29/2025
INV_421440,CUST_1473,Danielle Bryant,PROD_03533587,Hand Hooked Wool Oriental Indoor Rug, $50.12 ,1,8/29/2025
INV_415568,CUST_1346,Karen Morales DDS,PROD_1b747b15,"Bachby 5'3"" X 7' Area Rug", $161.84 ,2,8/29/2025
INV_660625,CUST_1310,Elizabeth Ward,PROD_96a0055d,Loloi Botanical Ivory / Multi Area Rug, $32.31 ,1,8/30/2025
INV_178086,CUST_1150,Kimberly Matthews,PROD_d02253d6,Lanett Oriental Blue/Gray Area Rug, $101.68 ,1,8/30/2025
INV_836109,CUST_1150,Kimberly Matthews,PROD_9d77c7b9,Rifle Paper Co. x Loloi Rosa Sky Area Rug, $113.19 ,1,8/30/2025
INV_160831,CUST_1170,Renee Bruce,PROD_ffc555c6,"Azelhurst 7'8"" X 10' Area Rug", $657.49 ,1,8/30/2025
INV_125990,CUST_1442,Patricia Bradley,PROD_ba5eef5e,Gauna Power Loomed Geometric Indoor and Outdoor Rug, $90.31 ,1,8/30/2025
INV_525505,CUST_1049,Rita Keith,PROD_d02253d6,Lanett Oriental Blue/Gray Area Rug, $95.13 ,1,8/30/2025
INV_681866,CUST_1285,Joshua Ruiz,PROD_cb6ebe0a,Harjot Medium Rug, $157.91 ,5,8/31/2025
INV_812197,CUST_1347,Robin Wheeler,PROD_ef361fba,"Radiant Oriental Multicolor Hand Knotted Wool Blue, Pink, Navy Traditional Area"," $3,360.09 ",1,8/31/2025
INV_378361,CUST_1449,Kimberly Villanueva,PROD_049d2289,Valis Faux Sheepskin Indoor Rug, $104.83 ,1,8/31/2025
INV_615607,CUST_1132,James Thomas,PROD_049d2289,Valis Faux Sheepskin Indoor Rug, $103.37 ,1,8/31/2025
INV_498055,CUST_1490,Steve Mason,PROD_96a0055d,Loloi Botanical Ivory / Multi Area Rug, $34.09 ,1,9/1/2025
INV_703867,CUST_1143,Terry Coffey,PROD_d02253d6,Lanett Oriental Blue/Gray Area Rug, $97.68 ,1,9/1/2025
INV_611265,CUST_1073,Sarah Ashley,PROD_b59a3efe,Machine Washable Area Rugs for Entryway 2x3 Non-Slip Soft Throw Rugs Blue/Gray, $20.55 ,1,9/1/2025
INV_886365,CUST_1444,Mrs. Stacey Davis,PROD_af993edd,"Reversible Waterproof Plastic Straw Outdoor Area Rug for Patio, Camping", $57.87 ,1,9/1/2025
INV_458332,CUST_1185,Craig Morrison,PROD_b7d8e041,Jodhveer Area Rug Washable Rug Non-Slip Backing Indoor Rugs, $40.75 ,1,9/1/2025
INV_557058,CUST_1226,Heidi Owen,PROD_68bfe17c,Adrihana Machine Woven Abstract Area Rug, $237.22 ,1,9/1/2025
INV_451936,CUST_1371,Renee Hudson,PROD_16a4bedb,Aitken Machine Woven Geometric Indoor and Outdoor Rug, $74.16 ,2,9/2/2025
INV_519692,CUST_1190,Larry Mason,PROD_61bd4c69,Area Rug Machine Washable Rugs with Rubber Backing for Living Room, $19.22 ,2,9/2/2025
INV_741709,CUST_1054,Victoria Johnson,PROD_9d77c7b9,Rifle Paper Co. x Loloi Rosa Sky Area Rug, $105.42 ,2,9/3/2025
INV_231113,CUST_1211,Riley Bryant,PROD_ba5eef5e,Gauna Power Loomed Geometric Indoor and Outdoor Rug, $90.07 ,1,9/3/2025
INV_596520,CUST_1153,Samantha Davis,PROD_94b9189a,Enciso Machine Woven Stain Resistant Indoor/Outdoor Area Rug, $66.64 ,1,9/3/2025
INV_320759,CUST_1175,Lawrence Perry,PROD_0f472890,Oriental Vintage Machine Washable Non-Slip Dark Green Indoor Area Rug, $129.97 ,2,9/3/2025
INV_453487,CUST_1131,Ashlee Jackson,PROD_7781fd4a,Oriental Indoor Rug, $215.96 ,1,9/4/2025
INV_189772,CUST_1292,Randy Cannon,PROD_9360ae59,Botanical Modern Machine Washable Floral Indoor Oriental Performance Area Rug, $118.91 ,5,9/4/2025
INV_109294,CUST_1455,Martin Hughes,PROD_a372467d,Leosvel Faux Sheepskin Indoor Rug, $196.05 ,1,9/4/2025
INV_403528,CUST_1403,Jordan Williams,PROD_1ad08862,Scalloped Washable Rug Area Rugs for Living Room Modern Rugs Abstract Non-Slip, $79.31 ,5,9/4/2025
INV_949767,CUST_1072,Alicia Gilmore,PROD_db0bc388,Waikiki Blue Indoor/Outdoor Rug, $149.87 ,1,9/5/2025
INV_951452,CUST_1183,Eric Morgan,PROD_cd80d75a,Corrbell 5' X 7' Area Rug, $196.19 ,1,9/5/2025
INV_598733,CUST_1292,Randy Cannon,PROD_a0eaf6eb,Tomas Chevron Rug Dark Blue/Gray Indoor/Outdoor Area Rug, $90.35 ,5,9/5/2025
INV_350405,CUST_1233,Victoria Contreras,PROD_b59a3efe,Machine Washable Area Rugs for Entryway 2x3 Non-Slip Soft Throw Rugs Blue/Gray, $20.95 ,1,9/5/2025
INV_981913,CUST_1437,Carlos Love,PROD_81ed29d6,Soft Washable Vintage Distressed Beige Area Rug with Non-Slip Backing, $140.84 ,1,9/5/2025
INV_828531,CUST_1035,Kim Brown,PROD_61bd4c69,Area Rug Machine Washable Rugs with Rubber Backing for Living Room, $20.33 ,1,9/5/2025
INV_213000,CUST_1110,David Davis,PROD_20bbb110,Ainswick Memory Foam Large Rug, $582.35 ,1,9/6/2025
INV_496566,CUST_1451,Colton Terry,PROD_9d77c7b9,Rifle Paper Co. x Loloi Rosa Sky Area Rug, $107.25 ,1,9/6/2025
INV_517375,CUST_1322,Shannon Malone,PROD_a39a8d2b,Rinoa Indoor / Outdoor Rug, $198.75 ,1,9/6/2025
INV_240173,CUST_1101,David Grant,PROD_03533587,Hand Hooked Wool Oriental Indoor Rug, $48.91 ,5,9/6/2025
INV_670027,CUST_1356,Jeffrey Smith,PROD_1ad08862,Scalloped Washable Rug Area Rugs for Living Room Modern Rugs Abstract Non-Slip, $76.50 ,1,9/6/2025
INV_907111,CUST_1439,Eric Taylor,PROD_aaf8a92a,Izola Oriental Indoor/Outdoor Area Rug, $177.33 ,1,9/6/2025
INV_810687,CUST_1112,Robert Costa,PROD_ffc555c6,"Azelhurst 7'8"" X 10' Area Rug", $678.09 ,1,9/6/2025
INV_246991,CUST_1127,Jennifer Pena,PROD_819dccdf,Paint Chip Blue Machine Washable Rug, $35.33 ,2,9/6/2025
INV_855053,CUST_1005,Monica Herrera,PROD_7ef65a00,Jules Checkered Area Rug, $129.40 ,1,9/6/2025
INV_790993,CUST_1242,Matthew Le,PROD_9360ae59,Botanical Modern Machine Washable Floral Indoor Oriental Performance Area Rug, $112.24 ,1,9/6/2025
INV_625021,CUST_1100,Jennifer Jones,PROD_28b95f59,Mendota Geometric Tan Indoor/Outdoor Area Rug, $133.05 ,1,9/6/2025
INV_124240,CUST_1373,Wendy Camacho,PROD_68bfe17c,Adrihana Machine Woven Abstract Area Rug, $233.85 ,5,9/7/2025
INV_496119,CUST_1456,Jeremiah Baker,PROD_d02253d6,Lanett Oriental Blue/Gray Area Rug, $92.35 ,2,9/7/2025
INV_244247,CUST_1485,Micheal Parks,PROD_1ad08862,Scalloped Washable Rug Area Rugs for Living Room Modern Rugs Abstract Non-Slip, $73.91 ,2,9/7/2025
INV_658131,CUST_1164,Cindy Hayes,PROD_819dccdf,Paint Chip Blue Machine Washable Rug, $34.45 ,1,9/7/2025
INV_668154,CUST_1286,Angela Griffin,PROD_15009179,Maust Sunshine Rainbow Shag Rug, $115.00 ,1,9/7/2025
INV_280117,CUST_1111,Pamela Thompson,PROD_7781fd4a,Oriental Indoor Rug, $237.53 ,1,9/7/2025
INV_749485,CUST_1145,Richard Smith,PROD_049d2289,Valis Faux Sheepskin Indoor Rug, $99.14 ,1,9/7/2025
INV_466346,CUST_1271,David Garcia,PROD_7cb7c01e,Achilles Cream/Gray Rug, $124.86 ,1,9/8/2025
INV_803571,CUST_1315,Kelly Combs,PROD_049d2289,Valis Faux Sheepskin Indoor Rug, $99.98 ,1,9/8/2025
INV_332934,CUST_1311,Ryan Rocha,PROD_a0eaf6eb,Tomas Chevron Rug Dark Blue/Gray Indoor/Outdoor Area Rug, $92.76 ,1,9/8/2025
INV_454352,CUST_1426,Daniel Lopez,PROD_289ed9b0,Ankita Bordered Jute Area Rug, $320.46 ,1,9/8/2025
INV_698128,CUST_1158,Kelly Reese,PROD_cb6ebe0a,Harjot Medium Rug, $157.88 ,1,9/8/2025
INV_810638,CUST_1344,Sandra Jones,PROD_3a8f5324,"Lisgrove 7'8"" X 10' Area Rug", $661.31 ,1,9/8/2025
INV_109576,CUST_1107,Derek Thomas,PROD_885c587d,"Paseo Gurseerit All-Weather Flatweave Indoor/Outdoor Area Rug, Brown Black", $94.15 ,1,9/9/2025
INV_983825,CUST_1125,Matthew Hoover,PROD_289ed9b0,Ankita Bordered Jute Area Rug, $310.39 ,2,9/9/2025
INV_302897,CUST_1378,Frank Campbell MD,PROD_86d6a4e7,"Eldonmore 7'8"" X 10' Area Rug", $719.32 ,1,9/9/2025
INV_664566,CUST_1400,Patricia Johnson,PROD_68bfe17c,Adrihana Machine Woven Abstract Area Rug, $215.20 ,1,9/9/2025
INV_757057,CUST_1456,Jeremiah Baker,PROD_aaf8a92a,Izola Oriental Indoor/Outdoor Area Rug, $180.61 ,1,9/9/2025
INV_362168,CUST_1102,Joseph Hayes,PROD_61bd4c69,Area Rug Machine Washable Rugs with Rubber Backing for Living Room, $20.34 ,1,9/9/2025
INV_242071,CUST_1304,Kristina Faulkner,PROD_03310af2,"Dylanton 7'8"" X 10' Area Rug", $468.01 ,1,9/9/2025
INV_627028,CUST_1360,Leslie Powers,PROD_9d77c7b9,Rifle Paper Co. x Loloi Rosa Sky Area Rug, $110.51 ,1,9/10/2025
INV_485456,CUST_1167,Kristina Santiago,PROD_af993edd,"Reversible Waterproof Plastic Straw Outdoor Area Rug for Patio, Camping", $53.66 ,1,9/10/2025
INV_282605,CUST_1022,Lisa Brandt,PROD_ef361fba,"Radiant Oriental Multicolor Hand Knotted Wool Blue, Pink, Navy Traditional Area"," $3,297.25 ",1,9/10/2025
INV_803458,CUST_1159,Jodi Walker,PROD_61bd4c69,Area Rug Machine Washable Rugs with Rubber Backing for Living Room, $20.42 ,1,9/10/2025
INV_188374,CUST_1332,Michelle Miller,PROD_a6ea231c,Ava-Mary Striped Indoor / Outdoor Rug, $153.63 ,5,9/10/2025
INV_747983,CUST_1030,Angela Morton,PROD_af993edd,"Reversible Waterproof Plastic Straw Outdoor Area Rug for Patio, Camping", $57.61 ,1,9/11/2025
INV_353814,CUST_1255,Gina Mcmillan,PROD_1b747b15,"Bachby 5'3"" X 7' Area Rug", $155.75 ,1,9/11/2025
INV_286266,CUST_1308,Autumn Key,PROD_3b59c0ac,Seraphine Coastal Flatweave Navy Indoor /  Outdoor Area Rug, $72.84 ,1,9/11/2025
INV_468609,CUST_1105,Doris Hall,PROD_3a8f5324,"Lisgrove 7'8"" X 10' Area Rug", $639.19 ,5,9/11/2025
INV_263568,CUST_1473,Danielle Bryant,PROD_89c6f605,Washable Oriental  Area Rugs Non slip Green Rugs, $20.36 ,2,9/11/2025
INV_331381,CUST_1377,Heather Brown,PROD_9360ae59,Botanical Modern Machine Washable Floral Indoor Oriental Performance Area Rug, $115.53 ,1,9/11/2025
INV_300924,CUST_1091,Jason Peters,PROD_f03852cf,Lahjar Speckled Wool Blend Area Rug, $499.56 ,1,9/12/2025
INV_309159,CUST_1018,Mark Lynch,PROD_af993edd,"Reversible Waterproof Plastic Straw Outdoor Area Rug for Patio, Camping", $53.44 ,1,9/12/2025
INV_243057,CUST_1331,Henry Pugh MD,PROD_f03852cf,Lahjar Speckled Wool Blend Area Rug, $502.28 ,2,9/12/2025
INV_622084,CUST_1252,Stephen Luna,PROD_20bbb110,Ainswick Memory Foam Large Rug, $558.22 ,1,9/12/2025
INV_133653,CUST_1183,Eric Morgan,PROD_68bfe17c,Adrihana Machine Woven Abstract Area Rug, $222.28 ,1,9/12/2025
INV_384303,CUST_1245,Melinda Evans,PROD_885c587d,"Paseo Gurseerit All-Weather Flatweave Indoor/Outdoor Area Rug, Brown Black", $95.01 ,1,9/12/2025
INV_902575,CUST_1460,Lisa Martinez,PROD_9d77c7b9,Rifle Paper Co. x Loloi Rosa Sky Area Rug, $105.17 ,1,9/12/2025
INV_257131,CUST_1462,Deanna Bartlett,PROD_7cb7c01e,Achilles Cream/Gray Rug, $120.86 ,1,9/12/2025
INV_907557,CUST_1119,Dr. Jordan Hill PhD,PROD_fd0cd8cf,Non-Slip Washable Stain Resistant Area Rug For Living Room Bedroom Dining Room, $94.42 ,2,9/12/2025
INV_565330,CUST_1401,Laura Jones,PROD_f03852cf,Lahjar Speckled Wool Blend Area Rug, $541.48 ,1,9/12/2025
INV_250647,CUST_1247,Kayla Rodriguez,PROD_20bbb110,Ainswick Memory Foam Large Rug, $560.88 ,2,9/13/2025
INV_429445,CUST_1478,Alejandra King,PROD_049d2289,Valis Faux Sheepskin Indoor Rug, $105.75 ,1,9/13/2025
INV_181961,CUST_1303,Paul Wells,PROD_16a4bedb,Aitken Machine Woven Geometric Indoor and Outdoor Rug, $69.12 ,1,9/13/2025
INV_560623,CUST_1103,Marc Lynch,PROD_cd80d75a,Corrbell 5' X 7' Area Rug, $194.18 ,1,9/13/2025
INV_921861,CUST_1348,Matthew Williams,PROD_a6ea231c,Ava-Mary Striped Indoor / Outdoor Rug, $146.71 ,1,9/13/2025
INV_282112,CUST_1324,Shannon Davis,PROD_28b95f59,Mendota Geometric Tan Indoor/Outdoor Area Rug, $134.75 ,1,9/13/2025
INV_912617,CUST_1211,Riley Bryant,PROD_3b59c0ac,Seraphine Coastal Flatweave Navy Indoor /  Outdoor Area Rug, $72.34 ,2,9/13/2025
INV_760929,CUST_1359,Harold Ellis,PROD_28b95f59,Mendota Geometric Tan Indoor/Outdoor Area Rug, $142.72 ,1,9/14/2025
INV_627191,CUST_1353,Ashley Sweeney,PROD_0a14d1b3,White Shag Novelty Faux Sheepskin Fur Fluffy Rug, $71.79 ,1,9/14/2025
INV_836879,CUST_1217,Carrie Maxwell,PROD_96a0055d,Loloi Botanical Ivory / Multi Area Rug, $33.11 ,1,9/14/2025
INV_529399,CUST_1115,April Booth,PROD_0a14d1b3,White Shag Novelty Faux Sheepskin Fur Fluffy Rug, $71.30 ,5,9/14/2025
INV_975498,CUST_1446,Stacey Snyder,PROD_049d2289,Valis Faux Sheepskin Indoor Rug, $101.17 ,1,9/14/2025
INV_184891,CUST_1277,Todd Rosales MD,PROD_db0bc388,Waikiki Blue Indoor/Outdoor Rug, $149.16 ,1,9/15/2025
INV_972496,CUST_1036,Cynthia Wilson,PROD_163bd914,Disney Mickey Mouse Tropical Sand Dollar Havana Brown/ Sand Flatweave Indoor/, $212.09 ,1,9/15/2025
INV_952547,CUST_1391,Jonathan Wheeler,PROD_16a4bedb,Aitken Machine Woven Geometric Indoor and Outdoor Rug, $71.60 ,1,9/15/2025
INV_534773,CUST_1060,Richard Lawson,PROD_1b747b15,"Bachby 5'3"" X 7' Area Rug", $164.78 ,1,9/15/2025
INV_941017,CUST_1449,Kimberly Villanueva,PROD_81ed29d6,Soft Washable Vintage Distressed Beige Area Rug with Non-Slip Backing, $137.49 ,1,9/16/2025
INV_922781,CUST_1453,Matthew Greene,PROD_1ad08862,Scalloped Washable Rug Area Rugs for Living Room Modern Rugs Abstract Non-Slip, $77.72 ,1,9/16/2025
INV_205641,CUST_1006,Shannon Ray,PROD_0a14d1b3,White Shag Novelty Faux Sheepskin Fur Fluffy Rug, $72.11 ,1,9/16/2025
INV_961010,CUST_1361,Charles Price,PROD_86d6a4e7,"Eldonmore 7'8"" X 10' Area Rug", $665.49 ,1,9/16/2025
INV_107614,CUST_1021,Kim Martinez,PROD_96a0055d,Loloi Botanical Ivory / Multi Area Rug, $33.06 ,1,9/17/2025
INV_678388,CUST_1207,Zachary Brooks,PROD_3a8f5324,"Lisgrove 7'8"" X 10' Area Rug", $686.81 ,1,9/17/2025
INV_648684,CUST_1378,Frank Campbell MD,PROD_aaf8a92a,Izola Oriental Indoor/Outdoor Area Rug, $179.51 ,1,9/17/2025
INV_883317,CUST_1494,Jeffrey Jordan,PROD_289ed9b0,Ankita Bordered Jute Area Rug, $315.72 ,1,9/17/2025
INV_526949,CUST_1096,Paige Carlson,PROD_d02253d6,Lanett Oriental Blue/Gray Area Rug, $101.00 ,1,9/17/2025
INV_778827,CUST_1437,Carlos Love,PROD_db0bc388,Waikiki Blue Indoor/Outdoor Rug, $150.17 ,2,9/18/2025
INV_388339,CUST_1088,Samuel Rivas,PROD_f6c97a80,Livdon Washable Medium Rug, $164.44 ,1,9/18/2025
INV_888870,CUST_1002,Cristian Santos,PROD_7781fd4a,Oriental Indoor Rug, $220.31 ,1,9/18/2025
INV_239145,CUST_1048,Stacey Russell,PROD_163bd914,Disney Mickey Mouse Tropical Sand Dollar Havana Brown/ Sand Flatweave Indoor/, $208.36 ,2,9/18/2025
INV_238890,CUST_1037,Kevin Mills,PROD_aaf8a92a,Izola Oriental Indoor/Outdoor Area Rug, $185.10 ,1,9/18/2025
INV_163406,CUST_1007,Dr. Sharon James,PROD_049d2289,Valis Faux Sheepskin Indoor Rug, $99.20 ,2,9/19/2025
INV_977646,CUST_1267,Justin Michael,PROD_1ad08862,Scalloped Washable Rug Area Rugs for Living Room Modern Rugs Abstract Non-Slip, $76.69 ,5,9/19/2025
INV_875590,CUST_1455,Martin Hughes,PROD_af993edd,"Reversible Waterproof Plastic Straw Outdoor Area Rug for Patio, Camping", $54.22 ,1,9/19/2025
INV_389930,CUST_1094,Jesse Parker,PROD_819dccdf,Paint Chip Blue Machine Washable Rug, $36.04 ,2,9/19/2025
INV_531256,CUST_1357,Rebecca Herrera,PROD_a372467d,Leosvel Faux Sheepskin Indoor Rug, $206.08 ,2,9/20/2025
INV_147489,CUST_1001,Angie Henderson,PROD_1b747b15,"Bachby 5'3"" X 7' Area Rug", $161.24 ,1,9/20/2025
INV_491329,CUST_1077,David Murphy,PROD_163bd914,Disney Mickey Mouse Tropical Sand Dollar Havana Brown/ Sand Flatweave Indoor/, $208.96 ,1,9/20/2025
INV_708979,CUST_1031,Tammy Allison,PROD_15009179,Maust Sunshine Rainbow Shag Rug, $113.48 ,1,9/20/2025
INV_283662,CUST_1120,Thomas Romero,PROD_81ed29d6,Soft Washable Vintage Distressed Beige Area Rug with Non-Slip Backing, $131.15 ,1,9/20/2025
INV_382146,CUST_1160,Judith Maynard,PROD_f6c97a80,Livdon Washable Medium Rug, $164.22 ,1,9/20/2025
INV_950069,CUST_1163,Larry Garcia,PROD_86d6a4e7,"Eldonmore 7'8"" X 10' Area Rug", $667.04 ,1,9/21/2025
INV_954678,CUST_1108,Tammy Gonzales,PROD_20bbb110,Ainswick Memory Foam Large Rug, $545.25 ,1,9/21/2025
INV_341099,CUST_1195,Emily Douglas,PROD_ffc555c6,"Azelhurst 7'8"" X 10' Area Rug", $681.84 ,1,9/21/2025
INV_983794,CUST_1352,Brent Bowen,PROD_16a4bedb,Aitken Machine Woven Geometric Indoor and Outdoor Rug, $72.30 ,1,9/21/2025
INV_542750,CUST_1199,Kimberly Rodgers,PROD_94b9189a,Enciso Machine Woven Stain Resistant Indoor/Outdoor Area Rug, $63.45 ,1,9/21/2025
INV_312484,CUST_1409,Dr. Morgan Payne PhD,PROD_03310af2,"Dylanton 7'8"" X 10' Area Rug", $449.46 ,1,9/21/2025
INV_240057,CUST_1188,Jesse Brown,PROD_03310af2,"Dylanton 7'8"" X 10' Area Rug", $456.79 ,1,9/22/2025
INV_924566,CUST_1258,Ronald Patel,PROD_15009179,Maust Sunshine Rainbow Shag Rug, $109.24 ,2,9/22/2025
INV_388519,CUST_1338,Richard Ward,PROD_7ef65a00,Jules Checkered Area Rug, $133.82 ,1,9/22/2025
INV_806357,CUST_1257,Brenda Velazquez,PROD_3b59c0ac,Seraphine Coastal Flatweave Navy Indoor /  Outdoor Area Rug, $70.46 ,1,9/22/2025
INV_880360,CUST_1335,Linda Mueller,PROD_15009179,Maust Sunshine Rainbow Shag Rug, $108.40 ,1,9/22/2025
INV_617795,CUST_1155,Robin Hall,PROD_7781fd4a,Oriental Indoor Rug, $220.96 ,1,9/22/2025
INV_766269,CUST_1167,Kristina Santiago,PROD_03310af2,"Dylanton 7'8"" X 10' Area Rug", $476.93 ,1,9/22/2025
INV_209167,CUST_1471,Samantha Robertson,PROD_03310af2,"Dylanton 7'8"" X 10' Area Rug", $476.55 ,1,9/22/2025
INV_769320,CUST_1371,Renee Hudson,PROD_7781fd4a,Oriental Indoor Rug, $231.22 ,1,9/22/2025
INV_430201,CUST_1003,Abigail Shaffer,PROD_b7d8e041,Jodhveer Area Rug Washable Rug Non-Slip Backing Indoor Rugs, $37.88 ,1,9/22/2025
INV_203896,CUST_1041,Victoria Valdez,PROD_0f472890,Oriental Vintage Machine Washable Non-Slip Dark Green Indoor Area Rug, $123.86 ,2,9/23/2025
INV_102565,CUST_1378,Frank Campbell MD,PROD_20bbb110,Ainswick Memory Foam Large Rug, $543.02 ,1,9/23/2025
INV_302511,CUST_1407,John Campbell,PROD_89c6f605,Washable Oriental  Area Rugs Non slip Green Rugs, $19.04 ,1,9/23/2025
INV_540467,CUST_1452,Kenneth Larsen,PROD_a372467d,Leosvel Faux Sheepskin Indoor Rug, $189.02 ,2,9/23/2025
INV_497030,CUST_1025,Shannon Jones,PROD_7cb7c01e,Achilles Cream/Gray Rug, $120.60 ,1,9/23/2025
INV_155119,CUST_1434,Suzanne Johnson,PROD_a372467d,Leosvel Faux Sheepskin Indoor Rug, $201.96 ,1,9/24/2025
INV_404704,CUST_1351,Todd Thomas,PROD_d02253d6,Lanett Oriental Blue/Gray Area Rug, $97.51 ,1,9/24/2025
INV_838857,CUST_1440,Marie Thompson,PROD_d02253d6,Lanett Oriental Blue/Gray Area Rug, $100.98 ,1,9/24/2025
INV_155040,CUST_1342,Douglas Hartman,PROD_7ef65a00,Jules Checkered Area Rug, $136.85 ,2,9/24/2025
INV_380345,CUST_1107,Derek Thomas,PROD_cd80d75a,Corrbell 5' X 7' Area Rug, $199.35 ,1,9/24/2025
INV_885527,CUST_1443,Keith Zuniga,PROD_a6ea231c,Ava-Mary Striped Indoor / Outdoor Rug, $143.95 ,2,9/25/2025
INV_183667,CUST_1023,Jessica Holmes,PROD_179506f6,Warkentin Geometric Indoor Rug, $133.54 ,2,9/25/2025
INV_237579,CUST_1206,Stacey Arias,PROD_ef361fba,"Radiant Oriental Multicolor Hand Knotted Wool Blue, Pink, Navy Traditional Area"," $3,306.26 ",1,9/25/2025
INV_493663,CUST_1230,Allison Lopez,PROD_1ad08862,Scalloped Washable Rug Area Rugs for Living Room Modern Rugs Abstract Non-Slip, $74.89 ,1,9/25/2025
INV_973835,CUST_1272,Vanessa Moore,PROD_7781fd4a,Oriental Indoor Rug, $227.00 ,1,9/26/2025
INV_999595,CUST_1266,Courtney Dudley,PROD_7781fd4a,Oriental Indoor Rug, $222.57 ,1,9/26/2025
INV_944151,CUST_1393,Austin Baker,PROD_a39a8d2b,Rinoa Indoor / Outdoor Rug, $209.52 ,1,9/26/2025
INV_833281,CUST_1060,Richard Lawson,PROD_1b747b15,"Bachby 5'3"" X 7' Area Rug", $159.14 ,2,9/26/2025
INV_998602,CUST_1496,Michael Sims,PROD_16a4bedb,Aitken Machine Woven Geometric Indoor and Outdoor Rug, $68.05 ,1,9/26/2025
INV_584887,CUST_1313,Kelly Sanchez,PROD_ffc555c6,"Azelhurst 7'8"" X 10' Area Rug", $697.25 ,1,9/26/2025
INV_774734,CUST_1225,Heather Bolton,PROD_ba5eef5e,Gauna Power Loomed Geometric Indoor and Outdoor Rug, $83.31 ,1,9/26/2025
INV_469435,CUST_1254,William Becker,PROD_af993edd,"Reversible Waterproof Plastic Straw Outdoor Area Rug for Patio, Camping", $56.59 ,1,9/26/2025
INV_476712,CUST_1305,Tammy Boone,PROD_89c6f605,Washable Oriental  Area Rugs Non slip Green Rugs, $20.36 ,1,9/27/2025
INV_298663,CUST_1049,Rita Keith,PROD_96a0055d,Loloi Botanical Ivory / Multi Area Rug, $33.09 ,1,9/27/2025
INV_674842,CUST_1149,David Medina,PROD_86d6a4e7,"Eldonmore 7'8"" X 10' Area Rug", $720.76 ,1,9/27/2025
INV_653971,CUST_1444,Mrs. Stacey Davis,PROD_1ad08862,Scalloped Washable Rug Area Rugs for Living Room Modern Rugs Abstract Non-Slip, $77.62 ,1,9/27/2025
INV_301939,CUST_1156,Brianna Anderson,PROD_049d2289,Valis Faux Sheepskin Indoor Rug, $100.05 ,1,9/27/2025
INV_839883,CUST_1472,Samuel Suarez,PROD_aaf8a92a,Izola Oriental Indoor/Outdoor Area Rug, $182.77 ,2,9/28/2025
INV_221309,CUST_1287,Stephanie Harris,PROD_81ed29d6,Soft Washable Vintage Distressed Beige Area Rug with Non-Slip Backing, $132.23 ,1,9/28/2025
INV_179574,CUST_1091,Jason Peters,PROD_d02253d6,Lanett Oriental Blue/Gray Area Rug, $94.72 ,1,9/28/2025
INV_302957,CUST_1452,Kenneth Larsen,PROD_03310af2,"Dylanton 7'8"" X 10' Area Rug", $479.79 ,1,9/28/2025
INV_924154,CUST_1107,Derek Thomas,PROD_cb6ebe0a,Harjot Medium Rug, $160.24 ,1,9/28/2025
INV_530728,CUST_1292,Randy Cannon,PROD_94b9189a,Enciso Machine Woven Stain Resistant Indoor/Outdoor Area Rug, $67.30 ,1,9/28/2025
INV_802131,CUST_1278,David Lopez,PROD_3b59c0ac,Seraphine Coastal Flatweave Navy Indoor /  Outdoor Area Rug, $70.60 ,1,9/29/2025
INV_435239,CUST_1365,Jill Jackson,PROD_af993edd,"Reversible Waterproof Plastic Straw Outdoor Area Rug for Patio, Camping", $54.71 ,1,9/29/2025
INV_440277,CUST_1498,Joseph Warren,PROD_03533587,Hand Hooked Wool Oriental Indoor Rug, $50.65 ,1,9/29/2025
INV_335552,CUST_1419,Amanda Huff,PROD_cd80d75a,Corrbell 5' X 7' Area Rug, $206.50 ,2,9/29/2025
INV_945372,CUST_1088,Samuel Rivas,PROD_289ed9b0,Ankita Bordered Jute Area Rug, $329.01 ,1,9/30/2025
INV_248548,CUST_1339,Brian Torres,PROD_f03852cf,Lahjar Speckled Wool Blend Area Rug, $495.90 ,5,9/30/2025
INV_382329,CUST_1433,Rebecca Kelly,PROD_a372467d,Leosvel Faux Sheepskin Indoor Rug, $202.19 ,1,9/30/2025
INV_742865,CUST_1280,Cathy Taylor,PROD_049d2289,Valis Faux Sheepskin Indoor Rug, $101.59 ,1,9/30/2025
INV_127560,CUST_1102,Joseph Hayes,PROD_9d77c7b9,Rifle Paper Co. x Loloi Rosa Sky Area Rug, $113.87 ,1,9/30/2025
INV_150068,CUST_1397,Brandon Hamilton,PROD_af993edd,"Reversible Waterproof Plastic Straw Outdoor Area Rug for Patio, Camping", $54.88 ,1,9/30/2025
INV_873443,CUST_1224,Mitchell Jackson,PROD_03533587,Hand Hooked Wool Oriental Indoor Rug, $48.54 ,5,9/30/2025
INV_740255,CUST_1346,Karen Morales DDS,PROD_a372467d,Leosvel Faux Sheepskin Indoor Rug, $207.29 ,2,9/30/2025
INV_970145,CUST_1006,Shannon Ray,PROD_0a14d1b3,White Shag Novelty Faux Sheepskin Fur Fluffy Rug, $69.72 ,1,9/30/2025
INV_503376,CUST_1353,Ashley Sweeney,PROD_179506f6,Warkentin Geometric Indoor Rug, $126.78 ,2,10/1/2025
INV_181247,CUST_1248,Anthony Dougherty,PROD_ffc555c6,"Azelhurst 7'8"" X 10' Area Rug", $654.89 ,1,10/1/2025
INV_490437,CUST_1156,Brianna Anderson,PROD_20bbb110,Ainswick Memory Foam Large Rug, $562.56 ,1,10/1/2025
INV_265603,CUST_1484,Jason Price,PROD_f03852cf,Lahjar Speckled Wool Blend Area Rug, $540.04 ,1,10/1/2025
INV_694916,CUST_1413,Jacqueline Villegas,PROD_b7d8e041,Jodhveer Area Rug Washable Rug Non-Slip Backing Indoor Rugs, $37.27 ,1,10/1/2025
INV_722899,CUST_1348,Matthew Williams,PROD_ef361fba,"Radiant Oriental Multicolor Hand Knotted Wool Blue, Pink, Navy Traditional Area"," $3,356.63 ",1,10/2/2025
INV_711484,CUST_1317,Mark Peck,PROD_0a14d1b3,White Shag Novelty Faux Sheepskin Fur Fluffy Rug, $72.97 ,1,10/2/2025
INV_743512,CUST_1177,Eric Clark,PROD_d02253d6,Lanett Oriental Blue/Gray Area Rug, $100.91 ,1,10/2/2025
INV_470037,CUST_1258,Ronald Patel,PROD_20bbb110,Ainswick Memory Foam Large Rug, $553.75 ,1,10/2/2025
INV_944554,CUST_1264,Matthew Fox,PROD_cd80d75a,Corrbell 5' X 7' Area Rug, $211.10 ,1,10/2/2025
INV_756470,CUST_1074,Stephanie Freeman,PROD_a0eaf6eb,Tomas Chevron Rug Dark Blue/Gray Indoor/Outdoor Area Rug, $91.40 ,1,10/2/2025
INV_277820,CUST_1371,Renee Hudson,PROD_16a4bedb,Aitken Machine Woven Geometric Indoor and Outdoor Rug, $71.50 ,1,10/3/2025
INV_156700,CUST_1169,John Boone,PROD_61bd4c69,Area Rug Machine Washable Rugs with Rubber Backing for Living Room, $19.40 ,1,10/3/2025
INV_162833,CUST_1219,Stacey Stewart,PROD_cd80d75a,Corrbell 5' X 7' Area Rug, $205.42 ,1,10/3/2025
INV_815706,CUST_1470,Jeremy Mcintyre,PROD_03310af2,"Dylanton 7'8"" X 10' Area Rug", $491.56 ,2,10/3/2025
INV_336828,CUST_1235,Dr. Cynthia Snyder,PROD_db0bc388,Waikiki Blue Indoor/Outdoor Rug, $152.10 ,1,10/3/2025
INV_605806,CUST_1122,Mary Grimes,PROD_03310af2,"Dylanton 7'8"" X 10' Area Rug", $472.24 ,2,10/3/2025
INV_678719,CUST_1476,Anthony Nash,PROD_1b747b15,"Bachby 5'3"" X 7' Area Rug", $160.25 ,1,10/3/2025
INV_701344,CUST_1210,Lisa Henderson,PROD_ef361fba,"Radiant Oriental Multicolor Hand Knotted Wool Blue, Pink, Navy Traditional Area"," $3,244.66 ",1,10/3/2025
INV_596672,CUST_1393,Austin Baker,PROD_163bd914,Disney Mickey Mouse Tropical Sand Dollar Havana Brown/ Sand Flatweave Indoor/, $215.83 ,1,10/4/2025
INV_555589,CUST_1122,Mary Grimes,PROD_a39a8d2b,Rinoa Indoor / Outdoor Rug, $194.59 ,1,10/4/2025
INV_352555,CUST_1369,Scott Miller,PROD_a6ea231c,Ava-Mary Striped Indoor / Outdoor Rug, $141.09 ,1,10/4/2025
INV_979668,CUST_1140,Patricia Becker,PROD_885c587d,"Paseo Gurseerit All-Weather Flatweave Indoor/Outdoor Area Rug, Brown Black", $95.02 ,1,10/4/2025
INV_425625,CUST_1098,Beth Oneill,PROD_ef361fba,"Radiant Oriental Multicolor Hand Knotted Wool Blue, Pink, Navy Traditional Area"," $3,500.98 ",2,10/4/2025
INV_521805,CUST_1360,Leslie Powers,PROD_a39a8d2b,Rinoa Indoor / Outdoor Rug, $207.87 ,2,10/4/2025
INV_514828,CUST_1233,Victoria Contreras,PROD_f03852cf,Lahjar Speckled Wool Blend Area Rug, $520.96 ,1,10/4/2025
INV_560767,CUST_1088,Samuel Rivas,PROD_f03852cf,Lahjar Speckled Wool Blend Area Rug, $530.79 ,1,10/5/2025
INV_641538,CUST_1193,Rachel Holland,PROD_7ef65a00,Jules Checkered Area Rug, $129.66 ,2,10/5/2025
INV_707615,CUST_1446,Stacey Snyder,PROD_07dd57f8,Nola Geometric Indoor / Outdoor Rug, $100.23 ,1,10/5/2025
INV_262656,CUST_1421,Krista Davis,PROD_89c6f605,Washable Oriental  Area Rugs Non slip Green Rugs, $19.91 ,1,10/5/2025
INV_136183,CUST_1197,Susan Davis DDS,PROD_81ed29d6,Soft Washable Vintage Distressed Beige Area Rug with Non-Slip Backing, $132.49 ,1,10/5/2025
INV_133796,CUST_1334,Brandon Jordan,PROD_cd80d75a,Corrbell 5' X 7' Area Rug, $198.88 ,2,10/5/2025
INV_153063,CUST_1136,Ryan Gonzalez,PROD_d02253d6,Lanett Oriental Blue/Gray Area Rug, $93.51 ,1,10/5/2025
INV_427260,CUST_1338,Richard Ward,PROD_07dd57f8,Nola Geometric Indoor / Outdoor Rug, $99.28 ,1,10/5/2025
INV_619886,CUST_1184,Jordan Bullock,PROD_049d2289,Valis Faux Sheepskin Indoor Rug, $106.29 ,1,10/5/2025
INV_454508,CUST_1231,Michele Lewis,PROD_03533587,Hand Hooked Wool Oriental Indoor Rug, $48.61 ,1,10/5/2025
INV_195841,CUST_1190,Larry Mason,PROD_15009179,Maust Sunshine Rainbow Shag Rug, $106.23 ,1,10/6/2025
INV_830100,CUST_1464,Ashley Hernandez,PROD_179506f6,Warkentin Geometric Indoor Rug, $133.91 ,1,10/6/2025
INV_925622,CUST_1410,Makayla Steele,PROD_179506f6,Warkentin Geometric Indoor Rug, $126.96 ,1,10/6/2025
INV_748388,CUST_1143,Terry Coffey,PROD_3b59c0ac,Seraphine Coastal Flatweave Navy Indoor /  Outdoor Area Rug, $72.03 ,1,10/6/2025
INV_950472,CUST_1455,Martin Hughes,PROD_3a8f5324,"Lisgrove 7'8"" X 10' Area Rug", $642.37 ,5,10/6/2025
INV_564478,CUST_1498,Joseph Warren,PROD_7781fd4a,Oriental Indoor Rug, $224.38 ,1,10/6/2025
INV_153015,CUST_1102,Joseph Hayes,PROD_a39a8d2b,Rinoa Indoor / Outdoor Rug, $193.51 ,1,10/6/2025
INV_459513,CUST_1311,Ryan Rocha,PROD_3b59c0ac,Seraphine Coastal Flatweave Navy Indoor /  Outdoor Area Rug, $71.34 ,2,10/6/2025
INV_409834,CUST_1350,Kathryn Cooper,PROD_b7d8e041,Jodhveer Area Rug Washable Rug Non-Slip Backing Indoor Rugs, $39.08 ,5,10/6/2025
INV_350127,CUST_1392,Ryan Fisher,PROD_819dccdf,Paint Chip Blue Machine Washable Rug, $34.76 ,1,10/6/2025
INV_992104,CUST_1173,Cindy Barnes,PROD_0a14d1b3,White Shag Novelty Faux Sheepskin Fur Fluffy Rug, $75.41 ,1,10/6/2025
INV_918859,CUST_1006,Shannon Ray,PROD_1b747b15,"Bachby 5'3"" X 7' Area Rug", $155.24 ,1,10/7/2025
INV_215266,CUST_1066,Robert Contreras,PROD_aaf8a92a,Izola Oriental Indoor/Outdoor Area Rug, $190.51 ,1,10/7/2025
INV_194632,CUST_1297,Austin Wheeler,PROD_7ef65a00,Jules Checkered Area Rug, $134.94 ,1,10/7/2025
INV_729006,CUST_1291,Kimberly Brown,PROD_ba5eef5e,Gauna Power Loomed Geometric Indoor and Outdoor Rug, $90.98 ,1,10/7/2025
INV_695417,CUST_1249,Michelle Lee,PROD_b7d8e041,Jodhveer Area Rug Washable Rug Non-Slip Backing Indoor Rugs, $39.23 ,5,10/7/2025
INV_119676,CUST_1292,Randy Cannon,PROD_a372467d,Leosvel Faux Sheepskin Indoor Rug, $203.48 ,1,10/7/2025
INV_603935,CUST_1309,Jennifer Allen,PROD_9d77c7b9,Rifle Paper Co. x Loloi Rosa Sky Area Rug, $105.70 ,1,10/7/2025
INV_380310,CUST_1317,Mark Peck,PROD_7ef65a00,Jules Checkered Area Rug, $139.25 ,1,10/8/2025
INV_600935,CUST_1094,Jesse Parker,PROD_a39a8d2b,Rinoa Indoor / Outdoor Rug, $211.94 ,1,10/8/2025
INV_788457,CUST_1197,Susan Davis DDS,PROD_af993edd,"Reversible Waterproof Plastic Straw Outdoor Area Rug for Patio, Camping", $57.24 ,1,10/8/2025
INV_849979,CUST_1155,Robin Hall,PROD_07dd57f8,Nola Geometric Indoor / Outdoor Rug, $103.61 ,1,10/8/2025
INV_416822,CUST_1178,Paul Thompson,PROD_20bbb110,Ainswick Memory Foam Large Rug, $553.93 ,2,10/8/2025
INV_413328,CUST_1266,Courtney Dudley,PROD_03533587,Hand Hooked Wool Oriental Indoor Rug, $49.90 ,1,10/8/2025
INV_225812,CUST_1392,Ryan Fisher,PROD_9d77c7b9,Rifle Paper Co. x Loloi Rosa Sky Area Rug, $108.33 ,1,10/9/2025
INV_908323,CUST_1047,Rebecca Valencia,PROD_a6ea231c,Ava-Mary Striped Indoor / Outdoor Rug, $143.22 ,1,10/9/2025
INV_753404,CUST_1192,Helen Hardin,PROD_ffc555c6,"Azelhurst 7'8"" X 10' Area Rug", $688.16 ,1,10/9/2025
INV_177591,CUST_1394,Lori Mason,PROD_b59a3efe,Machine Washable Area Rugs for Entryway 2x3 Non-Slip Soft Throw Rugs Blue/Gray, $19.31 ,1,10/10/2025
INV_684056,CUST_1376,Jackie Clements,PROD_86d6a4e7,"Eldonmore 7'8"" X 10' Area Rug", $670.10 ,1,10/10/2025
INV_531762,CUST_1286,Angela Griffin,PROD_16a4bedb,Aitken Machine Woven Geometric Indoor and Outdoor Rug, $69.88 ,1,10/10/2025
INV_275939,CUST_1238,Michael Cooper,PROD_3b59c0ac,Seraphine Coastal Flatweave Navy Indoor /  Outdoor Area Rug, $74.94 ,5,10/10/2025
INV_855408,CUST_1034,Lauren Daniels,PROD_f6c97a80,Livdon Washable Medium Rug, $162.52 ,2,10/10/2025
INV_731661,CUST_1052,Matthew Ross,PROD_28b95f59,Mendota Geometric Tan Indoor/Outdoor Area Rug, $135.75 ,1,10/10/2025
INV_822312,CUST_1176,Michael Watkins,PROD_ba5eef5e,Gauna Power Loomed Geometric Indoor and Outdoor Rug, $89.16 ,1,10/11/2025
INV_528649,CUST_1388,Bryce Blair,PROD_819dccdf,Paint Chip Blue Machine Washable Rug, $36.90 ,1,10/11/2025
INV_948802,CUST_1251,Amber Campbell,PROD_7cb7c01e,Achilles Cream/Gray Rug, $120.50 ,1,10/12/2025
INV_347669,CUST_1413,Jacqueline Villegas,PROD_289ed9b0,Ankita Bordered Jute Area Rug, $335.20 ,1,10/12/2025
INV_321941,CUST_1093,Kara Schmidt,PROD_a39a8d2b,Rinoa Indoor / Outdoor Rug, $200.54 ,1,10/12/2025
INV_576136,CUST_1230,Allison Lopez,PROD_af993edd,"Reversible Waterproof Plastic Straw Outdoor Area Rug for Patio, Camping", $56.22 ,2,10/13/2025
INV_555851,CUST_1199,Kimberly Rodgers,PROD_cb6ebe0a,Harjot Medium Rug, $154.31 ,1,10/13/2025
INV_697856,CUST_1427,Danielle Phillips,PROD_1b747b15,"Bachby 5'3"" X 7' Area Rug", $161.25 ,1,10/13/2025
INV_898975,CUST_1488,Henry Garner,PROD_a372467d,Leosvel Faux Sheepskin Indoor Rug, $207.33 ,1,10/13/2025
INV_904214,CUST_1394,Lori Mason,PROD_db0bc388,Waikiki Blue Indoor/Outdoor Rug, $147.18 ,1,10/14/2025
INV_826847,CUST_1228,Amanda Hernandez,PROD_163bd914,Disney Mickey Mouse Tropical Sand Dollar Havana Brown/ Sand Flatweave Indoor/, $202.78 ,2,10/14/2025
INV_767377,CUST_1265,Megan Dillon,PROD_a6ea231c,Ava-Mary Striped Indoor / Outdoor Rug, $149.24 ,1,10/14/2025
INV_212235,CUST_1480,Jorge Bates,PROD_9d77c7b9,Rifle Paper Co. x Loloi Rosa Sky Area Rug, $106.40 ,2,10/14/2025
INV_264686,CUST_1320,Manuel King,PROD_885c587d,"Paseo Gurseerit All-Weather Flatweave Indoor/Outdoor Area Rug, Brown Black", $93.47 ,2,10/14/2025
INV_869969,CUST_1421,Krista Davis,PROD_03310af2,"Dylanton 7'8"" X 10' Area Rug", $471.35 ,1,10/15/2025
INV_862400,CUST_1473,Danielle Bryant,PROD_7ef65a00,Jules Checkered Area Rug, $139.06 ,1,10/15/2025
INV_402020,CUST_1026,Timothy Duncan,PROD_885c587d,"Paseo Gurseerit All-Weather Flatweave Indoor/Outdoor Area Rug, Brown Black", $92.44 ,1,10/15/2025
INV_618172,CUST_1104,Brad Allen,PROD_819dccdf,Paint Chip Blue Machine Washable Rug, $34.45 ,1,10/15/2025
INV_592516,CUST_1263,Tami Salas,PROD_9360ae59,Botanical Modern Machine Washable Floral Indoor Oriental Performance Area Rug, $111.38 ,1,10/15/2025
INV_456699,CUST_1453,Matthew Greene,PROD_aaf8a92a,Izola Oriental Indoor/Outdoor Area Rug, $189.96 ,1,10/15/2025
INV_830650,CUST_1036,Cynthia Wilson,PROD_ffc555c6,"Azelhurst 7'8"" X 10' Area Rug", $703.18 ,1,10/16/2025
INV_493396,CUST_1295,Kimberly Patel,PROD_ffc555c6,"Azelhurst 7'8"" X 10' Area Rug", $678.55 ,1,10/16/2025
INV_994940,CUST_1380,William Patterson,PROD_aaf8a92a,Izola Oriental Indoor/Outdoor Area Rug, $183.38 ,1,10/16/2025
INV_658596,CUST_1480,Jorge Bates,PROD_20bbb110,Ainswick Memory Foam Large Rug, $594.91 ,1,10/16/2025
INV_694731,CUST_1161,Katherine Browning,PROD_a6ea231c,Ava-Mary Striped Indoor / Outdoor Rug, $141.57 ,1,10/16/2025
INV_734356,CUST_1097,Adrian Ferguson,PROD_a39a8d2b,Rinoa Indoor / Outdoor Rug, $200.50 ,1,10/16/2025
INV_357420,CUST_1374,Sandra Juarez,PROD_3a8f5324,"Lisgrove 7'8"" X 10' Area Rug", $648.26 ,1,10/16/2025
INV_197466,CUST_1489,Julie Wilson,PROD_03310af2,"Dylanton 7'8"" X 10' Area Rug", $487.78 ,1,10/16/2025
INV_846247,CUST_1037,Kevin Mills,PROD_15009179,Maust Sunshine Rainbow Shag Rug, $106.19 ,1,10/16/2025
INV_215333,CUST_1126,Evelyn Garcia,PROD_fd0cd8cf,Non-Slip Washable Stain Resistant Area Rug For Living Room Bedroom Dining Room, $94.31 ,1,10/17/2025
INV_191537,CUST_1227,Jessica Martinez,PROD_0f472890,Oriental Vintage Machine Washable Non-Slip Dark Green Indoor Area Rug, $124.82 ,2,10/17/2025
INV_838568,CUST_1281,Paul Finley,PROD_b59a3efe,Machine Washable Area Rugs for Entryway 2x3 Non-Slip Soft Throw Rugs Blue/Gray, $19.27 ,1,10/17/2025
INV_532046,CUST_1073,Sarah Ashley,PROD_ffc555c6,"Azelhurst 7'8"" X 10' Area Rug", $671.54 ,5,10/17/2025
INV_742254,CUST_1151,Teresa Ramirez,PROD_81ed29d6,Soft Washable Vintage Distressed Beige Area Rug with Non-Slip Backing, $138.68 ,1,10/17/2025
INV_375722,CUST_1171,Christopher Park,PROD_81ed29d6,Soft Washable Vintage Distressed Beige Area Rug with Non-Slip Backing, $136.31 ,1,10/18/2025
INV_823415,CUST_1492,Mike Maxwell,PROD_20bbb110,Ainswick Memory Foam Large Rug, $589.13 ,1,10/18/2025
INV_621199,CUST_1363,Ryan Harvey,PROD_f03852cf,Lahjar Speckled Wool Blend Area Rug, $515.51 ,2,10/18/2025
INV_130434,CUST_1249,Michelle Lee,PROD_89c6f605,Washable Oriental  Area Rugs Non slip Green Rugs, $19.86 ,1,10/18/2025
INV_605937,CUST_1260,Paula Lane,PROD_7781fd4a,Oriental Indoor Rug, $225.07 ,2,10/18/2025
INV_437262,CUST_1362,Melissa Brewer,PROD_d02253d6,Lanett Oriental Blue/Gray Area Rug, $94.53 ,1,10/18/2025
INV_475481,CUST_1005,Monica Herrera,PROD_0a14d1b3,White Shag Novelty Faux Sheepskin Fur Fluffy Rug, $70.46 ,1,10/18/2025
INV_369452,CUST_1271,David Garcia,PROD_7cb7c01e,Achilles Cream/Gray Rug, $123.96 ,2,10/18/2025
INV_423993,CUST_1014,Rebecca Henderson,PROD_289ed9b0,Ankita Bordered Jute Area Rug, $332.60 ,1,10/18/2025
INV_980266,CUST_1030,Angela Morton,PROD_cb6ebe0a,Harjot Medium Rug, $161.56 ,1,10/18/2025
INV_643471,CUST_1221,Jessica Ross,PROD_9360ae59,Botanical Modern Machine Washable Floral Indoor Oriental Performance Area Rug, $112.56 ,1,10/19/2025
INV_566740,CUST_1332,Michelle Miller,PROD_94b9189a,Enciso Machine Woven Stain Resistant Indoor/Outdoor Area Rug, $65.85 ,1,10/19/2025
INV_535320,CUST_1032,Carmen Smith,PROD_03533587,Hand Hooked Wool Oriental Indoor Rug, $48.20 ,1,10/19/2025
INV_495476,CUST_1444,Mrs. Stacey Davis,PROD_89c6f605,Washable Oriental  Area Rugs Non slip Green Rugs, $19.01 ,1,10/19/2025
INV_911117,CUST_1002,Cristian Santos,PROD_d02253d6,Lanett Oriental Blue/Gray Area Rug, $94.17 ,1,10/19/2025
INV_297062,CUST_1478,Alejandra King,PROD_ffc555c6,"Azelhurst 7'8"" X 10' Area Rug", $646.67 ,1,10/19/2025
INV_469038,CUST_1323,Adam Jackson,PROD_b7d8e041,Jodhveer Area Rug Washable Rug Non-Slip Backing Indoor Rugs, $39.35 ,1,10/19/2025
INV_417534,CUST_1489,Julie Wilson,PROD_16a4bedb,Aitken Machine Woven Geometric Indoor and Outdoor Rug, $68.33 ,1,10/19/2025
INV_646622,CUST_1430,Devin Johnson,PROD_ffc555c6,"Azelhurst 7'8"" X 10' Area Rug", $687.80 ,1,10/20/2025
INV_515035,CUST_1007,Dr. Sharon James,PROD_ba5eef5e,Gauna Power Loomed Geometric Indoor and Outdoor Rug, $87.73 ,1,10/20/2025
INV_636107,CUST_1011,Jennifer Rocha,PROD_3b59c0ac,Seraphine Coastal Flatweave Navy Indoor /  Outdoor Area Rug, $76.05 ,1,10/20/2025
INV_748276,CUST_1019,Linda Burns,PROD_289ed9b0,Ankita Bordered Jute Area Rug, $322.83 ,1,10/20/2025
INV_995916,CUST_1442,Patricia Bradley,PROD_fd0cd8cf,Non-Slip Washable Stain Resistant Area Rug For Living Room Bedroom Dining Room, $100.66 ,1,10/20/2025
INV_910891,CUST_1204,David Davidson,PROD_61bd4c69,Area Rug Machine Washable Rugs with Rubber Backing for Living Room, $20.72 ,1,10/21/2025
INV_684632,CUST_1451,Colton Terry,PROD_16a4bedb,Aitken Machine Woven Geometric Indoor and Outdoor Rug, $71.84 ,1,10/21/2025
INV_752542,CUST_1302,Megan Floyd,PROD_f6c97a80,Livdon Washable Medium Rug, $152.12 ,2,10/21/2025
INV_284533,CUST_1014,Rebecca Henderson,PROD_049d2289,Valis Faux Sheepskin Indoor Rug, $105.64 ,2,10/21/2025
INV_355709,CUST_1425,Jessica Ramsey,PROD_15009179,Maust Sunshine Rainbow Shag Rug, $114.19 ,1,10/21/2025
INV_179046,CUST_1216,Ashley Perkins,PROD_289ed9b0,Ankita Bordered Jute Area Rug, $324.77 ,1,10/21/2025
INV_246802,CUST_1310,Elizabeth Ward,PROD_15009179,Maust Sunshine Rainbow Shag Rug, $113.94 ,1,10/22/2025
INV_886609,CUST_1468,Alicia Roth,PROD_7cb7c01e,Achilles Cream/Gray Rug, $118.76 ,1,10/22/2025
INV_376331,CUST_1095,Tiffany Vaughn,PROD_07dd57f8,Nola Geometric Indoor / Outdoor Rug, $104.71 ,2,10/22/2025
INV_843647,CUST_1010,Andrew Stewart,PROD_cd80d75a,Corrbell 5' X 7' Area Rug, $206.66 ,1,10/22/2025
INV_488528,CUST_1315,Kelly Combs,PROD_9360ae59,Botanical Modern Machine Washable Floral Indoor Oriental Performance Area Rug, $111.52 ,1,10/22/2025
INV_370143,CUST_1462,Deanna Bartlett,PROD_94b9189a,Enciso Machine Woven Stain Resistant Indoor/Outdoor Area Rug, $63.17 ,1,10/22/2025
INV_182034,CUST_1269,Thomas Douglas,PROD_cd80d75a,Corrbell 5' X 7' Area Rug, $202.28 ,1,10/22/2025
INV_921169,CUST_1394,Lori Mason,PROD_b7d8e041,Jodhveer Area Rug Washable Rug Non-Slip Backing Indoor Rugs, $40.25 ,1,10/23/2025
INV_158232,CUST_1410,Makayla Steele,PROD_a0eaf6eb,Tomas Chevron Rug Dark Blue/Gray Indoor/Outdoor Area Rug, $90.36 ,1,10/23/2025
INV_983791,CUST_1024,Crystal Robinson,PROD_a39a8d2b,Rinoa Indoor / Outdoor Rug, $202.89 ,1,10/23/2025
INV_627335,CUST_1225,Heather Bolton,PROD_20bbb110,Ainswick Memory Foam Large Rug, $585.84 ,1,10/23/2025
INV_425790,CUST_1035,Kim Brown,PROD_20bbb110,Ainswick Memory Foam Large Rug, $585.58 ,1,10/23/2025
INV_897861,CUST_1245,Melinda Evans,PROD_af993edd,"Reversible Waterproof Plastic Straw Outdoor Area Rug for Patio, Camping", $55.91 ,1,10/23/2025
INV_346668,CUST_1183,Eric Morgan,PROD_03533587,Hand Hooked Wool Oriental Indoor Rug, $51.82 ,1,10/23/2025
INV_875089,CUST_1299,Donna Cabrera,PROD_7cb7c01e,Achilles Cream/Gray Rug, $114.54 ,1,10/23/2025
INV_735463,CUST_1156,Brianna Anderson,PROD_20bbb110,Ainswick Memory Foam Large Rug, $562.87 ,1,10/24/2025
INV_274444,CUST_1075,Rebecca Ramsey,PROD_f6c97a80,Livdon Washable Medium Rug, $157.29 ,1,10/24/2025
INV_772464,CUST_1054,Victoria Johnson,PROD_61bd4c69,Area Rug Machine Washable Rugs with Rubber Backing for Living Room, $19.90 ,1,10/24/2025
INV_433222,CUST_1120,Thomas Romero,PROD_96a0055d,Loloi Botanical Ivory / Multi Area Rug, $33.38 ,1,10/24/2025
INV_327114,CUST_1372,Kenneth Farley,PROD_179506f6,Warkentin Geometric Indoor Rug, $135.80 ,2,10/24/2025
INV_548544,CUST_1239,Amy Martinez,PROD_7cb7c01e,Achilles Cream/Gray Rug, $117.30 ,1,10/25/2025
INV_253541,CUST_1384,Karen Perez,PROD_ba5eef5e,Gauna Power Loomed Geometric Indoor and Outdoor Rug, $88.59 ,1,10/25/2025
INV_595404,CUST_1070,Chris Reyes,PROD_f03852cf,Lahjar Speckled Wool Blend Area Rug, $541.69 ,2,10/25/2025
INV_542904,CUST_1457,Rhonda Gutierrez,PROD_aaf8a92a,Izola Oriental Indoor/Outdoor Area Rug, $191.97 ,5,10/25/2025
INV_918771,CUST_1331,Henry Pugh MD,PROD_819dccdf,Paint Chip Blue Machine Washable Rug, $34.70 ,1,10/25/2025
INV_996840,CUST_1029,Connor West,PROD_0f472890,Oriental Vintage Machine Washable Non-Slip Dark Green Indoor Area Rug, $124.49 ,1,10/25/2025
INV_542983,CUST_1452,Kenneth Larsen,PROD_b7d8e041,Jodhveer Area Rug Washable Rug Non-Slip Backing Indoor Rugs, $38.84 ,1,10/25/2025
INV_988980,CUST_1309,Jennifer Allen,PROD_7781fd4a,Oriental Indoor Rug, $225.33 ,1,10/26/2025
INV_863364,CUST_1411,Oscar Parker,PROD_d02253d6,Lanett Oriental Blue/Gray Area Rug, $93.73 ,1,10/26/2025
INV_149617,CUST_1247,Kayla Rodriguez,PROD_0f472890,Oriental Vintage Machine Washable Non-Slip Dark Green Indoor Area Rug, $133.50 ,1,10/26/2025
INV_223264,CUST_1373,Wendy Camacho,PROD_d02253d6,Lanett Oriental Blue/Gray Area Rug, $98.22 ,1,10/26/2025
INV_149261,CUST_1401,Laura Jones,PROD_3b59c0ac,Seraphine Coastal Flatweave Navy Indoor /  Outdoor Area Rug, $74.40 ,1,10/26/2025
INV_883041,CUST_1323,Adam Jackson,PROD_0a14d1b3,White Shag Novelty Faux Sheepskin Fur Fluffy Rug, $76.62 ,5,10/26/2025
INV_809489,CUST_1369,Scott Miller,PROD_68bfe17c,Adrihana Machine Woven Abstract Area Rug, $217.44 ,1,10/26/2025
INV_837135,CUST_1016,Patricia Peterson,PROD_89c6f605,Washable Oriental  Area Rugs Non slip Green Rugs, $20.40 ,1,10/26/2025
INV_848831,CUST_1411,Oscar Parker,PROD_28b95f59,Mendota Geometric Tan Indoor/Outdoor Area Rug, $133.58 ,5,10/27/2025
INV_809641,CUST_1447,Rachel Lane,PROD_f03852cf,Lahjar Speckled Wool Blend Area Rug, $512.72 ,1,10/27/2025
INV_805034,CUST_1319,Megan Drake,PROD_7781fd4a,Oriental Indoor Rug, $231.23 ,1,10/27/2025
INV_183029,CUST_1268,Jennifer Reed,PROD_15009179,Maust Sunshine Rainbow Shag Rug, $109.64 ,1,10/27/2025
INV_407804,CUST_1392,Ryan Fisher,PROD_03533587,Hand Hooked Wool Oriental Indoor Rug, $48.99 ,5,10/27/2025
INV_625465,CUST_1301,Sheryl Buck,PROD_a372467d,Leosvel Faux Sheepskin Indoor Rug, $190.74 ,1,10/27/2025
INV_335765,CUST_1389,Bradley Tran,PROD_89c6f605,Washable Oriental  Area Rugs Non slip Green Rugs, $19.06 ,1,10/28/2025
INV_180558,CUST_1024,Crystal Robinson,PROD_af993edd,"Reversible Waterproof Plastic Straw Outdoor Area Rug for Patio, Camping", $56.16 ,1,10/28/2025
INV_492052,CUST_1181,Brian Smith,PROD_ffc555c6,"Azelhurst 7'8"" X 10' Area Rug", $673.19 ,1,10/28/2025
INV_486028,CUST_1422,Richard Walker,PROD_aaf8a92a,Izola Oriental Indoor/Outdoor Area Rug, $184.10 ,1,10/28/2025
INV_230738,CUST_1085,Matthew Smith,PROD_15009179,Maust Sunshine Rainbow Shag Rug, $105.43 ,1,10/29/2025
INV_637700,CUST_1183,Eric Morgan,PROD_15009179,Maust Sunshine Rainbow Shag Rug, $113.76 ,1,10/29/2025
INV_825391,CUST_1008,Daniel Adams,PROD_15009179,Maust Sunshine Rainbow Shag Rug, $106.93 ,1,10/29/2025
INV_183958,CUST_1092,Alan Phillips,PROD_aaf8a92a,Izola Oriental Indoor/Outdoor Area Rug, $181.68 ,1,10/29/2025
INV_748564,CUST_1040,Sherry Wood,PROD_16a4bedb,Aitken Machine Woven Geometric Indoor and Outdoor Rug, $73.33 ,1,10/29/2025
INV_403905,CUST_1331,Henry Pugh MD,PROD_7781fd4a,Oriental Indoor Rug, $226.40 ,5,10/30/2025
INV_927899,CUST_1175,Lawrence Perry,PROD_89c6f605,Washable Oriental  Area Rugs Non slip Green Rugs, $20.20 ,1,10/30/2025
INV_731894,CUST_1167,Kristina Santiago,PROD_179506f6,Warkentin Geometric Indoor Rug, $127.47 ,1,10/30/2025
INV_455168,CUST_1467,Amanda Preston,PROD_cb6ebe0a,Harjot Medium Rug, $163.93 ,2,10/30/2025
INV_674765,CUST_1360,Leslie Powers,PROD_9360ae59,Botanical Modern Machine Washable Floral Indoor Oriental Performance Area Rug, $113.02 ,1,10/30/2025
INV_288158,CUST_1426,Daniel Lopez,PROD_819dccdf,Paint Chip Blue Machine Washable Rug, $34.24 ,1,10/30/2025
INV_847748,CUST_1043,Michelle Harris,PROD_03310af2,"Dylanton 7'8"" X 10' Area Rug", $484.00 ,1,10/30/2025
INV_206053,CUST_1079,Mrs. Marie Harrington DDS,PROD_fd0cd8cf,Non-Slip Washable Stain Resistant Area Rug For Living Room Bedroom Dining Room, $101.37 ,1,10/30/2025
INV_409571,CUST_1183,Eric Morgan,PROD_db0bc388,Waikiki Blue Indoor/Outdoor Rug, $152.13 ,1,10/30/2025
INV_161324,CUST_1079,Mrs. Marie Harrington DDS,PROD_819dccdf,Paint Chip Blue Machine Washable Rug, $34.21 ,1,10/30/2025
INV_535686,CUST_1067,Jessica Meadows,PROD_15009179,Maust Sunshine Rainbow Shag Rug, $108.08 ,2,10/30/2025
INV_412071,CUST_1142,Casey Anderson,PROD_16a4bedb,Aitken Machine Woven Geometric Indoor and Outdoor Rug, $69.04 ,2,10/31/2025
INV_268010,CUST_1387,Tamara Jensen,PROD_07dd57f8,Nola Geometric Indoor / Outdoor Rug, $99.04 ,1,10/31/2025
INV_708093,CUST_1144,Brenda Levy,PROD_a372467d,Leosvel Faux Sheepskin Indoor Rug, $204.67 ,1,10/31/2025
INV_799287,CUST_1434,Suzanne Johnson,PROD_03533587,Hand Hooked Wool Oriental Indoor Rug, $50.03 ,1,11/1/2025
INV_812569,CUST_1348,Matthew Williams,PROD_b59a3efe,Machine Washable Area Rugs for Entryway 2x3 Non-Slip Soft Throw Rugs Blue/Gray, $20.13 ,1,11/1/2025
INV_947607,CUST_1304,Kristina Faulkner,PROD_a0eaf6eb,Tomas Chevron Rug Dark Blue/Gray Indoor/Outdoor Area Rug, $87.73 ,1,11/1/2025
INV_180657,CUST_1141,Richard Johnson,PROD_9360ae59,Botanical Modern Machine Washable Floral Indoor Oriental Performance Area Rug, $116.81 ,1,11/1/2025
INV_260221,CUST_1437,Carlos Love,PROD_15009179,Maust Sunshine Rainbow Shag Rug, $111.04 ,2,11/1/2025
INV_644675,CUST_1000,Allison Hill,PROD_07dd57f8,Nola Geometric Indoor / Outdoor Rug, $97.36 ,1,11/1/2025
INV_251363,CUST_1123,Kimberly Gibson,PROD_89c6f605,Washable Oriental  Area Rugs Non slip Green Rugs, $20.70 ,1,11/1/2025
INV_974767,CUST_1078,Trevor Fisher,PROD_049d2289,Valis Faux Sheepskin Indoor Rug, $108.73 ,2,11/1/2025
INV_208618,CUST_1418,John Phelps,PROD_16a4bedb,Aitken Machine Woven Geometric Indoor and Outdoor Rug, $74.06 ,1,11/1/2025
INV_233997,CUST_1464,Ashley Hernandez,PROD_cb6ebe0a,Harjot Medium Rug, $154.37 ,1,11/1/2025
INV_291031,CUST_1202,Vincent Mueller,PROD_0f472890,Oriental Vintage Machine Washable Non-Slip Dark Green Indoor Area Rug, $128.23 ,2,11/1/2025
INV_803869,CUST_1317,Mark Peck,PROD_94b9189a,Enciso Machine Woven Stain Resistant Indoor/Outdoor Area Rug, $68.09 ,2,11/2/2025
INV_552816,CUST_1226,Heidi Owen,PROD_a39a8d2b,Rinoa Indoor / Outdoor Rug, $205.24 ,1,11/2/2025
INV_736408,CUST_1013,Zachary Hicks,PROD_179506f6,Warkentin Geometric Indoor Rug, $126.16 ,1,11/2/2025
INV_700705,CUST_1136,Ryan Gonzalez,PROD_61bd4c69,Area Rug Machine Washable Rugs with Rubber Backing for Living Room, $20.15 ,1,11/2/2025
INV_831871,CUST_1423,Angela Willis,PROD_0a14d1b3,White Shag Novelty Faux Sheepskin Fur Fluffy Rug, $71.32 ,5,11/2/2025
INV_492393,CUST_1110,David Davis,PROD_7ef65a00,Jules Checkered Area Rug, $130.60 ,1,11/2/2025
INV_280865,CUST_1203,Douglas Reyes,PROD_1ad08862,Scalloped Washable Rug Area Rugs for Living Room Modern Rugs Abstract Non-Slip, $77.42 ,1,11/2/2025
INV_241677,CUST_1345,David Moore,PROD_a6ea231c,Ava-Mary Striped Indoor / Outdoor Rug, $141.89 ,1,11/2/2025
INV_675402,CUST_1407,John Campbell,PROD_15009179,Maust Sunshine Rainbow Shag Rug, $113.65 ,1,11/2/2025
INV_962671,CUST_1474,Madison Martinez,PROD_049d2289,Valis Faux Sheepskin Indoor Rug, $99.73 ,1,11/2/2025
INV_428933,CUST_1358,Katherine Church,PROD_16a4bedb,Aitken Machine Woven Geometric Indoor and Outdoor Rug, $72.56 ,2,11/3/2025
INV_201013,CUST_1167,Kristina Santiago,PROD_28b95f59,Mendota Geometric Tan Indoor/Outdoor Area Rug, $141.70 ,1,11/3/2025
INV_116078,CUST_1106,Dennis Moody,PROD_61bd4c69,Area Rug Machine Washable Rugs with Rubber Backing for Living Room, $20.90 ,2,11/3/2025
INV_683879,CUST_1212,Jose Allen,PROD_1ad08862,Scalloped Washable Rug Area Rugs for Living Room Modern Rugs Abstract Non-Slip, $73.97 ,1,11/3/2025
INV_110151,CUST_1447,Rachel Lane,PROD_9d77c7b9,Rifle Paper Co. x Loloi Rosa Sky Area Rug, $115.57 ,1,11/4/2025
INV_843826,CUST_1129,Stacy Freeman,PROD_86d6a4e7,"Eldonmore 7'8"" X 10' Area Rug", $714.88 ,1,11/4/2025
INV_774206,CUST_1201,Cynthia Wallace,PROD_885c587d,"Paseo Gurseerit All-Weather Flatweave Indoor/Outdoor Area Rug, Brown Black", $95.94 ,1,11/4/2025
INV_860557,CUST_1213,Jason Beck,PROD_3a8f5324,"Lisgrove 7'8"" X 10' Area Rug", $679.58 ,5,11/5/2025
INV_514463,CUST_1269,Thomas Douglas,PROD_179506f6,Warkentin Geometric Indoor Rug, $124.08 ,1,11/5/2025
INV_911801,CUST_1247,Kayla Rodriguez,PROD_049d2289,Valis Faux Sheepskin Indoor Rug, $104.80 ,1,11/5/2025
INV_429776,CUST_1304,Kristina Faulkner,PROD_03533587,Hand Hooked Wool Oriental Indoor Rug, $51.02 ,1,11/5/2025
INV_605048,CUST_1327,Michelle Sanders,PROD_aaf8a92a,Izola Oriental Indoor/Outdoor Area Rug, $192.55 ,1,11/6/2025
INV_844144,CUST_1066,Robert Contreras,PROD_885c587d,"Paseo Gurseerit All-Weather Flatweave Indoor/Outdoor Area Rug, Brown Black", $91.37 ,1,11/6/2025
INV_139434,CUST_1259,Veronica Silva,PROD_fd0cd8cf,Non-Slip Washable Stain Resistant Area Rug For Living Room Bedroom Dining Room, $97.62 ,1,11/6/2025
INV_774751,CUST_1480,Jorge Bates,PROD_15009179,Maust Sunshine Rainbow Shag Rug, $110.64 ,2,11/6/2025
INV_732829,CUST_1410,Makayla Steele,PROD_81ed29d6,Soft Washable Vintage Distressed Beige Area Rug with Non-Slip Backing, $141.48 ,1,11/6/2025
INV_332335,CUST_1040,Sherry Wood,PROD_a6ea231c,Ava-Mary Striped Indoor / Outdoor Rug, $151.63 ,2,11/6/2025
INV_873422,CUST_1476,Anthony Nash,PROD_94b9189a,Enciso Machine Woven Stain Resistant Indoor/Outdoor Area Rug, $63.23 ,1,11/6/2025
INV_460234,CUST_1276,Tanya Rogers,PROD_3a8f5324,"Lisgrove 7'8"" X 10' Area Rug", $667.45 ,1,11/7/2025
INV_922366,CUST_1072,Alicia Gilmore,PROD_f6c97a80,Livdon Washable Medium Rug, $155.51 ,1,11/7/2025
INV_320039,CUST_1295,Kimberly Patel,PROD_cd80d75a,Corrbell 5' X 7' Area Rug, $205.81 ,1,11/7/2025
INV_820426,CUST_1059,Stephanie Gilbert,PROD_163bd914,Disney Mickey Mouse Tropical Sand Dollar Havana Brown/ Sand Flatweave Indoor/, $217.87 ,1,11/7/2025
INV_667430,CUST_1386,Alejandra Santos,PROD_f6c97a80,Livdon Washable Medium Rug, $159.31 ,1,11/7/2025
INV_615500,CUST_1406,Michael Williams,PROD_b7d8e041,Jodhveer Area Rug Washable Rug Non-Slip Backing Indoor Rugs, $38.13 ,1,11/7/2025
INV_156415,CUST_1499,Katherine Christensen MD,PROD_0a14d1b3,White Shag Novelty Faux Sheepskin Fur Fluffy Rug, $76.39 ,1,11/8/2025
INV_166670,CUST_1440,Marie Thompson,PROD_15009179,Maust Sunshine Rainbow Shag Rug, $111.11 ,1,11/8/2025
INV_216211,CUST_1321,Judy Sanchez,PROD_b7d8e041,Jodhveer Area Rug Washable Rug Non-Slip Backing Indoor Rugs, $39.29 ,1,11/8/2025
INV_581992,CUST_1269,Thomas Douglas,PROD_94b9189a,Enciso Machine Woven Stain Resistant Indoor/Outdoor Area Rug, $67.96 ,1,11/8/2025
INV_361736,CUST_1187,Jeremy Turner,PROD_a6ea231c,Ava-Mary Striped Indoor / Outdoor Rug, $150.20 ,1,11/8/2025
INV_805483,CUST_1353,Ashley Sweeney,PROD_289ed9b0,Ankita Bordered Jute Area Rug, $327.54 ,1,11/8/2025
INV_549622,CUST_1174,Sophia Moore,PROD_15009179,Maust Sunshine Rainbow Shag Rug, $113.79 ,1,11/8/2025
INV_640418,CUST_1453,Matthew Greene,PROD_f03852cf,Lahjar Speckled Wool Blend Area Rug, $542.52 ,1,11/9/2025
INV_440424,CUST_1477,Matthew Palmer,PROD_f6c97a80,Livdon Washable Medium Rug, $158.78 ,1,11/9/2025
INV_512040,CUST_1149,David Medina,PROD_049d2289,Valis Faux Sheepskin Indoor Rug, $108.42 ,1,11/9/2025
INV_806004,CUST_1207,Zachary Brooks,PROD_81ed29d6,Soft Washable Vintage Distressed Beige Area Rug with Non-Slip Backing, $129.42 ,1,11/9/2025
INV_176066,CUST_1153,Samantha Davis,PROD_20bbb110,Ainswick Memory Foam Large Rug, $594.44 ,2,11/9/2025
INV_359822,CUST_1493,Abigail Hill,PROD_81ed29d6,Soft Washable Vintage Distressed Beige Area Rug with Non-Slip Backing, $139.95 ,1,11/9/2025
INV_623481,CUST_1448,Fernando Lynn,PROD_7781fd4a,Oriental Indoor Rug, $220.47 ,1,11/9/2025
INV_304061,CUST_1272,Vanessa Moore,PROD_d02253d6,Lanett Oriental Blue/Gray Area Rug, $92.19 ,1,11/9/2025
INV_125918,CUST_1411,Oscar Parker,PROD_1ad08862,Scalloped Washable Rug Area Rugs for Living Room Modern Rugs Abstract Non-Slip, $74.27 ,2,11/10/2025
INV_292800,CUST_1401,Laura Jones,PROD_7781fd4a,Oriental Indoor Rug, $227.57 ,1,11/10/2025
INV_195446,CUST_1012,Kimberly Burgess,PROD_7ef65a00,Jules Checkered Area Rug, $133.40 ,1,11/10/2025
INV_509260,CUST_1301,Sheryl Buck,PROD_ef361fba,"Radiant Oriental Multicolor Hand Knotted Wool Blue, Pink, Navy Traditional Area"," $3,358.42 ",5,11/10/2025
INV_767044,CUST_1355,Charlotte Sandoval,PROD_0f472890,Oriental Vintage Machine Washable Non-Slip Dark Green Indoor Area Rug, $131.28 ,1,11/10/2025
INV_798740,CUST_1452,Kenneth Larsen,PROD_3b59c0ac,Seraphine Coastal Flatweave Navy Indoor /  Outdoor Area Rug, $76.48 ,1,11/10/2025
INV_209812,CUST_1150,Kimberly Matthews,PROD_ef361fba,"Radiant Oriental Multicolor Hand Knotted Wool Blue, Pink, Navy Traditional Area"," $3,318.77 ",1,11/11/2025
INV_193035,CUST_1121,Richard Adams,PROD_f6c97a80,Livdon Washable Medium Rug, $152.74 ,1,11/11/2025
INV_228473,CUST_1287,Stephanie Harris,PROD_96a0055d,Loloi Botanical Ivory / Multi Area Rug, $32.14 ,1,11/11/2025
INV_462147,CUST_1160,Judith Maynard,PROD_7781fd4a,Oriental Indoor Rug, $232.31 ,1,11/11/2025
INV_828716,CUST_1493,Abigail Hill,PROD_a6ea231c,Ava-Mary Striped Indoor / Outdoor Rug, $144.90 ,1,11/11/2025
INV_936258,CUST_1198,Ralph Lee,PROD_81ed29d6,Soft Washable Vintage Distressed Beige Area Rug with Non-Slip Backing, $139.68 ,1,11/11/2025
INV_181670,CUST_1213,Jason Beck,PROD_a372467d,Leosvel Faux Sheepskin Indoor Rug, $193.46 ,1,11/11/2025
INV_391668,CUST_1384,Karen Perez,PROD_1ad08862,Scalloped Washable Rug Area Rugs for Living Room Modern Rugs Abstract Non-Slip, $74.02 ,1,11/12/2025
INV_162036,CUST_1387,Tamara Jensen,PROD_af993edd,"Reversible Waterproof Plastic Straw Outdoor Area Rug for Patio, Camping", $54.79 ,1,11/12/2025
INV_790266,CUST_1317,Mark Peck,PROD_07dd57f8,Nola Geometric Indoor / Outdoor Rug, $104.24 ,1,11/12/2025
INV_787247,CUST_1178,Paul Thompson,PROD_819dccdf,Paint Chip Blue Machine Washable Rug, $34.65 ,1,11/12/2025
INV_152042,CUST_1251,Amber Campbell,PROD_819dccdf,Paint Chip Blue Machine Washable Rug, $33.51 ,1,11/12/2025
INV_656829,CUST_1486,Sarah Pittman,PROD_163bd914,Disney Mickey Mouse Tropical Sand Dollar Havana Brown/ Sand Flatweave Indoor/, $214.20 ,1,11/12/2025
INV_648615,CUST_1209,Luis Bullock,PROD_a0eaf6eb,Tomas Chevron Rug Dark Blue/Gray Indoor/Outdoor Area Rug, $88.41 ,1,11/12/2025
INV_250219,CUST_1395,Kimberly Hernandez,PROD_0a14d1b3,White Shag Novelty Faux Sheepskin Fur Fluffy Rug, $71.07 ,1,11/12/2025
INV_910075,CUST_1161,Katherine Browning,PROD_049d2289,Valis Faux Sheepskin Indoor Rug, $100.00 ,1,11/13/2025
INV_703998,CUST_1136,Ryan Gonzalez,PROD_81ed29d6,Soft Washable Vintage Distressed Beige Area Rug with Non-Slip Backing, $138.50 ,2,11/13/2025
INV_690500,CUST_1422,Richard Walker,PROD_a372467d,Leosvel Faux Sheepskin Indoor Rug, $200.14 ,1,11/13/2025
INV_127121,CUST_1455,Martin Hughes,PROD_81ed29d6,Soft Washable Vintage Distressed Beige Area Rug with Non-Slip Backing, $137.40 ,1,11/13/2025
INV_516866,CUST_1240,Travis Stone,PROD_9d77c7b9,Rifle Paper Co. x Loloi Rosa Sky Area Rug, $115.91 ,1,11/13/2025
INV_497346,CUST_1393,Austin Baker,PROD_b7d8e041,Jodhveer Area Rug Washable Rug Non-Slip Backing Indoor Rugs, $38.48 ,1,11/13/2025
INV_755119,CUST_1229,Laura Moreno,PROD_28b95f59,Mendota Geometric Tan Indoor/Outdoor Area Rug, $134.24 ,2,11/14/2025
INV_644932,CUST_1203,Douglas Reyes,PROD_16a4bedb,Aitken Machine Woven Geometric Indoor and Outdoor Rug, $73.52 ,1,11/14/2025
INV_695148,CUST_1275,Jennifer Simpson DVM,PROD_b7d8e041,Jodhveer Area Rug Washable Rug Non-Slip Backing Indoor Rugs, $39.33 ,2,11/14/2025
INV_373832,CUST_1141,Richard Johnson,PROD_ffc555c6,"Azelhurst 7'8"" X 10' Area Rug", $694.21 ,1,11/14/2025
INV_601608,CUST_1106,Dennis Moody,PROD_16a4bedb,Aitken Machine Woven Geometric Indoor and Outdoor Rug, $74.53 ,2,11/14/2025
INV_281301,CUST_1375,Jason Hayes,PROD_fd0cd8cf,Non-Slip Washable Stain Resistant Area Rug For Living Room Bedroom Dining Room, $100.86 ,2,11/14/2025
INV_933853,CUST_1064,Michael Snyder,PROD_96a0055d,Loloi Botanical Ivory / Multi Area Rug, $31.55 ,1,11/14/2025
INV_219490,CUST_1095,Tiffany Vaughn,PROD_0f472890,Oriental Vintage Machine Washable Non-Slip Dark Green Indoor Area Rug, $126.05 ,1,11/14/2025
INV_344903,CUST_1496,Michael Sims,PROD_1b747b15,"Bachby 5'3"" X 7' Area Rug", $162.84 ,2,11/14/2025
INV_348636,CUST_1398,Mary Thompson,PROD_03533587,Hand Hooked Wool Oriental Indoor Rug, $48.63 ,1,11/14/2025
INV_695164,CUST_1159,Jodi Walker,PROD_a372467d,Leosvel Faux Sheepskin Indoor Rug, $203.47 ,1,11/14/2025
INV_792232,CUST_1394,Lori Mason,PROD_94b9189a,Enciso Machine Woven Stain Resistant Indoor/Outdoor Area Rug, $64.95 ,1,11/15/2025
INV_801765,CUST_1218,Chad Baldwin,PROD_7cb7c01e,Achilles Cream/Gray Rug, $115.03 ,5,11/15/2025
INV_385166,CUST_1358,Katherine Church,PROD_1b747b15,"Bachby 5'3"" X 7' Area Rug", $157.08 ,5,11/15/2025
INV_814407,CUST_1346,Karen Morales DDS,PROD_96a0055d,Loloi Botanical Ivory / Multi Area Rug, $31.43 ,1,11/16/2025
INV_756403,CUST_1100,Jennifer Jones,PROD_ba5eef5e,Gauna Power Loomed Geometric Indoor and Outdoor Rug, $85.34 ,1,11/16/2025
INV_420523,CUST_1248,Anthony Dougherty,PROD_d02253d6,Lanett Oriental Blue/Gray Area Rug, $98.12 ,2,11/16/2025
INV_432963,CUST_1306,Michael Morrison,PROD_d02253d6,Lanett Oriental Blue/Gray Area Rug, $93.44 ,1,11/16/2025
INV_558976,CUST_1331,Henry Pugh MD,PROD_ba5eef5e,Gauna Power Loomed Geometric Indoor and Outdoor Rug, $85.75 ,1,11/16/2025
INV_811332,CUST_1171,Christopher Park,PROD_fd0cd8cf,Non-Slip Washable Stain Resistant Area Rug For Living Room Bedroom Dining Room, $94.02 ,1,11/16/2025
INV_926952,CUST_1445,Hayley Buchanan,PROD_89c6f605,Washable Oriental  Area Rugs Non slip Green Rugs, $20.54 ,1,11/16/2025
INV_697467,CUST_1078,Trevor Fisher,PROD_819dccdf,Paint Chip Blue Machine Washable Rug, $34.25 ,1,11/16/2025
INV_795612,CUST_1035,Kim Brown,PROD_179506f6,Warkentin Geometric Indoor Rug, $131.59 ,1,11/17/2025
INV_535970,CUST_1212,Jose Allen,PROD_9360ae59,Botanical Modern Machine Washable Floral Indoor Oriental Performance Area Rug, $117.49 ,1,11/17/2025
INV_349565,CUST_1034,Lauren Daniels,PROD_f03852cf,Lahjar Speckled Wool Blend Area Rug, $497.68 ,1,11/17/2025
INV_220944,CUST_1431,William Moreno,PROD_aaf8a92a,Izola Oriental Indoor/Outdoor Area Rug, $193.12 ,1,11/17/2025
INV_936997,CUST_1293,Susan Bennett,PROD_a372467d,Leosvel Faux Sheepskin Indoor Rug, $196.43 ,1,11/17/2025
INV_268099,CUST_1202,Vincent Mueller,PROD_9360ae59,Botanical Modern Machine Washable Floral Indoor Oriental Performance Area Rug, $121.68 ,1,11/17/2025
INV_329056,CUST_1339,Brian Torres,PROD_61bd4c69,Area Rug Machine Washable Rugs with Rubber Backing for Living Room, $19.71 ,2,11/17/2025
INV_938171,CUST_1024,Crystal Robinson,PROD_a0eaf6eb,Tomas Chevron Rug Dark Blue/Gray Indoor/Outdoor Area Rug, $89.90 ,1,11/17/2025
INV_205428,CUST_1051,Courtney Velasquez,PROD_9360ae59,Botanical Modern Machine Washable Floral Indoor Oriental Performance Area Rug, $119.53 ,2,11/17/2025
INV_749863,CUST_1114,Brandon King,PROD_20bbb110,Ainswick Memory Foam Large Rug, $573.42 ,1,11/17/2025
INV_592053,CUST_1246,Mr. Lawrence Edwards,PROD_fd0cd8cf,Non-Slip Washable Stain Resistant Area Rug For Living Room Bedroom Dining Room, $94.43 ,1,11/18/2025
INV_348243,CUST_1426,Daniel Lopez,PROD_a39a8d2b,Rinoa Indoor / Outdoor Rug, $203.39 ,1,11/18/2025
INV_593808,CUST_1030,Angela Morton,PROD_a39a8d2b,Rinoa Indoor / Outdoor Rug, $211.74 ,1,11/18/2025
INV_898717,CUST_1355,Charlotte Sandoval,PROD_9d77c7b9,Rifle Paper Co. x Loloi Rosa Sky Area Rug, $107.07 ,1,11/18/2025
INV_531712,CUST_1091,Jason Peters,PROD_1b747b15,"Bachby 5'3"" X 7' Area Rug", $164.51 ,1,11/18/2025
INV_768061,CUST_1022,Lisa Brandt,PROD_163bd914,Disney Mickey Mouse Tropical Sand Dollar Havana Brown/ Sand Flatweave Indoor/, $214.50 ,1,11/18/2025
INV_520075,CUST_1478,Alejandra King,PROD_f6c97a80,Livdon Washable Medium Rug, $160.86 ,2,11/18/2025
INV_253437,CUST_1045,Michael Hoffman,PROD_0f472890,Oriental Vintage Machine Washable Non-Slip Dark Green Indoor Area Rug, $133.60 ,1,11/18/2025
INV_469412,CUST_1297,Austin Wheeler,PROD_1b747b15,"Bachby 5'3"" X 7' Area Rug", $154.12 ,1,11/18/2025
INV_703950,CUST_1407,John Campbell,PROD_3b59c0ac,Seraphine Coastal Flatweave Navy Indoor /  Outdoor Area Rug, $75.70 ,1,11/18/2025
INV_945197,CUST_1211,Riley Bryant,PROD_f03852cf,Lahjar Speckled Wool Blend Area Rug, $512.17 ,5,11/18/2025
INV_713455,CUST_1246,Mr. Lawrence Edwards,PROD_fd0cd8cf,Non-Slip Washable Stain Resistant Area Rug For Living Room Bedroom Dining Room, $93.26 ,1,11/19/2025
INV_853800,CUST_1018,Mark Lynch,PROD_aaf8a92a,Izola Oriental Indoor/Outdoor Area Rug, $182.95 ,1,11/19/2025
INV_719371,CUST_1444,Mrs. Stacey Davis,PROD_7ef65a00,Jules Checkered Area Rug, $129.13 ,1,11/19/2025
INV_953715,CUST_1235,Dr. Cynthia Snyder,PROD_aaf8a92a,Izola Oriental Indoor/Outdoor Area Rug, $184.30 ,2,11/19/2025
INV_219073,CUST_1104,Brad Allen,PROD_9d77c7b9,Rifle Paper Co. x Loloi Rosa Sky Area Rug, $107.77 ,2,11/19/2025
INV_539033,CUST_1296,Shaun Cannon,PROD_db0bc388,Waikiki Blue Indoor/Outdoor Rug, $146.67 ,1,11/19/2025
INV_477808,CUST_1230,Allison Lopez,PROD_1b747b15,"Bachby 5'3"" X 7' Area Rug", $156.15 ,1,11/19/2025
INV_498382,CUST_1079,Mrs. Marie Harrington DDS,PROD_885c587d,"Paseo Gurseerit All-Weather Flatweave Indoor/Outdoor Area Rug, Brown Black", $88.33 ,2,11/20/2025
INV_598312,CUST_1289,Jose Bryant,PROD_d02253d6,Lanett Oriental Blue/Gray Area Rug, $99.72 ,1,11/20/2025
INV_497542,CUST_1232,Benjamin Thompson,PROD_b59a3efe,Machine Washable Area Rugs for Entryway 2x3 Non-Slip Soft Throw Rugs Blue/Gray, $20.51 ,1,11/20/2025
INV_690996,CUST_1368,Jeffery Fitzgerald,PROD_86d6a4e7,"Eldonmore 7'8"" X 10' Area Rug", $723.97 ,1,11/20/2025
INV_693943,CUST_1048,Stacey Russell,PROD_3a8f5324,"Lisgrove 7'8"" X 10' Area Rug", $645.03 ,1,11/20/2025
INV_747561,CUST_1016,Patricia Peterson,PROD_fd0cd8cf,Non-Slip Washable Stain Resistant Area Rug For Living Room Bedroom Dining Room, $97.31 ,1,11/20/2025
INV_756944,CUST_1430,Devin Johnson,PROD_ef361fba,"Radiant Oriental Multicolor Hand Knotted Wool Blue, Pink, Navy Traditional Area"," $3,564.42 ",1,11/21/2025
INV_994911,CUST_1300,Victoria Boyd,PROD_0a14d1b3,White Shag Novelty Faux Sheepskin Fur Fluffy Rug, $76.07 ,1,11/21/2025
INV_214576,CUST_1031,Tammy Allison,PROD_a6ea231c,Ava-Mary Striped Indoor / Outdoor Rug, $152.44 ,1,11/21/2025
INV_821673,CUST_1489,Julie Wilson,PROD_179506f6,Warkentin Geometric Indoor Rug, $130.24 ,1,11/21/2025
INV_896456,CUST_1351,Todd Thomas,PROD_03310af2,"Dylanton 7'8"" X 10' Area Rug", $490.24 ,1,11/21/2025
INV_153190,CUST_1159,Jodi Walker,PROD_03310af2,"Dylanton 7'8"" X 10' Area Rug", $471.90 ,2,11/21/2025
INV_535092,CUST_1441,Michael Anderson,PROD_ef361fba,"Radiant Oriental Multicolor Hand Knotted Wool Blue, Pink, Navy Traditional Area"," $3,378.58 ",2,11/22/2025
INV_827774,CUST_1196,James Conner,PROD_fd0cd8cf,Non-Slip Washable Stain Resistant Area Rug For Living Room Bedroom Dining Room, $95.13 ,1,11/22/2025
INV_941403,CUST_1103,Marc Lynch,PROD_9d77c7b9,Rifle Paper Co. x Loloi Rosa Sky Area Rug, $113.06 ,1,11/22/2025
INV_216683,CUST_1147,Terri Murphy,PROD_163bd914,Disney Mickey Mouse Tropical Sand Dollar Havana Brown/ Sand Flatweave Indoor/, $212.89 ,2,11/23/2025
INV_346184,CUST_1141,Richard Johnson,PROD_fd0cd8cf,Non-Slip Washable Stain Resistant Area Rug For Living Room Bedroom Dining Room, $93.38 ,1,11/23/2025
INV_419484,CUST_1267,Justin Michael,PROD_cd80d75a,Corrbell 5' X 7' Area Rug, $196.34 ,1,11/23/2025
INV_889256,CUST_1162,Donald Schultz,PROD_0a14d1b3,White Shag Novelty Faux Sheepskin Fur Fluffy Rug, $73.98 ,2,11/23/2025
INV_765046,CUST_1107,Derek Thomas,PROD_7781fd4a,Oriental Indoor Rug, $220.26 ,1,11/23/2025
INV_808699,CUST_1467,Amanda Preston,PROD_aaf8a92a,Izola Oriental Indoor/Outdoor Area Rug, $185.85 ,1,11/23/2025
INV_542828,CUST_1004,Gabrielle Davis,PROD_3b59c0ac,Seraphine Coastal Flatweave Navy Indoor /  Outdoor Area Rug, $75.30 ,1,11/23/2025
INV_899281,CUST_1436,Anthony Guzman,PROD_1ad08862,Scalloped Washable Rug Area Rugs for Living Room Modern Rugs Abstract Non-Slip, $78.99 ,1,11/23/2025
INV_882169,CUST_1283,Stephanie Padilla,PROD_7ef65a00,Jules Checkered Area Rug, $133.98 ,2,11/24/2025
INV_376967,CUST_1146,James Little,PROD_aaf8a92a,Izola Oriental Indoor/Outdoor Area Rug, $191.98 ,1,11/24/2025
INV_810737,CUST_1199,Kimberly Rodgers,PROD_289ed9b0,Ankita Bordered Jute Area Rug, $335.97 ,1,11/24/2025
INV_777308,CUST_1156,Brianna Anderson,PROD_885c587d,"Paseo Gurseerit All-Weather Flatweave Indoor/Outdoor Area Rug, Brown Black", $89.34 ,1,11/24/2025
INV_711033,CUST_1155,Robin Hall,PROD_81ed29d6,Soft Washable Vintage Distressed Beige Area Rug with Non-Slip Backing, $142.66 ,1,11/24/2025
INV_946335,CUST_1049,Rita Keith,PROD_f6c97a80,Livdon Washable Medium Rug, $159.63 ,1,11/24/2025
INV_874879,CUST_1273,Matthew Velez,PROD_1b747b15,"Bachby 5'3"" X 7' Area Rug", $155.90 ,1,11/24/2025
INV_919528,CUST_1226,Heidi Owen,PROD_3b59c0ac,Seraphine Coastal Flatweave Navy Indoor /  Outdoor Area Rug, $75.82 ,1,11/24/2025
INV_793655,CUST_1400,Patricia Johnson,PROD_f03852cf,Lahjar Speckled Wool Blend Area Rug, $521.69 ,1,11/25/2025
INV_772561,CUST_1127,Jennifer Pena,PROD_cb6ebe0a,Harjot Medium Rug, $162.61 ,2,11/25/2025
INV_684801,CUST_1321,Judy Sanchez,PROD_b7d8e041,Jodhveer Area Rug Washable Rug Non-Slip Backing Indoor Rugs, $38.67 ,2,11/26/2025
INV_996677,CUST_1485,Micheal Parks,PROD_3a8f5324,"Lisgrove 7'8"" X 10' Area Rug", $650.24 ,1,11/26/2025
INV_612357,CUST_1467,Amanda Preston,PROD_cd80d75a,Corrbell 5' X 7' Area Rug, $203.19 ,5,11/26/2025
INV_712333,CUST_1065,Colleen Brock,PROD_0f472890,Oriental Vintage Machine Washable Non-Slip Dark Green Indoor Area Rug, $134.01 ,1,11/26/2025
INV_191208,CUST_1230,Allison Lopez,PROD_049d2289,Valis Faux Sheepskin Indoor Rug, $107.76 ,2,11/26/2025
INV_535050,CUST_1418,John Phelps,PROD_d02253d6,Lanett Oriental Blue/Gray Area Rug, $101.17 ,1,11/26/2025
INV_955129,CUST_1286,Angela Griffin,PROD_3a8f5324,"Lisgrove 7'8"" X 10' Area Rug", $649.92 ,1,11/26/2025
INV_233582,CUST_1087,Robert Medina,PROD_af993edd,"Reversible Waterproof Plastic Straw Outdoor Area Rug for Patio, Camping", $56.57 ,1,11/26/2025
INV_986850,CUST_1243,Travis Wise,PROD_03533587,Hand Hooked Wool Oriental Indoor Rug, $49.88 ,5,11/27/2025
INV_250210,CUST_1471,Samantha Robertson,PROD_61bd4c69,Area Rug Machine Washable Rugs with Rubber Backing for Living Room, $19.00 ,1,11/27/2025
INV_739905,CUST_1301,Sheryl Buck,PROD_3b59c0ac,Seraphine Coastal Flatweave Navy Indoor /  Outdoor Area Rug, $75.63 ,1,11/27/2025
INV_758589,CUST_1084,Barbara Riggs,PROD_d02253d6,Lanett Oriental Blue/Gray Area Rug, $99.15 ,1,11/27/2025
INV_787923,CUST_1339,Brian Torres,PROD_28b95f59,Mendota Geometric Tan Indoor/Outdoor Area Rug, $137.33 ,2,11/27/2025
INV_323088,CUST_1348,Matthew Williams,PROD_94b9189a,Enciso Machine Woven Stain Resistant Indoor/Outdoor Area Rug, $67.22 ,1,11/27/2025
INV_690984,CUST_1360,Leslie Powers,PROD_3b59c0ac,Seraphine Coastal Flatweave Navy Indoor /  Outdoor Area Rug, $76.26 ,5,11/28/2025
INV_556068,CUST_1228,Amanda Hernandez,PROD_f03852cf,Lahjar Speckled Wool Blend Area Rug, $525.96 ,1,11/28/2025
INV_747351,CUST_1058,Erika Terry,PROD_f6c97a80,Livdon Washable Medium Rug, $163.45 ,1,11/28/2025
INV_711116,CUST_1059,Stephanie Gilbert,PROD_cd80d75a,Corrbell 5' X 7' Area Rug, $204.25 ,2,11/28/2025
INV_461792,CUST_1264,Matthew Fox,PROD_a6ea231c,Ava-Mary Striped Indoor / Outdoor Rug, $152.68 ,2,11/28/2025
INV_525146,CUST_1399,Gregory Holmes PhD,PROD_a6ea231c,Ava-Mary Striped Indoor / Outdoor Rug, $150.50 ,5,11/28/2025
INV_543256,CUST_1068,Paul Larsen,PROD_7cb7c01e,Achilles Cream/Gray Rug, $125.42 ,1,11/28/2025
INV_384076,CUST_1281,Paul Finley,PROD_61bd4c69,Area Rug Machine Washable Rugs with Rubber Backing for Living Room, $20.40 ,1,11/28/2025
INV_466709,CUST_1168,Michelle Schmitt,PROD_b7d8e041,Jodhveer Area Rug Washable Rug Non-Slip Backing Indoor Rugs, $37.46 ,1,11/29/2025
INV_635239,CUST_1399,Gregory Holmes PhD,PROD_af993edd,"Reversible Waterproof Plastic Straw Outdoor Area Rug for Patio, Camping", $55.01 ,1,11/29/2025
INV_539507,CUST_1255,Gina Mcmillan,PROD_179506f6,Warkentin Geometric Indoor Rug, $127.91 ,2,11/29/2025
INV_456871,CUST_1249,Michelle Lee,PROD_885c587d,"Paseo Gurseerit All-Weather Flatweave Indoor/Outdoor Area Rug, Brown Black", $94.73 ,1,11/29/2025
INV_986278,CUST_1294,Jenna Anderson DVM,PROD_94b9189a,Enciso Machine Woven Stain Resistant Indoor/Outdoor Area Rug, $67.82 ,1,11/29/2025
INV_717558,CUST_1355,Charlotte Sandoval,PROD_03310af2,"Dylanton 7'8"" X 10' Area Rug", $456.98 ,1,11/30/2025
INV_688098,CUST_1020,David Bradley,PROD_d02253d6,Lanett Oriental Blue/Gray Area Rug, $101.73 ,1,11/30/2025
INV_159191,CUST_1219,Stacey Stewart,PROD_f6c97a80,Livdon Washable Medium Rug, $156.60 ,1,11/30/2025
INV_461551,CUST_1382,Cynthia Rios,PROD_ef361fba,"Radiant Oriental Multicolor Hand Knotted Wool Blue, Pink, Navy Traditional Area"," $3,498.09 ",1,11/30/2025
INV_787313,CUST_1249,Michelle Lee,PROD_61bd4c69,Area Rug Machine Washable Rugs with Rubber Backing for Living Room, $19.25 ,1,11/30/2025
INV_945435,CUST_1312,Alexis Tran,PROD_a39a8d2b,Rinoa Indoor / Outdoor Rug, $210.56 ,1,11/30/2025
INV_211871,CUST_1127,Jennifer Pena,PROD_03310af2,"Dylanton 7'8"" X 10' Area Rug", $453.82 ,1,11/30/2025
INV_157706,CUST_1112,Robert Costa,PROD_d02253d6,Lanett Oriental Blue/Gray Area Rug, $93.04 ,1,11/30/2025
INV_582716,CUST_1249,Michelle Lee,PROD_a39a8d2b,Rinoa Indoor / Outdoor Rug, $192.96 ,2,11/30/2025
INV_474387,CUST_1024,Crystal Robinson,PROD_ef361fba,"Radiant Oriental Multicolor Hand Knotted Wool Blue, Pink, Navy Traditional Area"," $3,529.50 ",5,12/1/2025
INV_843670,CUST_1222,Kathleen Jimenez,PROD_163bd914,Disney Mickey Mouse Tropical Sand Dollar Havana Brown/ Sand Flatweave Indoor/, $216.85 ,1,12/1/2025
INV_129576,CUST_1377,Heather Brown,PROD_3b59c0ac,Seraphine Coastal Flatweave Navy Indoor /  Outdoor Area Rug, $76.01 ,1,12/1/2025
INV_496818,CUST_1161,Katherine Browning,PROD_07dd57f8,Nola Geometric Indoor / Outdoor Rug, $103.67 ,1,12/2/2025
INV_823825,CUST_1316,Ryan Hall,PROD_03310af2,"Dylanton 7'8"" X 10' Area Rug", $478.95 ,1,12/2/2025
INV_684195,CUST_1069,Jeremiah Reeves,PROD_1ad08862,Scalloped Washable Rug Area Rugs for Living Room Modern Rugs Abstract Non-Slip, $77.55 ,2,12/2/2025
INV_253672,CUST_1298,Andrew Gonzales,PROD_819dccdf,Paint Chip Blue Machine Washable Rug, $35.04 ,1,12/2/2025
INV_197649,CUST_1383,Kelly Wallace,PROD_3a8f5324,"Lisgrove 7'8"" X 10' Area Rug", $688.47 ,1,12/2/2025
INV_120005,CUST_1467,Amanda Preston,PROD_179506f6,Warkentin Geometric Indoor Rug, $134.73 ,1,12/2/2025
INV_396668,CUST_1143,Terry Coffey,PROD_1b747b15,"Bachby 5'3"" X 7' Area Rug", $166.81 ,1,12/2/2025
INV_261760,CUST_1284,Tyler Mendoza,PROD_94b9189a,Enciso Machine Woven Stain Resistant Indoor/Outdoor Area Rug, $67.20 ,1,12/2/2025
INV_475271,CUST_1422,Richard Walker,PROD_163bd914,Disney Mickey Mouse Tropical Sand Dollar Havana Brown/ Sand Flatweave Indoor/, $198.60 ,1,12/3/2025
INV_985506,CUST_1235,Dr. Cynthia Snyder,PROD_3b59c0ac,Seraphine Coastal Flatweave Navy Indoor /  Outdoor Area Rug, $69.98 ,1,12/3/2025
INV_145576,CUST_1238,Michael Cooper,PROD_1ad08862,Scalloped Washable Rug Area Rugs for Living Room Modern Rugs Abstract Non-Slip, $76.12 ,1,12/3/2025
INV_972064,CUST_1009,Joel Nelson,PROD_03533587,Hand Hooked Wool Oriental Indoor Rug, $51.88 ,1,12/3/2025
INV_227257,CUST_1326,Amanda Mcfarland,PROD_289ed9b0,Ankita Bordered Jute Area Rug, $326.28 ,1,12/3/2025
INV_956255,CUST_1233,Victoria Contreras,PROD_61bd4c69,Area Rug Machine Washable Rugs with Rubber Backing for Living Room, $20.64 ,2,12/4/2025
INV_244464,CUST_1078,Trevor Fisher,PROD_a0eaf6eb,Tomas Chevron Rug Dark Blue/Gray Indoor/Outdoor Area Rug, $90.47 ,1,12/4/2025
INV_194693,CUST_1461,Beth Henderson,PROD_9360ae59,Botanical Modern Machine Washable Floral Indoor Oriental Performance Area Rug, $119.00 ,1,12/4/2025
INV_555786,CUST_1027,Brent Jordan,PROD_a0eaf6eb,Tomas Chevron Rug Dark Blue/Gray Indoor/Outdoor Area Rug, $90.01 ,2,12/4/2025
INV_513741,CUST_1495,Curtis Watson,PROD_16a4bedb,Aitken Machine Woven Geometric Indoor and Outdoor Rug, $68.08 ,1,12/5/2025
INV_779658,CUST_1316,Ryan Hall,PROD_f03852cf,Lahjar Speckled Wool Blend Area Rug, $513.04 ,2,12/5/2025
INV_694799,CUST_1398,Mary Thompson,PROD_a0eaf6eb,Tomas Chevron Rug Dark Blue/Gray Indoor/Outdoor Area Rug, $90.72 ,1,12/5/2025
INV_281162,CUST_1291,Kimberly Brown,PROD_9360ae59,Botanical Modern Machine Washable Floral Indoor Oriental Performance Area Rug, $117.53 ,1,12/5/2025
INV_852715,CUST_1131,Ashlee Jackson,PROD_a39a8d2b,Rinoa Indoor / Outdoor Rug, $197.32 ,5,12/5/2025
INV_642827,CUST_1175,Lawrence Perry,PROD_af993edd,"Reversible Waterproof Plastic Straw Outdoor Area Rug for Patio, Camping", $58.62 ,1,12/6/2025
INV_214928,CUST_1243,Travis Wise,PROD_ef361fba,"Radiant Oriental Multicolor Hand Knotted Wool Blue, Pink, Navy Traditional Area"," $3,342.61 ",5,12/6/2025
INV_555193,CUST_1387,Tamara Jensen,PROD_81ed29d6,Soft Washable Vintage Distressed Beige Area Rug with Non-Slip Backing, $137.54 ,1,12/6/2025
INV_392099,CUST_1179,Mary Gomez,PROD_16a4bedb,Aitken Machine Woven Geometric Indoor and Outdoor Rug, $68.26 ,5,12/6/2025
INV_782524,CUST_1325,Karen Williams,PROD_3b59c0ac,Seraphine Coastal Flatweave Navy Indoor /  Outdoor Area Rug, $74.42 ,1,12/6/2025
INV_673167,CUST_1363,Ryan Harvey,PROD_a0eaf6eb,Tomas Chevron Rug Dark Blue/Gray Indoor/Outdoor Area Rug, $94.34 ,1,12/6/2025
INV_161132,CUST_1380,William Patterson,PROD_9360ae59,Botanical Modern Machine Washable Floral Indoor Oriental Performance Area Rug, $120.43 ,1,12/6/2025
INV_459742,CUST_1219,Stacey Stewart,PROD_61bd4c69,Area Rug Machine Washable Rugs with Rubber Backing for Living Room, $20.35 ,2,12/7/2025
INV_147936,CUST_1468,Alicia Roth,PROD_885c587d,"Paseo Gurseerit All-Weather Flatweave Indoor/Outdoor Area Rug, Brown Black", $90.27 ,1,12/7/2025
INV_146784,CUST_1189,Julie Spencer,PROD_94b9189a,Enciso Machine Woven Stain Resistant Indoor/Outdoor Area Rug, $62.95 ,1,12/7/2025
INV_559969,CUST_1086,Madison Poole,PROD_3b59c0ac,Seraphine Coastal Flatweave Navy Indoor /  Outdoor Area Rug, $73.38 ,1,12/7/2025
INV_492649,CUST_1078,Trevor Fisher,PROD_03533587,Hand Hooked Wool Oriental Indoor Rug, $49.01 ,2,12/8/2025
INV_957091,CUST_1243,Travis Wise,PROD_68bfe17c,Adrihana Machine Woven Abstract Area Rug, $215.15 ,1,12/8/2025
INV_417329,CUST_1449,Kimberly Villanueva,PROD_07dd57f8,Nola Geometric Indoor / Outdoor Rug, $101.50 ,1,12/8/2025
INV_461675,CUST_1189,Julie Spencer,PROD_94b9189a,Enciso Machine Woven Stain Resistant Indoor/Outdoor Area Rug, $61.82 ,5,12/8/2025
INV_345180,CUST_1421,Krista Davis,PROD_ffc555c6,"Azelhurst 7'8"" X 10' Area Rug", $643.75 ,1,12/8/2025
INV_520051,CUST_1214,Rachel Romero,PROD_3b59c0ac,Seraphine Coastal Flatweave Navy Indoor /  Outdoor Area Rug, $72.01 ,1,12/8/2025
INV_632151,CUST_1374,Sandra Juarez,PROD_a39a8d2b,Rinoa Indoor / Outdoor Rug, $198.11 ,1,12/8/2025
INV_501058,CUST_1493,Abigail Hill,PROD_9360ae59,Botanical Modern Machine Washable Floral Indoor Oriental Performance Area Rug, $122.76 ,1,12/9/2025
INV_536019,CUST_1373,Wendy Camacho,PROD_a372467d,Leosvel Faux Sheepskin Indoor Rug, $197.82 ,1,12/9/2025
INV_422763,CUST_1481,Brian Brown,PROD_a6ea231c,Ava-Mary Striped Indoor / Outdoor Rug, $146.27 ,1,12/9/2025
INV_356059,CUST_1150,Kimberly Matthews,PROD_f6c97a80,Livdon Washable Medium Rug, $156.89 ,2,12/9/2025
INV_794303,CUST_1491,Brittany Gay,PROD_fd0cd8cf,Non-Slip Washable Stain Resistant Area Rug For Living Room Bedroom Dining Room, $99.99 ,1,12/9/2025
INV_633447,CUST_1466,Kara Jackson,PROD_7ef65a00,Jules Checkered Area Rug, $135.18 ,1,12/9/2025
INV_933958,CUST_1334,Brandon Jordan,PROD_1b747b15,"Bachby 5'3"" X 7' Area Rug", $164.40 ,1,12/10/2025
INV_547858,CUST_1439,Eric Taylor,PROD_28b95f59,Mendota Geometric Tan Indoor/Outdoor Area Rug, $146.30 ,1,12/10/2025
INV_602780,CUST_1179,Mary Gomez,PROD_aaf8a92a,Izola Oriental Indoor/Outdoor Area Rug, $177.62 ,1,12/10/2025
INV_793939,CUST_1229,Laura Moreno,PROD_94b9189a,Enciso Machine Woven Stain Resistant Indoor/Outdoor Area Rug, $62.26 ,1,12/10/2025
INV_821175,CUST_1266,Courtney Dudley,PROD_163bd914,Disney Mickey Mouse Tropical Sand Dollar Havana Brown/ Sand Flatweave Indoor/, $212.07 ,1,12/10/2025
INV_293194,CUST_1169,John Boone,PROD_1b747b15,"Bachby 5'3"" X 7' Area Rug", $155.28 ,1,12/10/2025
INV_880746,CUST_1279,Margaret Sullivan,PROD_885c587d,"Paseo Gurseerit All-Weather Flatweave Indoor/Outdoor Area Rug, Brown Black", $94.43 ,1,12/10/2025
INV_849747,CUST_1294,Jenna Anderson DVM,PROD_0a14d1b3,White Shag Novelty Faux Sheepskin Fur Fluffy Rug, $72.24 ,1,12/10/2025
INV_698097,CUST_1093,Kara Schmidt,PROD_a6ea231c,Ava-Mary Striped Indoor / Outdoor Rug, $154.57 ,1,12/11/2025
INV_821942,CUST_1417,Christopher Owens,PROD_289ed9b0,Ankita Bordered Jute Area Rug, $319.69 ,1,12/11/2025
INV_920755,CUST_1496,Michael Sims,PROD_89c6f605,Washable Oriental  Area Rugs Non slip Green Rugs, $20.89 ,1,12/11/2025
INV_813793,CUST_1369,Scott Miller,PROD_03310af2,"Dylanton 7'8"" X 10' Area Rug", $453.44 ,2,12/12/2025
INV_101760,CUST_1436,Anthony Guzman,PROD_b59a3efe,Machine Washable Area Rugs for Entryway 2x3 Non-Slip Soft Throw Rugs Blue/Gray, $20.14 ,1,12/12/2025
INV_513296,CUST_1311,Ryan Rocha,PROD_1b747b15,"Bachby 5'3"" X 7' Area Rug", $163.51 ,1,12/12/2025
INV_218881,CUST_1453,Matthew Greene,PROD_b59a3efe,Machine Washable Area Rugs for Entryway 2x3 Non-Slip Soft Throw Rugs Blue/Gray, $20.82 ,2,12/13/2025
INV_792818,CUST_1474,Madison Martinez,PROD_d02253d6,Lanett Oriental Blue/Gray Area Rug, $95.97 ,2,12/13/2025
INV_649855,CUST_1324,Shannon Davis,PROD_ffc555c6,"Azelhurst 7'8"" X 10' Area Rug", $640.12 ,2,12/13/2025
INV_476556,CUST_1406,Michael Williams,PROD_ef361fba,"Radiant Oriental Multicolor Hand Knotted Wool Blue, Pink, Navy Traditional Area"," $3,495.84 ",2,12/13/2025
INV_227885,CUST_1458,Joseph Camacho,PROD_049d2289,Valis Faux Sheepskin Indoor Rug, $107.40 ,1,12/13/2025
INV_593554,CUST_1359,Harold Ellis,PROD_96a0055d,Loloi Botanical Ivory / Multi Area Rug, $34.22 ,1,12/13/2025
INV_923218,CUST_1466,Kara Jackson,PROD_7781fd4a,Oriental Indoor Rug, $230.48 ,1,12/13/2025
INV_943706,CUST_1480,Jorge Bates,PROD_cb6ebe0a,Harjot Medium Rug, $157.60 ,1,12/13/2025
INV_509611,CUST_1443,Keith Zuniga,PROD_a6ea231c,Ava-Mary Striped Indoor / Outdoor Rug, $143.61 ,1,12/13/2025
INV_162976,CUST_1141,Richard Johnson,PROD_a39a8d2b,Rinoa Indoor / Outdoor Rug, $200.73 ,1,12/13/2025
INV_548901,CUST_1005,Monica Herrera,PROD_20bbb110,Ainswick Memory Foam Large Rug, $567.95 ,2,12/14/2025
INV_420984,CUST_1066,Robert Contreras,PROD_96a0055d,Loloi Botanical Ivory / Multi Area Rug, $33.00 ,1,12/14/2025
INV_890371,CUST_1003,Abigail Shaffer,PROD_049d2289,Valis Faux Sheepskin Indoor Rug, $101.24 ,1,12/14/2025
INV_499194,CUST_1149,David Medina,PROD_a0eaf6eb,Tomas Chevron Rug Dark Blue/Gray Indoor/Outdoor Area Rug, $89.52 ,1,12/15/2025
INV_382368,CUST_1385,Edwin Reyes,PROD_7cb7c01e,Achilles Cream/Gray Rug, $125.38 ,1,12/15/2025
INV_213915,CUST_1032,Carmen Smith,PROD_aaf8a92a,Izola Oriental Indoor/Outdoor Area Rug, $179.22 ,1,12/15/2025
INV_344359,CUST_1101,David Grant,PROD_fd0cd8cf,Non-Slip Washable Stain Resistant Area Rug For Living Room Bedroom Dining Room, $95.87 ,1,12/15/2025
INV_540038,CUST_1000,Allison Hill,PROD_a39a8d2b,Rinoa Indoor / Outdoor Rug, $201.74 ,1,12/15/2025
INV_270249,CUST_1471,Samantha Robertson,PROD_03533587,Hand Hooked Wool Oriental Indoor Rug, $52.15 ,1,12/15/2025
INV_901535,CUST_1147,Terri Murphy,PROD_fd0cd8cf,Non-Slip Washable Stain Resistant Area Rug For Living Room Bedroom Dining Room, $98.03 ,5,12/15/2025
INV_926394,CUST_1474,Madison Martinez,PROD_94b9189a,Enciso Machine Woven Stain Resistant Indoor/Outdoor Area Rug, $64.45 ,1,12/16/2025
INV_816412,CUST_1495,Curtis Watson,PROD_aaf8a92a,Izola Oriental Indoor/Outdoor Area Rug, $179.25 ,1,12/16/2025
INV_715519,CUST_1160,Judith Maynard,PROD_86d6a4e7,"Eldonmore 7'8"" X 10' Area Rug", $707.78 ,1,12/16/2025
INV_454803,CUST_1469,William Ramos,PROD_af993edd,"Reversible Waterproof Plastic Straw Outdoor Area Rug for Patio, Camping", $55.48 ,1,12/16/2025
INV_365971,CUST_1022,Lisa Brandt,PROD_ffc555c6,"Azelhurst 7'8"" X 10' Area Rug", $702.22 ,1,12/16/2025
INV_576728,CUST_1464,Ashley Hernandez,PROD_0f472890,Oriental Vintage Machine Washable Non-Slip Dark Green Indoor Area Rug, $129.60 ,1,12/16/2025
INV_127329,CUST_1257,Brenda Velazquez,PROD_b59a3efe,Machine Washable Area Rugs for Entryway 2x3 Non-Slip Soft Throw Rugs Blue/Gray, $19.53 ,1,12/16/2025
INV_244564,CUST_1072,Alicia Gilmore,PROD_7cb7c01e,Achilles Cream/Gray Rug, $119.01 ,1,12/16/2025
INV_976325,CUST_1152,Michael Stephens,PROD_cd80d75a,Corrbell 5' X 7' Area Rug, $210.16 ,5,12/17/2025
INV_973548,CUST_1370,Heather Page,PROD_7781fd4a,Oriental Indoor Rug, $237.43 ,1,12/17/2025
INV_565553,CUST_1459,James Nash,PROD_96a0055d,Loloi Botanical Ivory / Multi Area Rug, $33.62 ,1,12/17/2025
INV_666809,CUST_1122,Mary Grimes,PROD_1ad08862,Scalloped Washable Rug Area Rugs for Living Room Modern Rugs Abstract Non-Slip, $72.67 ,1,12/17/2025
INV_214695,CUST_1159,Jodi Walker,PROD_7781fd4a,Oriental Indoor Rug, $226.71 ,1,12/17/2025
INV_880097,CUST_1168,Michelle Schmitt,PROD_3a8f5324,"Lisgrove 7'8"" X 10' Area Rug", $680.18 ,1,12/17/2025
INV_841978,CUST_1358,Katherine Church,PROD_61bd4c69,Area Rug Machine Washable Rugs with Rubber Backing for Living Room, $20.14 ,1,12/18/2025
INV_157219,CUST_1260,Paula Lane,PROD_819dccdf,Paint Chip Blue Machine Washable Rug, $34.48 ,1,12/18/2025
INV_797492,CUST_1132,James Thomas,PROD_0f472890,Oriental Vintage Machine Washable Non-Slip Dark Green Indoor Area Rug, $125.87 ,2,12/18/2025
INV_909652,CUST_1076,James Elliott,PROD_0f472890,Oriental Vintage Machine Washable Non-Slip Dark Green Indoor Area Rug, $126.39 ,1,12/18/2025
INV_843266,CUST_1357,Rebecca Herrera,PROD_179506f6,Warkentin Geometric Indoor Rug, $125.17 ,1,12/18/2025
INV_108256,CUST_1150,Kimberly Matthews,PROD_db0bc388,Waikiki Blue Indoor/Outdoor Rug, $138.48 ,1,12/18/2025
INV_908274,CUST_1485,Micheal Parks,PROD_db0bc388,Waikiki Blue Indoor/Outdoor Rug, $150.08 ,1,12/18/2025
INV_862057,CUST_1387,Tamara Jensen,PROD_a6ea231c,Ava-Mary Striped Indoor / Outdoor Rug, $141.65 ,1,12/18/2025
INV_875232,CUST_1163,Larry Garcia,PROD_ba5eef5e,Gauna Power Loomed Geometric Indoor and Outdoor Rug, $91.26 ,1,12/19/2025
INV_455556,CUST_1065,Colleen Brock,PROD_96a0055d,Loloi Botanical Ivory / Multi Area Rug, $32.57 ,1,12/19/2025
INV_795205,CUST_1273,Matthew Velez,PROD_ef361fba,"Radiant Oriental Multicolor Hand Knotted Wool Blue, Pink, Navy Traditional Area"," $3,431.23 ",1,12/19/2025
INV_695403,CUST_1068,Paul Larsen,PROD_ffc555c6,"Azelhurst 7'8"" X 10' Area Rug", $641.50 ,2,12/19/2025
INV_211222,CUST_1348,Matthew Williams,PROD_03533587,Hand Hooked Wool Oriental Indoor Rug, $49.36 ,1,12/19/2025
INV_439128,CUST_1438,Patricia Mathis,PROD_16a4bedb,Aitken Machine Woven Geometric Indoor and Outdoor Rug, $68.13 ,1,12/19/2025
INV_980651,CUST_1049,Rita Keith,PROD_a39a8d2b,Rinoa Indoor / Outdoor Rug, $204.45 ,1,12/19/2025
INV_189261,CUST_1293,Susan Bennett,PROD_86d6a4e7,"Eldonmore 7'8"" X 10' Area Rug", $702.59 ,1,12/19/2025
INV_572788,CUST_1279,Margaret Sullivan,PROD_9d77c7b9,Rifle Paper Co. x Loloi Rosa Sky Area Rug, $109.70 ,5,12/19/2025
INV_691240,CUST_1192,Helen Hardin,PROD_68bfe17c,Adrihana Machine Woven Abstract Area Rug, $222.94 ,1,12/19/2025
INV_925549,CUST_1250,Kathleen Davis,PROD_cd80d75a,Corrbell 5' X 7' Area Rug, $203.76 ,2,12/19/2025
INV_433193,CUST_1499,Katherine Christensen MD,PROD_7cb7c01e,Achilles Cream/Gray Rug, $116.32 ,1,12/19/2025
INV_226672,CUST_1478,Alejandra King,PROD_aaf8a92a,Izola Oriental Indoor/Outdoor Area Rug, $193.11 ,1,12/20/2025
INV_743937,CUST_1336,Misty Hansen,PROD_81ed29d6,Soft Washable Vintage Distressed Beige Area Rug with Non-Slip Backing, $129.59 ,1,12/20/2025
INV_545668,CUST_1231,Michele Lewis,PROD_07dd57f8,Nola Geometric Indoor / Outdoor Rug, $99.12 ,2,12/20/2025
INV_280077,CUST_1009,Joel Nelson,PROD_163bd914,Disney Mickey Mouse Tropical Sand Dollar Havana Brown/ Sand Flatweave Indoor/, $200.83 ,1,12/20/2025
INV_750318,CUST_1155,Robin Hall,PROD_163bd914,Disney Mickey Mouse Tropical Sand Dollar Havana Brown/ Sand Flatweave Indoor/, $205.34 ,1,12/20/2025
INV_849003,CUST_1153,Samantha Davis,PROD_15009179,Maust Sunshine Rainbow Shag Rug, $114.42 ,2,12/20/2025
INV_566509,CUST_1309,Jennifer Allen,PROD_a0eaf6eb,Tomas Chevron Rug Dark Blue/Gray Indoor/Outdoor Area Rug, $89.89 ,1,12/20/2025
INV_993766,CUST_1113,Shannon Rivera,PROD_96a0055d,Loloi Botanical Ivory / Multi Area Rug, $31.37 ,1,12/20/2025
INV_693419,CUST_1011,Jennifer Rocha,PROD_179506f6,Warkentin Geometric Indoor Rug, $127.06 ,1,12/20/2025
INV_810078,CUST_1495,Curtis Watson,PROD_f6c97a80,Livdon Washable Medium Rug, $158.20 ,1,12/20/2025
INV_776856,CUST_1122,Mary Grimes,PROD_049d2289,Valis Faux Sheepskin Indoor Rug, $100.15 ,1,12/20/2025
INV_910616,CUST_1278,David Lopez,PROD_94b9189a,Enciso Machine Woven Stain Resistant Indoor/Outdoor Area Rug, $67.06 ,2,12/20/2025
INV_187295,CUST_1027,Brent Jordan,PROD_ef361fba,"Radiant Oriental Multicolor Hand Knotted Wool Blue, Pink, Navy Traditional Area"," $3,408.14 ",1,12/21/2025
INV_228093,CUST_1183,Eric Morgan,PROD_a39a8d2b,Rinoa Indoor / Outdoor Rug, $198.44 ,1,12/21/2025
INV_362779,CUST_1204,David Davidson,PROD_819dccdf,Paint Chip Blue Machine Washable Rug, $33.57 ,1,12/21/2025
INV_111106,CUST_1261,Patricia James,PROD_15009179,Maust Sunshine Rainbow Shag Rug, $108.49 ,1,12/21/2025
INV_550513,CUST_1407,John Campbell,PROD_aaf8a92a,Izola Oriental Indoor/Outdoor Area Rug, $179.77 ,1,12/21/2025
INV_106732,CUST_1476,Anthony Nash,PROD_1b747b15,"Bachby 5'3"" X 7' Area Rug", $163.17 ,1,12/21/2025
INV_799061,CUST_1404,Cassidy Horne,PROD_a0eaf6eb,Tomas Chevron Rug Dark Blue/Gray Indoor/Outdoor Area Rug, $90.67 ,1,12/22/2025
INV_447704,CUST_1346,Karen Morales DDS,PROD_a0eaf6eb,Tomas Chevron Rug Dark Blue/Gray Indoor/Outdoor Area Rug, $96.28 ,1,12/22/2025
INV_505426,CUST_1188,Jesse Brown,PROD_81ed29d6,Soft Washable Vintage Distressed Beige Area Rug with Non-Slip Backing, $139.30 ,2,12/22/2025
INV_366526,CUST_1332,Michelle Miller,PROD_ba5eef5e,Gauna Power Loomed Geometric Indoor and Outdoor Rug, $86.61 ,2,12/22/2025
INV_932527,CUST_1310,Elizabeth Ward,PROD_1ad08862,Scalloped Washable Rug Area Rugs for Living Room Modern Rugs Abstract Non-Slip, $77.81 ,1,12/22/2025
INV_960959,CUST_1147,Terri Murphy,PROD_15009179,Maust Sunshine Rainbow Shag Rug, $111.90 ,1,12/22/2025
INV_640403,CUST_1102,Joseph Hayes,PROD_9360ae59,Botanical Modern Machine Washable Floral Indoor Oriental Performance Area Rug, $114.08 ,1,12/23/2025
INV_615346,CUST_1310,Elizabeth Ward,PROD_b59a3efe,Machine Washable Area Rugs for Entryway 2x3 Non-Slip Soft Throw Rugs Blue/Gray, $20.17 ,2,12/23/2025
INV_888490,CUST_1150,Kimberly Matthews,PROD_94b9189a,Enciso Machine Woven Stain Resistant Indoor/Outdoor Area Rug, $62.36 ,1,12/23/2025
INV_825309,CUST_1245,Melinda Evans,PROD_3a8f5324,"Lisgrove 7'8"" X 10' Area Rug", $662.26 ,1,12/23/2025
INV_760914,CUST_1066,Robert Contreras,PROD_819dccdf,Paint Chip Blue Machine Washable Rug, $34.75 ,1,12/23/2025
INV_876962,CUST_1289,Jose Bryant,PROD_179506f6,Warkentin Geometric Indoor Rug, $124.40 ,1,12/23/2025
INV_705050,CUST_1058,Erika Terry,PROD_fd0cd8cf,Non-Slip Washable Stain Resistant Area Rug For Living Room Bedroom Dining Room, $97.91 ,1,12/23/2025
INV_213206,CUST_1031,Tammy Allison,PROD_cb6ebe0a,Harjot Medium Rug, $158.81 ,1,12/23/2025
INV_824061,CUST_1217,Carrie Maxwell,PROD_0a14d1b3,White Shag Novelty Faux Sheepskin Fur Fluffy Rug, $74.91 ,1,12/24/2025
INV_520040,CUST_1372,Kenneth Farley,PROD_0f472890,Oriental Vintage Machine Washable Non-Slip Dark Green Indoor Area Rug, $128.25 ,1,12/24/2025
INV_624783,CUST_1155,Robin Hall,PROD_3b59c0ac,Seraphine Coastal Flatweave Navy Indoor /  Outdoor Area Rug, $76.22 ,1,12/24/2025
INV_697347,CUST_1441,Michael Anderson,PROD_07dd57f8,Nola Geometric Indoor / Outdoor Rug, $98.11 ,1,12/24/2025
INV_813824,CUST_1438,Patricia Mathis,PROD_86d6a4e7,"Eldonmore 7'8"" X 10' Area Rug", $711.23 ,1,12/24/2025
INV_681343,CUST_1209,Luis Bullock,PROD_b59a3efe,Machine Washable Area Rugs for Entryway 2x3 Non-Slip Soft Throw Rugs Blue/Gray, $20.38 ,1,12/24/2025
INV_889114,CUST_1083,Michael Burton,PROD_94b9189a,Enciso Machine Woven Stain Resistant Indoor/Outdoor Area Rug, $63.59 ,1,12/24/2025
INV_935461,CUST_1260,Paula Lane,PROD_96a0055d,Loloi Botanical Ivory / Multi Area Rug, $34.04 ,1,12/25/2025
INV_257246,CUST_1307,Claire Clark,PROD_07dd57f8,Nola Geometric Indoor / Outdoor Rug, $99.32 ,1,12/25/2025
INV_488414,CUST_1447,Rachel Lane,PROD_7781fd4a,Oriental Indoor Rug, $219.84 ,1,12/25/2025
INV_671598,CUST_1364,Tracey Wagner,PROD_94b9189a,Enciso Machine Woven Stain Resistant Indoor/Outdoor Area Rug, $64.22 ,1,12/25/2025
INV_137034,CUST_1132,James Thomas,PROD_9360ae59,Botanical Modern Machine Washable Floral Indoor Oriental Performance Area Rug, $115.68 ,2,12/25/2025
INV_120705,CUST_1275,Jennifer Simpson DVM,PROD_289ed9b0,Ankita Bordered Jute Area Rug, $336.19 ,1,12/25/2025
INV_760830,CUST_1116,Peter Garrett,PROD_049d2289,Valis Faux Sheepskin Indoor Rug, $102.83 ,1,12/26/2025
INV_387348,CUST_1392,Ryan Fisher,PROD_a0eaf6eb,Tomas Chevron Rug Dark Blue/Gray Indoor/Outdoor Area Rug, $94.65 ,1,12/26/2025
INV_982277,CUST_1007,Dr. Sharon James,PROD_16a4bedb,Aitken Machine Woven Geometric Indoor and Outdoor Rug, $68.10 ,1,12/26/2025
INV_119527,CUST_1247,Kayla Rodriguez,PROD_ef361fba,"Radiant Oriental Multicolor Hand Knotted Wool Blue, Pink, Navy Traditional Area"," $3,445.39 ",1,12/26/2025
INV_771274,CUST_1350,Kathryn Cooper,PROD_16a4bedb,Aitken Machine Woven Geometric Indoor and Outdoor Rug, $67.91 ,1,12/26/2025
INV_986304,CUST_1044,Sandra Williams,PROD_b7d8e041,Jodhveer Area Rug Washable Rug Non-Slip Backing Indoor Rugs, $40.04 ,1,12/26/2025
INV_475691,CUST_1238,Michael Cooper,PROD_b59a3efe,Machine Washable Area Rugs for Entryway 2x3 Non-Slip Soft Throw Rugs Blue/Gray, $19.23 ,2,12/26/2025
INV_324130,CUST_1121,Richard Adams,PROD_ba5eef5e,Gauna Power Loomed Geometric Indoor and Outdoor Rug, $86.87 ,1,12/26/2025
INV_514603,CUST_1340,Erin Cook,PROD_03310af2,"Dylanton 7'8"" X 10' Area Rug", $464.69 ,1,12/27/2025
INV_667851,CUST_1077,David Murphy,PROD_163bd914,Disney Mickey Mouse Tropical Sand Dollar Havana Brown/ Sand Flatweave Indoor/, $198.90 ,2,12/27/2025
INV_740524,CUST_1071,John Brown,PROD_7781fd4a,Oriental Indoor Rug, $218.07 ,1,12/27/2025
INV_262297,CUST_1411,Oscar Parker,PROD_b59a3efe,Machine Washable Area Rugs for Entryway 2x3 Non-Slip Soft Throw Rugs Blue/Gray, $19.71 ,1,12/27/2025
INV_611088,CUST_1263,Tami Salas,PROD_28b95f59,Mendota Geometric Tan Indoor/Outdoor Area Rug, $134.72 ,1,12/28/2025
INV_970542,CUST_1153,Samantha Davis,PROD_81ed29d6,Soft Washable Vintage Distressed Beige Area Rug with Non-Slip Backing, $133.52 ,1,12/28/2025
INV_727959,CUST_1453,Matthew Greene,PROD_885c587d,"Paseo Gurseerit All-Weather Flatweave Indoor/Outdoor Area Rug, Brown Black", $90.16 ,5,12/28/2025
INV_563873,CUST_1383,Kelly Wallace,PROD_28b95f59,Mendota Geometric Tan Indoor/Outdoor Area Rug, $141.61 ,1,12/28/2025
INV_165214,CUST_1364,Tracey Wagner,PROD_81ed29d6,Soft Washable Vintage Distressed Beige Area Rug with Non-Slip Backing, $130.30 ,1,12/28/2025
INV_655134,CUST_1272,Vanessa Moore,PROD_16a4bedb,Aitken Machine Woven Geometric Indoor and Outdoor Rug, $67.52 ,2,12/28/2025
INV_558339,CUST_1191,Mrs. Maria Williams,PROD_819dccdf,Paint Chip Blue Machine Washable Rug, $36.55 ,1,12/28/2025
INV_270948,CUST_1190,Larry Mason,PROD_1ad08862,Scalloped Washable Rug Area Rugs for Living Room Modern Rugs Abstract Non-Slip, $74.78 ,1,12/28/2025
INV_881828,CUST_1163,Larry Garcia,PROD_9360ae59,Botanical Modern Machine Washable Floral Indoor Oriental Performance Area Rug, $114.69 ,1,12/28/2025
INV_490586,CUST_1459,James Nash,PROD_7ef65a00,Jules Checkered Area Rug, $137.70 ,1,12/29/2025
INV_641593,CUST_1409,Dr. Morgan Payne PhD,PROD_b59a3efe,Machine Washable Area Rugs for Entryway 2x3 Non-Slip Soft Throw Rugs Blue/Gray, $20.90 ,5,12/29/2025
INV_803950,CUST_1473,Danielle Bryant,PROD_68bfe17c,Adrihana Machine Woven Abstract Area Rug, $219.72 ,1,12/29/2025
INV_829630,CUST_1168,Michelle Schmitt,PROD_7ef65a00,Jules Checkered Area Rug, $135.32 ,1,12/29/2025
INV_188813,CUST_1006,Shannon Ray,PROD_af993edd,"Reversible Waterproof Plastic Straw Outdoor Area Rug for Patio, Camping", $55.36 ,1,12/29/2025
INV_581037,CUST_1070,Chris Reyes,PROD_81ed29d6,Soft Washable Vintage Distressed Beige Area Rug with Non-Slip Backing, $141.67 ,1,12/29/2025
INV_497108,CUST_1496,Michael Sims,PROD_ba5eef5e,Gauna Power Loomed Geometric Indoor and Outdoor Rug, $86.93 ,1,12/29/2025
INV_675771,CUST_1052,Matthew Ross,PROD_a6ea231c,Ava-Mary Striped Indoor / Outdoor Rug, $141.12 ,2,12/29/2025
INV_551504,CUST_1432,Joseph Moody,PROD_0f472890,Oriental Vintage Machine Washable Non-Slip Dark Green Indoor Area Rug, $133.42 ,1,12/29/2025
INV_349505,CUST_1428,James Barnes,PROD_1ad08862,Scalloped Washable Rug Area Rugs for Living Room Modern Rugs Abstract Non-Slip, $78.04 ,1,12/29/2025
INV_797298,CUST_1190,Larry Mason,PROD_7781fd4a,Oriental Indoor Rug, $223.83 ,2,12/30/2025
INV_747743,CUST_1313,Kelly Sanchez,PROD_289ed9b0,Ankita Bordered Jute Area Rug, $317.81 ,1,12/30/2025
INV_584567,CUST_1468,Alicia Roth,PROD_68bfe17c,Adrihana Machine Woven Abstract Area Rug, $218.64 ,2,12/30/2025
INV_565412,CUST_1350,Kathryn Cooper,PROD_1ad08862,Scalloped Washable Rug Area Rugs for Living Room Modern Rugs Abstract Non-Slip, $77.59 ,2,12/30/2025
INV_715702,CUST_1496,Michael Sims,PROD_81ed29d6,Soft Washable Vintage Distressed Beige Area Rug with Non-Slip Backing, $131.09 ,1,12/30/2025
INV_260169,CUST_1351,Todd Thomas,PROD_89c6f605,Washable Oriental  Area Rugs Non slip Green Rugs, $19.47 ,1,12/31/2025
INV_269172,CUST_1025,Shannon Jones,PROD_96a0055d,Loloi Botanical Ivory / Multi Area Rug, $34.62 ,2,12/31/2025
INV_524707,CUST_1363,Ryan Harvey,PROD_ffc555c6,"Azelhurst 7'8"" X 10' Area Rug", $655.89 ,1,12/31/2025
INV_571829,CUST_1394,Lori Mason,PROD_3b59c0ac,Seraphine Coastal Flatweave Navy Indoor /  Outdoor Area Rug, $70.87 ,5,12/31/2025
INV_222621,CUST_1137,Ian Phillips,PROD_a0eaf6eb,Tomas Chevron Rug Dark Blue/Gray Indoor/Outdoor Area Rug, $95.57 ,1,12/31/2025
INV_193624,CUST_1137,Ian Phillips,PROD_a372467d,Leosvel Faux Sheepskin Indoor Rug, $200.07 ,1,12/31/2025
INV_424745,CUST_1445,Hayley Buchanan,PROD_f03852cf,Lahjar Speckled Wool Blend Area Rug, $519.01 ,1,12/31/2025
INV_929151,CUST_1285,Joshua Ruiz,PROD_cd80d75a,Corrbell 5' X 7' Area Rug, $205.15 ,1,12/31/2025
INV_180111,CUST_1410,Makayla Steele,PROD_03533587,Hand Hooked Wool Oriental Indoor Rug, $49.79 ,2,12/31/2025
INV_813944,CUST_1498,Joseph Warren,PROD_af993edd,"Reversible Waterproof Plastic Straw Outdoor Area Rug for Patio, Camping", $55.44 ,1,1/1/2026
INV_861894,CUST_1356,Jeffrey Smith,PROD_aaf8a92a,Izola Oriental Indoor/Outdoor Area Rug, $186.61 ,1,1/1/2026
INV_473276,CUST_1139,Crystal Pham,PROD_0f472890,Oriental Vintage Machine Washable Non-Slip Dark Green Indoor Area Rug, $131.76 ,1,1/1/2026
INV_935922,CUST_1196,James Conner,PROD_9d77c7b9,Rifle Paper Co. x Loloi Rosa Sky Area Rug, $107.33 ,1,1/1/2026
INV_360322,CUST_1379,Pamela Williams,PROD_a0eaf6eb,Tomas Chevron Rug Dark Blue/Gray Indoor/Outdoor Area Rug, $89.46 ,1,1/1/2026
INV_419987,CUST_1072,Alicia Gilmore,PROD_3a8f5324,"Lisgrove 7'8"" X 10' Area Rug", $630.20 ,1,1/2/2026
INV_907189,CUST_1031,Tammy Allison,PROD_885c587d,"Paseo Gurseerit All-Weather Flatweave Indoor/Outdoor Area Rug, Brown Black", $90.97 ,1,1/2/2026
INV_935620,CUST_1435,Sara Cochran,PROD_cb6ebe0a,Harjot Medium Rug, $162.37 ,2,1/2/2026
INV_938297,CUST_1111,Pamela Thompson,PROD_61bd4c69,Area Rug Machine Washable Rugs with Rubber Backing for Living Room, $19.61 ,1,1/2/2026
INV_185884,CUST_1142,Casey Anderson,PROD_cd80d75a,Corrbell 5' X 7' Area Rug, $197.96 ,1,1/2/2026
INV_794663,CUST_1004,Gabrielle Davis,PROD_b7d8e041,Jodhveer Area Rug Washable Rug Non-Slip Backing Indoor Rugs, $39.62 ,1,1/2/2026
INV_497562,CUST_1065,Colleen Brock,PROD_819dccdf,Paint Chip Blue Machine Washable Rug, $35.78 ,1,1/2/2026
INV_447411,CUST_1446,Stacey Snyder,PROD_b7d8e041,Jodhveer Area Rug Washable Rug Non-Slip Backing Indoor Rugs, $40.11 ,1,1/2/2026
INV_362127,CUST_1115,April Booth,PROD_3b59c0ac,Seraphine Coastal Flatweave Navy Indoor /  Outdoor Area Rug, $76.33 ,1,1/3/2026
INV_215806,CUST_1396,Brittney Murphy,PROD_b7d8e041,Jodhveer Area Rug Washable Rug Non-Slip Backing Indoor Rugs, $40.89 ,5,1/3/2026
INV_665492,CUST_1446,Stacey Snyder,PROD_86d6a4e7,"Eldonmore 7'8"" X 10' Area Rug", $732.49 ,1,1/3/2026
INV_198246,CUST_1044,Sandra Williams,PROD_3a8f5324,"Lisgrove 7'8"" X 10' Area Rug", $629.09 ,1,1/3/2026
INV_465226,CUST_1200,James Martin,PROD_61bd4c69,Area Rug Machine Washable Rugs with Rubber Backing for Living Room, $20.35 ,1,1/3/2026
INV_992952,CUST_1329,Haley Davis,PROD_68bfe17c,Adrihana Machine Woven Abstract Area Rug, $234.93 ,1,1/3/2026
INV_186431,CUST_1256,Andrew Reeves,PROD_9360ae59,Botanical Modern Machine Washable Floral Indoor Oriental Performance Area Rug, $119.35 ,2,1/3/2026
INV_960085,CUST_1474,Madison Martinez,PROD_61bd4c69,Area Rug Machine Washable Rugs with Rubber Backing for Living Room, $20.74 ,1,1/3/2026
INV_864491,CUST_1220,Matthew Mitchell,PROD_f6c97a80,Livdon Washable Medium Rug, $156.59 ,2,1/3/2026
INV_166447,CUST_1257,Brenda Velazquez,PROD_0a14d1b3,White Shag Novelty Faux Sheepskin Fur Fluffy Rug, $71.36 ,1,1/3/2026
INV_119116,CUST_1330,Jennifer Ayala,PROD_179506f6,Warkentin Geometric Indoor Rug, $130.10 ,1,1/3/2026
INV_358313,CUST_1162,Donald Schultz,PROD_aaf8a92a,Izola Oriental Indoor/Outdoor Area Rug, $184.52 ,1,1/3/2026
INV_766371,CUST_1294,Jenna Anderson DVM,PROD_94b9189a,Enciso Machine Woven Stain Resistant Indoor/Outdoor Area Rug, $62.95 ,1,1/3/2026
INV_866296,CUST_1447,Rachel Lane,PROD_163bd914,Disney Mickey Mouse Tropical Sand Dollar Havana Brown/ Sand Flatweave Indoor/, $212.54 ,5,1/4/2026
INV_943170,CUST_1440,Marie Thompson,PROD_96a0055d,Loloi Botanical Ivory / Multi Area Rug, $32.06 ,1,1/4/2026
INV_970392,CUST_1279,Margaret Sullivan,PROD_885c587d,"Paseo Gurseerit All-Weather Flatweave Indoor/Outdoor Area Rug, Brown Black", $88.33 ,1,1/4/2026
INV_392047,CUST_1062,Frances Cardenas,PROD_89c6f605,Washable Oriental  Area Rugs Non slip Green Rugs, $20.44 ,1,1/4/2026
INV_361063,CUST_1101,David Grant,PROD_07dd57f8,Nola Geometric Indoor / Outdoor Rug, $98.69 ,1,1/4/2026
INV_367271,CUST_1048,Stacey Russell,PROD_b59a3efe,Machine Washable Area Rugs for Entryway 2x3 Non-Slip Soft Throw Rugs Blue/Gray, $19.62 ,1,1/5/2026
INV_143858,CUST_1454,Bradley Anthony,PROD_07dd57f8,Nola Geometric Indoor / Outdoor Rug, $101.02 ,1,1/5/2026
INV_168079,CUST_1419,Amanda Huff,PROD_fd0cd8cf,Non-Slip Washable Stain Resistant Area Rug For Living Room Bedroom Dining Room, $101.35 ,2,1/5/2026
INV_149161,CUST_1320,Manuel King,PROD_0a14d1b3,White Shag Novelty Faux Sheepskin Fur Fluffy Rug, $73.40 ,1,1/5/2026
INV_428429,CUST_1413,Jacqueline Villegas,PROD_b59a3efe,Machine Washable Area Rugs for Entryway 2x3 Non-Slip Soft Throw Rugs Blue/Gray, $19.33 ,1,1/6/2026
INV_256501,CUST_1205,Phillip Nelson,PROD_03310af2,"Dylanton 7'8"" X 10' Area Rug", $474.71 ,1,1/6/2026
INV_837880,CUST_1386,Alejandra Santos,PROD_89c6f605,Washable Oriental  Area Rugs Non slip Green Rugs, $20.30 ,1,1/6/2026
INV_751194,CUST_1152,Michael Stephens,PROD_3a8f5324,"Lisgrove 7'8"" X 10' Area Rug", $647.15 ,1,1/6/2026
INV_501936,CUST_1219,Stacey Stewart,PROD_a6ea231c,Ava-Mary Striped Indoor / Outdoor Rug, $154.88 ,1,1/6/2026
INV_599250,CUST_1041,Victoria Valdez,PROD_f6c97a80,Livdon Washable Medium Rug, $164.93 ,1,1/6/2026
INV_904711,CUST_1293,Susan Bennett,PROD_89c6f605,Washable Oriental  Area Rugs Non slip Green Rugs, $20.68 ,1,1/6/2026
INV_729232,CUST_1195,Emily Douglas,PROD_9d77c7b9,Rifle Paper Co. x Loloi Rosa Sky Area Rug, $114.60 ,1,1/7/2026
INV_498676,CUST_1003,Abigail Shaffer,PROD_1ad08862,Scalloped Washable Rug Area Rugs for Living Room Modern Rugs Abstract Non-Slip, $73.53 ,1,1/7/2026
INV_339592,CUST_1369,Scott Miller,PROD_885c587d,"Paseo Gurseerit All-Weather Flatweave Indoor/Outdoor Area Rug, Brown Black", $91.54 ,5,1/7/2026
INV_488368,CUST_1347,Robin Wheeler,PROD_a0eaf6eb,Tomas Chevron Rug Dark Blue/Gray Indoor/Outdoor Area Rug, $92.19 ,1,1/7/2026
INV_377319,CUST_1433,Rebecca Kelly,PROD_96a0055d,Loloi Botanical Ivory / Multi Area Rug, $31.78 ,2,1/7/2026
INV_962287,CUST_1217,Carrie Maxwell,PROD_15009179,Maust Sunshine Rainbow Shag Rug, $111.12 ,1,1/7/2026
INV_158104,CUST_1393,Austin Baker,PROD_9d77c7b9,Rifle Paper Co. x Loloi Rosa Sky Area Rug, $110.69 ,1,1/8/2026
INV_305587,CUST_1120,Thomas Romero,PROD_16a4bedb,Aitken Machine Woven Geometric Indoor and Outdoor Rug, $73.52 ,1,1/8/2026
INV_959416,CUST_1258,Ronald Patel,PROD_03310af2,"Dylanton 7'8"" X 10' Area Rug", $482.22 ,1,1/8/2026
INV_428574,CUST_1411,Oscar Parker,PROD_b7d8e041,Jodhveer Area Rug Washable Rug Non-Slip Backing Indoor Rugs, $39.63 ,2,1/8/2026
INV_458823,CUST_1302,Megan Floyd,PROD_81ed29d6,Soft Washable Vintage Distressed Beige Area Rug with Non-Slip Backing, $136.90 ,2,1/9/2026
INV_757428,CUST_1173,Cindy Barnes,PROD_3a8f5324,"Lisgrove 7'8"" X 10' Area Rug", $690.99 ,1,1/9/2026
INV_896070,CUST_1395,Kimberly Hernandez,PROD_ba5eef5e,Gauna Power Loomed Geometric Indoor and Outdoor Rug, $83.18 ,1,1/9/2026
INV_175623,CUST_1449,Kimberly Villanueva,PROD_1b747b15,"Bachby 5'3"" X 7' Area Rug", $162.33 ,1,1/9/2026
INV_732928,CUST_1078,Trevor Fisher,PROD_b59a3efe,Machine Washable Area Rugs for Entryway 2x3 Non-Slip Soft Throw Rugs Blue/Gray, $19.75 ,1,1/9/2026
INV_226395,CUST_1171,Christopher Park,PROD_f6c97a80,Livdon Washable Medium Rug, $156.67 ,1,1/9/2026
INV_103402,CUST_1057,Lisa Alvarado,PROD_af993edd,"Reversible Waterproof Plastic Straw Outdoor Area Rug for Patio, Camping", $54.08 ,1,1/9/2026
INV_861911,CUST_1414,Angela Bradley,PROD_03310af2,"Dylanton 7'8"" X 10' Area Rug", $490.42 ,2,1/9/2026
INV_766311,CUST_1153,Samantha Davis,PROD_0f472890,Oriental Vintage Machine Washable Non-Slip Dark Green Indoor Area Rug, $126.11 ,1,1/10/2026
INV_610866,CUST_1069,Jeremiah Reeves,PROD_ba5eef5e,Gauna Power Loomed Geometric Indoor and Outdoor Rug, $89.53 ,1,1/10/2026
INV_636265,CUST_1402,Carol Moore,PROD_b59a3efe,Machine Washable Area Rugs for Entryway 2x3 Non-Slip Soft Throw Rugs Blue/Gray, $20.20 ,2,1/10/2026
INV_987586,CUST_1158,Kelly Reese,PROD_3b59c0ac,Seraphine Coastal Flatweave Navy Indoor /  Outdoor Area Rug, $74.67 ,1,1/10/2026
INV_758501,CUST_1246,Mr. Lawrence Edwards,PROD_db0bc388,Waikiki Blue Indoor/Outdoor Rug, $150.33 ,1,1/10/2026
INV_908735,CUST_1099,John Peterson,PROD_cd80d75a,Corrbell 5' X 7' Area Rug, $212.27 ,1,1/10/2026
INV_179710,CUST_1027,Brent Jordan,PROD_96a0055d,Loloi Botanical Ivory / Multi Area Rug, $32.11 ,1,1/10/2026
INV_649414,CUST_1054,Victoria Johnson,PROD_07dd57f8,Nola Geometric Indoor / Outdoor Rug, $102.90 ,1,1/10/2026
INV_618951,CUST_1361,Charles Price,PROD_20bbb110,Ainswick Memory Foam Large Rug, $548.10 ,1,1/10/2026
INV_430870,CUST_1264,Matthew Fox,PROD_b59a3efe,Machine Washable Area Rugs for Entryway 2x3 Non-Slip Soft Throw Rugs Blue/Gray, $20.77 ,1,1/10/2026
INV_141797,CUST_1276,Tanya Rogers,PROD_1ad08862,Scalloped Washable Rug Area Rugs for Living Room Modern Rugs Abstract Non-Slip, $72.80 ,1,1/11/2026
INV_330374,CUST_1240,Travis Stone,PROD_f6c97a80,Livdon Washable Medium Rug, $153.76 ,1,1/11/2026
INV_906584,CUST_1062,Frances Cardenas,PROD_819dccdf,Paint Chip Blue Machine Washable Rug, $36.85 ,1,1/11/2026
INV_246740,CUST_1043,Michelle Harris,PROD_ffc555c6,"Azelhurst 7'8"" X 10' Area Rug", $685.76 ,1,1/11/2026
INV_481995,CUST_1462,Deanna Bartlett,PROD_ba5eef5e,Gauna Power Loomed Geometric Indoor and Outdoor Rug, $83.02 ,1,1/11/2026
INV_937255,CUST_1234,Michelle Ho,PROD_289ed9b0,Ankita Bordered Jute Area Rug, $341.84 ,1,1/11/2026
INV_669097,CUST_1248,Anthony Dougherty,PROD_7781fd4a,Oriental Indoor Rug, $228.33 ,2,1/11/2026
INV_837715,CUST_1145,Richard Smith,PROD_ba5eef5e,Gauna Power Loomed Geometric Indoor and Outdoor Rug, $89.89 ,1,1/11/2026
INV_822131,CUST_1471,Samantha Robertson,PROD_af993edd,"Reversible Waterproof Plastic Straw Outdoor Area Rug for Patio, Camping", $53.89 ,1,1/11/2026
INV_374320,CUST_1057,Lisa Alvarado,PROD_9360ae59,Botanical Modern Machine Washable Floral Indoor Oriental Performance Area Rug, $111.68 ,1,1/12/2026
INV_258787,CUST_1097,Adrian Ferguson,PROD_ef361fba,"Radiant Oriental Multicolor Hand Knotted Wool Blue, Pink, Navy Traditional Area"," $3,336.65 ",1,1/12/2026
INV_579123,CUST_1169,John Boone,PROD_96a0055d,Loloi Botanical Ivory / Multi Area Rug, $31.67 ,5,1/12/2026
INV_563688,CUST_1161,Katherine Browning,PROD_28b95f59,Mendota Geometric Tan Indoor/Outdoor Area Rug, $133.95 ,1,1/12/2026
INV_718115,CUST_1109,Kathryn Snyder,PROD_68bfe17c,Adrihana Machine Woven Abstract Area Rug, $223.92 ,5,1/12/2026
INV_955088,CUST_1194,Nathaniel Douglas,PROD_61bd4c69,Area Rug Machine Washable Rugs with Rubber Backing for Living Room, $19.66 ,1,1/12/2026
INV_548462,CUST_1134,David Scott,PROD_ba5eef5e,Gauna Power Loomed Geometric Indoor and Outdoor Rug, $87.44 ,1,1/13/2026
INV_977135,CUST_1272,Vanessa Moore,PROD_885c587d,"Paseo Gurseerit All-Weather Flatweave Indoor/Outdoor Area Rug, Brown Black", $93.80 ,1,1/13/2026
INV_217771,CUST_1289,Jose Bryant,PROD_a372467d,Leosvel Faux Sheepskin Indoor Rug, $194.80 ,1,1/13/2026
INV_436454,CUST_1068,Paul Larsen,PROD_b7d8e041,Jodhveer Area Rug Washable Rug Non-Slip Backing Indoor Rugs, $40.06 ,2,1/13/2026
INV_883641,CUST_1040,Sherry Wood,PROD_f6c97a80,Livdon Washable Medium Rug, $160.45 ,1,1/13/2026
INV_167755,CUST_1164,Cindy Hayes,PROD_289ed9b0,Ankita Bordered Jute Area Rug, $330.22 ,1,1/13/2026
INV_134455,CUST_1436,Anthony Guzman,PROD_94b9189a,Enciso Machine Woven Stain Resistant Indoor/Outdoor Area Rug, $64.73 ,1,1/13/2026
INV_196446,CUST_1462,Deanna Bartlett,PROD_a0eaf6eb,Tomas Chevron Rug Dark Blue/Gray Indoor/Outdoor Area Rug, $94.84 ,1,1/14/2026
INV_414012,CUST_1446,Stacey Snyder,PROD_96a0055d,Loloi Botanical Ivory / Multi Area Rug, $31.89 ,1,1/14/2026
INV_659461,CUST_1454,Bradley Anthony,PROD_3a8f5324,"Lisgrove 7'8"" X 10' Area Rug", $632.58 ,2,1/14/2026
INV_441806,CUST_1036,Cynthia Wilson,PROD_07dd57f8,Nola Geometric Indoor / Outdoor Rug, $102.94 ,1,1/14/2026
INV_470141,CUST_1456,Jeremiah Baker,PROD_179506f6,Warkentin Geometric Indoor Rug, $132.23 ,1,1/14/2026
INV_879243,CUST_1479,Judy Robinson,PROD_819dccdf,Paint Chip Blue Machine Washable Rug, $33.47 ,1,1/14/2026
INV_184714,CUST_1251,Amber Campbell,PROD_7781fd4a,Oriental Indoor Rug, $217.31 ,1,1/14/2026
INV_341358,CUST_1043,Michelle Harris,PROD_af993edd,"Reversible Waterproof Plastic Straw Outdoor Area Rug for Patio, Camping", $56.10 ,1,1/14/2026
INV_535798,CUST_1110,David Davis,PROD_a372467d,Leosvel Faux Sheepskin Indoor Rug, $202.77 ,1,1/14/2026
INV_997004,CUST_1111,Pamela Thompson,PROD_d02253d6,Lanett Oriental Blue/Gray Area Rug, $101.36 ,1,1/14/2026
INV_879779,CUST_1218,Chad Baldwin,PROD_16a4bedb,Aitken Machine Woven Geometric Indoor and Outdoor Rug, $73.81 ,1,1/15/2026
INV_189689,CUST_1048,Stacey Russell,PROD_ffc555c6,"Azelhurst 7'8"" X 10' Area Rug", $675.28 ,1,1/15/2026
INV_703198,CUST_1374,Sandra Juarez,PROD_a6ea231c,Ava-Mary Striped Indoor / Outdoor Rug, $151.73 ,1,1/15/2026
INV_191853,CUST_1179,Mary Gomez,PROD_b7d8e041,Jodhveer Area Rug Washable Rug Non-Slip Backing Indoor Rugs, $40.45 ,2,1/15/2026
INV_499581,CUST_1249,Michelle Lee,PROD_1b747b15,"Bachby 5'3"" X 7' Area Rug", $166.22 ,1,1/15/2026
INV_766683,CUST_1290,Jennifer Velasquez,PROD_9360ae59,Botanical Modern Machine Washable Floral Indoor Oriental Performance Area Rug, $112.12 ,1,1/15/2026
INV_741599,CUST_1133,Bob Pitts,PROD_7781fd4a,Oriental Indoor Rug, $220.51 ,2,1/15/2026
INV_585556,CUST_1294,Jenna Anderson DVM,PROD_89c6f605,Washable Oriental  Area Rugs Non slip Green Rugs, $19.74 ,1,1/15/2026
INV_860480,CUST_1053,Meghan Anthony,PROD_0a14d1b3,White Shag Novelty Faux Sheepskin Fur Fluffy Rug, $71.91 ,5,1/15/2026
INV_693868,CUST_1263,Tami Salas,PROD_9d77c7b9,Rifle Paper Co. x Loloi Rosa Sky Area Rug, $106.89 ,1,1/15/2026
INV_637333,CUST_1095,Tiffany Vaughn,PROD_81ed29d6,Soft Washable Vintage Distressed Beige Area Rug with Non-Slip Backing, $136.76 ,1,1/16/2026
INV_350786,CUST_1145,Richard Smith,PROD_cd80d75a,Corrbell 5' X 7' Area Rug, $197.59 ,5,1/16/2026
INV_431023,CUST_1006,Shannon Ray,PROD_af993edd,"Reversible Waterproof Plastic Straw Outdoor Area Rug for Patio, Camping", $55.33 ,1,1/16/2026
INV_487593,CUST_1120,Thomas Romero,PROD_03310af2,"Dylanton 7'8"" X 10' Area Rug", $489.13 ,1,1/17/2026
INV_336706,CUST_1217,Carrie Maxwell,PROD_16a4bedb,Aitken Machine Woven Geometric Indoor and Outdoor Rug, $70.17 ,1,1/17/2026
INV_359249,CUST_1441,Michael Anderson,PROD_cb6ebe0a,Harjot Medium Rug, $156.14 ,1,1/17/2026
INV_642491,CUST_1328,Jasmine Mosley,PROD_fd0cd8cf,Non-Slip Washable Stain Resistant Area Rug For Living Room Bedroom Dining Room, $97.66 ,1,1/17/2026
INV_507723,CUST_1452,Kenneth Larsen,PROD_819dccdf,Paint Chip Blue Machine Washable Rug, $35.52 ,1,1/17/2026
INV_311118,CUST_1241,Denise Weber,PROD_ef361fba,"Radiant Oriental Multicolor Hand Knotted Wool Blue, Pink, Navy Traditional Area"," $3,428.97 ",1,1/17/2026
INV_254506,CUST_1082,Alexander Collins,PROD_68bfe17c,Adrihana Machine Woven Abstract Area Rug, $235.15 ,1,1/17/2026
INV_322899,CUST_1485,Micheal Parks,PROD_03533587,Hand Hooked Wool Oriental Indoor Rug, $50.33 ,1,1/17/2026
INV_870883,CUST_1210,Lisa Henderson,PROD_b59a3efe,Machine Washable Area Rugs for Entryway 2x3 Non-Slip Soft Throw Rugs Blue/Gray, $19.95 ,1,1/18/2026
INV_516379,CUST_1130,Yolanda Francis,PROD_0f472890,Oriental Vintage Machine Washable Non-Slip Dark Green Indoor Area Rug, $129.31 ,1,1/18/2026
INV_244892,CUST_1496,Michael Sims,PROD_af993edd,"Reversible Waterproof Plastic Straw Outdoor Area Rug for Patio, Camping", $57.70 ,1,1/18/2026
INV_652266,CUST_1190,Larry Mason,PROD_f6c97a80,Livdon Washable Medium Rug, $157.77 ,1,1/18/2026
INV_624977,CUST_1237,Patricia Morrow,PROD_a0eaf6eb,Tomas Chevron Rug Dark Blue/Gray Indoor/Outdoor Area Rug, $88.22 ,5,1/18/2026
INV_419443,CUST_1168,Michelle Schmitt,PROD_db0bc388,Waikiki Blue Indoor/Outdoor Rug, $147.01 ,1,1/18/2026
INV_753004,CUST_1233,Victoria Contreras,PROD_03310af2,"Dylanton 7'8"" X 10' Area Rug", $459.28 ,1,1/18/2026
INV_848022,CUST_1436,Anthony Guzman,PROD_fd0cd8cf,Non-Slip Washable Stain Resistant Area Rug For Living Room Bedroom Dining Room, $94.78 ,1,1/18/2026
INV_377880,CUST_1493,Abigail Hill,PROD_885c587d,"Paseo Gurseerit All-Weather Flatweave Indoor/Outdoor Area Rug, Brown Black", $90.23 ,2,1/18/2026
INV_735163,CUST_1244,Kathleen Burton,PROD_28b95f59,Mendota Geometric Tan Indoor/Outdoor Area Rug, $143.46 ,1,1/19/2026
INV_865054,CUST_1211,Riley Bryant,PROD_61bd4c69,Area Rug Machine Washable Rugs with Rubber Backing for Living Room, $19.79 ,2,1/19/2026
INV_443187,CUST_1479,Judy Robinson,PROD_0f472890,Oriental Vintage Machine Washable Non-Slip Dark Green Indoor Area Rug, $135.84 ,1,1/19/2026
INV_879238,CUST_1069,Jeremiah Reeves,PROD_94b9189a,Enciso Machine Woven Stain Resistant Indoor/Outdoor Area Rug, $64.15 ,1,1/19/2026
INV_245357,CUST_1298,Andrew Gonzales,PROD_ef361fba,"Radiant Oriental Multicolor Hand Knotted Wool Blue, Pink, Navy Traditional Area"," $3,387.67 ",1,1/19/2026
INV_535604,CUST_1228,Amanda Hernandez,PROD_a39a8d2b,Rinoa Indoor / Outdoor Rug, $195.52 ,1,1/19/2026
INV_830429,CUST_1199,Kimberly Rodgers,PROD_049d2289,Valis Faux Sheepskin Indoor Rug, $101.76 ,1,1/19/2026
INV_898989,CUST_1377,Heather Brown,PROD_b59a3efe,Machine Washable Area Rugs for Entryway 2x3 Non-Slip Soft Throw Rugs Blue/Gray, $20.38 ,1,1/19/2026
INV_547861,CUST_1348,Matthew Williams,PROD_16a4bedb,Aitken Machine Woven Geometric Indoor and Outdoor Rug, $67.45 ,5,1/19/2026
INV_168540,CUST_1169,John Boone,PROD_b59a3efe,Machine Washable Area Rugs for Entryway 2x3 Non-Slip Soft Throw Rugs Blue/Gray, $19.97 ,1,1/19/2026
INV_847251,CUST_1012,Kimberly Burgess,PROD_289ed9b0,Ankita Bordered Jute Area Rug, $328.93 ,1,1/19/2026
INV_439817,CUST_1458,Joseph Camacho,PROD_819dccdf,Paint Chip Blue Machine Washable Rug, $33.76 ,2,1/19/2026
INV_488028,CUST_1192,Helen Hardin,PROD_9360ae59,Botanical Modern Machine Washable Floral Indoor Oriental Performance Area Rug, $115.13 ,1,1/19/2026
INV_521326,CUST_1051,Courtney Velasquez,PROD_163bd914,Disney Mickey Mouse Tropical Sand Dollar Havana Brown/ Sand Flatweave Indoor/, $216.58 ,1,1/20/2026
INV_308894,CUST_1353,Ashley Sweeney,PROD_049d2289,Valis Faux Sheepskin Indoor Rug, $107.58 ,1,1/20/2026
INV_587213,CUST_1127,Jennifer Pena,PROD_03533587,Hand Hooked Wool Oriental Indoor Rug, $48.16 ,1,1/20/2026
INV_502219,CUST_1241,Denise Weber,PROD_07dd57f8,Nola Geometric Indoor / Outdoor Rug, $102.51 ,1,1/20/2026
INV_975930,CUST_1406,Michael Williams,PROD_96a0055d,Loloi Botanical Ivory / Multi Area Rug, $33.36 ,1,1/20/2026
INV_829169,CUST_1412,Valerie Thomas,PROD_9360ae59,Botanical Modern Machine Washable Floral Indoor Oriental Performance Area Rug, $121.59 ,1,1/20/2026
INV_427162,CUST_1197,Susan Davis DDS,PROD_af993edd,"Reversible Waterproof Plastic Straw Outdoor Area Rug for Patio, Camping", $56.55 ,1,1/20/2026
INV_838747,CUST_1248,Anthony Dougherty,PROD_7781fd4a,Oriental Indoor Rug, $218.58 ,1,1/21/2026
INV_762722,CUST_1191,Mrs. Maria Williams,PROD_9d77c7b9,Rifle Paper Co. x Loloi Rosa Sky Area Rug, $113.09 ,1,1/21/2026
INV_246413,CUST_1202,Vincent Mueller,PROD_a0eaf6eb,Tomas Chevron Rug Dark Blue/Gray Indoor/Outdoor Area Rug, $88.70 ,1,1/21/2026
INV_238364,CUST_1280,Cathy Taylor,PROD_d02253d6,Lanett Oriental Blue/Gray Area Rug, $95.09 ,1,1/21/2026
INV_132663,CUST_1266,Courtney Dudley,PROD_b7d8e041,Jodhveer Area Rug Washable Rug Non-Slip Backing Indoor Rugs, $39.55 ,5,1/21/2026
INV_897273,CUST_1436,Anthony Guzman,PROD_20bbb110,Ainswick Memory Foam Large Rug, $565.33 ,1,1/21/2026
INV_791095,CUST_1375,Jason Hayes,PROD_81ed29d6,Soft Washable Vintage Distressed Beige Area Rug with Non-Slip Backing, $134.42 ,1,1/21/2026
INV_622864,CUST_1129,Stacy Freeman,PROD_163bd914,Disney Mickey Mouse Tropical Sand Dollar Havana Brown/ Sand Flatweave Indoor/, $208.79 ,1,1/21/2026
INV_715332,CUST_1387,Tamara Jensen,PROD_61bd4c69,Area Rug Machine Washable Rugs with Rubber Backing for Living Room, $20.35 ,1,1/21/2026
INV_933592,CUST_1378,Frank Campbell MD,PROD_1ad08862,Scalloped Washable Rug Area Rugs for Living Room Modern Rugs Abstract Non-Slip, $73.47 ,1,1/22/2026
INV_444412,CUST_1174,Sophia Moore,PROD_885c587d,"Paseo Gurseerit All-Weather Flatweave Indoor/Outdoor Area Rug, Brown Black", $96.21 ,1,1/22/2026
INV_496922,CUST_1022,Lisa Brandt,PROD_a372467d,Leosvel Faux Sheepskin Indoor Rug, $198.71 ,1,1/22/2026
INV_960394,CUST_1113,Shannon Rivera,PROD_819dccdf,Paint Chip Blue Machine Washable Rug, $34.67 ,1,1/22/2026
INV_883586,CUST_1082,Alexander Collins,PROD_7781fd4a,Oriental Indoor Rug, $235.11 ,1,1/22/2026
INV_799631,CUST_1258,Ronald Patel,PROD_ffc555c6,"Azelhurst 7'8"" X 10' Area Rug", $687.52 ,1,1/22/2026
INV_647718,CUST_1370,Heather Page,PROD_f03852cf,Lahjar Speckled Wool Blend Area Rug, $514.14 ,1,1/22/2026
INV_789666,CUST_1335,Linda Mueller,PROD_cb6ebe0a,Harjot Medium Rug, $163.06 ,1,1/22/2026
INV_108827,CUST_1357,Rebecca Herrera,PROD_7ef65a00,Jules Checkered Area Rug, $132.50 ,1,1/22/2026
INV_912402,CUST_1449,Kimberly Villanueva,PROD_cb6ebe0a,Harjot Medium Rug, $159.12 ,2,1/23/2026
INV_771088,CUST_1125,Matthew Hoover,PROD_ba5eef5e,Gauna Power Loomed Geometric Indoor and Outdoor Rug, $85.94 ,1,1/23/2026
INV_319832,CUST_1281,Paul Finley,PROD_ef361fba,"Radiant Oriental Multicolor Hand Knotted Wool Blue, Pink, Navy Traditional Area"," $3,550.60 ",1,1/23/2026
INV_533525,CUST_1154,Gavin Zhang,PROD_aaf8a92a,Izola Oriental Indoor/Outdoor Area Rug, $183.16 ,1,1/23/2026
INV_675069,CUST_1237,Patricia Morrow,PROD_1ad08862,Scalloped Washable Rug Area Rugs for Living Room Modern Rugs Abstract Non-Slip, $72.71 ,1,1/23/2026
INV_779172,CUST_1467,Amanda Preston,PROD_03533587,Hand Hooked Wool Oriental Indoor Rug, $52.22 ,5,1/23/2026
INV_581894,CUST_1073,Sarah Ashley,PROD_89c6f605,Washable Oriental  Area Rugs Non slip Green Rugs, $20.27 ,2,1/23/2026
INV_882193,CUST_1345,David Moore,PROD_1b747b15,"Bachby 5'3"" X 7' Area Rug", $158.09 ,1,1/23/2026
INV_617326,CUST_1318,Jennifer Smith,PROD_07dd57f8,Nola Geometric Indoor / Outdoor Rug, $100.65 ,1,1/24/2026
INV_168637,CUST_1031,Tammy Allison,PROD_b59a3efe,Machine Washable Area Rugs for Entryway 2x3 Non-Slip Soft Throw Rugs Blue/Gray, $20.10 ,1,1/24/2026
INV_251884,CUST_1314,Robert Jackson,PROD_af993edd,"Reversible Waterproof Plastic Straw Outdoor Area Rug for Patio, Camping", $56.73 ,1,1/24/2026
INV_133278,CUST_1255,Gina Mcmillan,PROD_0f472890,Oriental Vintage Machine Washable Non-Slip Dark Green Indoor Area Rug, $132.55 ,1,1/24/2026
INV_847096,CUST_1255,Gina Mcmillan,PROD_7ef65a00,Jules Checkered Area Rug, $130.66 ,1,1/24/2026
INV_896788,CUST_1321,Judy Sanchez,PROD_1ad08862,Scalloped Washable Rug Area Rugs for Living Room Modern Rugs Abstract Non-Slip, $77.92 ,1,1/24/2026
INV_989561,CUST_1263,Tami Salas,PROD_f03852cf,Lahjar Speckled Wool Blend Area Rug, $540.40 ,1,1/24/2026
INV_108739,CUST_1138,Melissa Garner,PROD_a39a8d2b,Rinoa Indoor / Outdoor Rug, $206.13 ,5,1/25/2026
INV_452713,CUST_1298,Andrew Gonzales,PROD_f03852cf,Lahjar Speckled Wool Blend Area Rug, $520.63 ,1,1/25/2026
INV_977740,CUST_1134,David Scott,PROD_d02253d6,Lanett Oriental Blue/Gray Area Rug, $94.70 ,2,1/25/2026
INV_485364,CUST_1218,Chad Baldwin,PROD_d02253d6,Lanett Oriental Blue/Gray Area Rug, $96.34 ,1,1/26/2026
INV_856729,CUST_1218,Chad Baldwin,PROD_a372467d,Leosvel Faux Sheepskin Indoor Rug, $194.26 ,1,1/26/2026
INV_247594,CUST_1411,Oscar Parker,PROD_03533587,Hand Hooked Wool Oriental Indoor Rug, $52.30 ,1,1/26/2026
INV_583814,CUST_1282,Melissa Brown,PROD_cd80d75a,Corrbell 5' X 7' Area Rug, $207.51 ,2,1/26/2026
INV_948102,CUST_1435,Sara Cochran,PROD_7cb7c01e,Achilles Cream/Gray Rug, $117.26 ,2,1/26/2026
INV_971733,CUST_1178,Paul Thompson,PROD_b59a3efe,Machine Washable Area Rugs for Entryway 2x3 Non-Slip Soft Throw Rugs Blue/Gray, $19.54 ,2,1/26/2026
INV_425469,CUST_1410,Makayla Steele,PROD_3b59c0ac,Seraphine Coastal Flatweave Navy Indoor /  Outdoor Area Rug, $70.05 ,1,1/26/2026
INV_752483,CUST_1370,Heather Page,PROD_ba5eef5e,Gauna Power Loomed Geometric Indoor and Outdoor Rug, $90.64 ,1,1/26/2026
INV_108574,CUST_1334,Brandon Jordan,PROD_0a14d1b3,White Shag Novelty Faux Sheepskin Fur Fluffy Rug, $71.43 ,1,1/27/2026
INV_592025,CUST_1273,Matthew Velez,PROD_163bd914,Disney Mickey Mouse Tropical Sand Dollar Havana Brown/ Sand Flatweave Indoor/, $207.88 ,1,1/27/2026
INV_435788,CUST_1050,Sharon Cochran,PROD_a372467d,Leosvel Faux Sheepskin Indoor Rug, $203.17 ,1,1/27/2026
INV_995852,CUST_1276,Tanya Rogers,PROD_db0bc388,Waikiki Blue Indoor/Outdoor Rug, $144.64 ,5,1/27/2026
INV_457256,CUST_1293,Susan Bennett,PROD_af993edd,"Reversible Waterproof Plastic Straw Outdoor Area Rug for Patio, Camping", $55.87 ,1,1/27/2026
INV_811257,CUST_1424,Carl Stein,PROD_03533587,Hand Hooked Wool Oriental Indoor Rug, $51.04 ,1,1/27/2026
INV_793150,CUST_1401,Laura Jones,PROD_a6ea231c,Ava-Mary Striped Indoor / Outdoor Rug, $147.83 ,1,1/28/2026
INV_257375,CUST_1125,Matthew Hoover,PROD_f03852cf,Lahjar Speckled Wool Blend Area Rug, $512.92 ,1,1/28/2026
INV_152906,CUST_1066,Robert Contreras,PROD_ef361fba,"Radiant Oriental Multicolor Hand Knotted Wool Blue, Pink, Navy Traditional Area"," $3,537.11 ",1,1/28/2026
INV_528728,CUST_1478,Alejandra King,PROD_fd0cd8cf,Non-Slip Washable Stain Resistant Area Rug For Living Room Bedroom Dining Room, $93.40 ,1,1/28/2026
INV_748410,CUST_1334,Brandon Jordan,PROD_ef361fba,"Radiant Oriental Multicolor Hand Knotted Wool Blue, Pink, Navy Traditional Area"," $3,538.43 ",1,1/28/2026
INV_371216,CUST_1150,Kimberly Matthews,PROD_96a0055d,Loloi Botanical Ivory / Multi Area Rug, $31.76 ,1,1/28/2026
INV_319162,CUST_1156,Brianna Anderson,PROD_d02253d6,Lanett Oriental Blue/Gray Area Rug, $92.36 ,1,1/28/2026
INV_278852,CUST_1229,Laura Moreno,PROD_86d6a4e7,"Eldonmore 7'8"" X 10' Area Rug", $725.70 ,2,1/28/2026
INV_950823,CUST_1022,Lisa Brandt,PROD_b59a3efe,Machine Washable Area Rugs for Entryway 2x3 Non-Slip Soft Throw Rugs Blue/Gray, $20.40 ,1,1/29/2026
INV_256175,CUST_1365,Jill Jackson,PROD_61bd4c69,Area Rug Machine Washable Rugs with Rubber Backing for Living Room, $20.03 ,1,1/29/2026
INV_733729,CUST_1136,Ryan Gonzalez,PROD_1ad08862,Scalloped Washable Rug Area Rugs for Living Room Modern Rugs Abstract Non-Slip, $77.94 ,1,1/29/2026
INV_889882,CUST_1203,Douglas Reyes,PROD_aaf8a92a,Izola Oriental Indoor/Outdoor Area Rug, $180.43 ,1,1/29/2026
INV_466749,CUST_1228,Amanda Hernandez,PROD_289ed9b0,Ankita Bordered Jute Area Rug, $328.82 ,1,1/29/2026
INV_222115,CUST_1237,Patricia Morrow,PROD_28b95f59,Mendota Geometric Tan Indoor/Outdoor Area Rug, $138.90 ,1,1/29/2026
INV_565420,CUST_1277,Todd Rosales MD,PROD_9d77c7b9,Rifle Paper Co. x Loloi Rosa Sky Area Rug, $108.96 ,1,1/29/2026
INV_423331,CUST_1149,David Medina,PROD_15009179,Maust Sunshine Rainbow Shag Rug, $113.77 ,1,1/29/2026
INV_177959,CUST_1454,Bradley Anthony,PROD_db0bc388,Waikiki Blue Indoor/Outdoor Rug, $141.67 ,1,1/30/2026
INV_181865,CUST_1217,Carrie Maxwell,PROD_9d77c7b9,Rifle Paper Co. x Loloi Rosa Sky Area Rug, $107.50 ,1,1/30/2026
INV_666843,CUST_1440,Marie Thompson,PROD_b59a3efe,Machine Washable Area Rugs for Entryway 2x3 Non-Slip Soft Throw Rugs Blue/Gray, $19.92 ,1,1/30/2026
INV_262520,CUST_1401,Laura Jones,PROD_3b59c0ac,Seraphine Coastal Flatweave Navy Indoor /  Outdoor Area Rug, $74.37 ,2,1/30/2026
INV_109909,CUST_1193,Rachel Holland,PROD_16a4bedb,Aitken Machine Woven Geometric Indoor and Outdoor Rug, $67.84 ,1,1/30/2026
INV_119570,CUST_1096,Paige Carlson,PROD_cd80d75a,Corrbell 5' X 7' Area Rug, $203.04 ,1,1/30/2026
INV_316174,CUST_1213,Jason Beck,PROD_3b59c0ac,Seraphine Coastal Flatweave Navy Indoor /  Outdoor Area Rug, $74.39 ,1,1/30/2026
INV_464187,CUST_1410,Makayla Steele,PROD_7ef65a00,Jules Checkered Area Rug, $134.01 ,1,1/30/2026
INV_200979,CUST_1110,David Davis,PROD_049d2289,Valis Faux Sheepskin Indoor Rug, $107.51 ,2,1/30/2026
INV_309144,CUST_1208,Raven Taylor,PROD_a0eaf6eb,Tomas Chevron Rug Dark Blue/Gray Indoor/Outdoor Area Rug, $91.78 ,1,1/30/2026
INV_792299,CUST_1351,Todd Thomas,PROD_179506f6,Warkentin Geometric Indoor Rug, $130.18 ,1,1/30/2026
INV_888977,CUST_1243,Travis Wise,PROD_b7d8e041,Jodhveer Area Rug Washable Rug Non-Slip Backing Indoor Rugs, $39.95 ,1,1/30/2026
INV_501677,CUST_1355,Charlotte Sandoval,PROD_9d77c7b9,Rifle Paper Co. x Loloi Rosa Sky Area Rug, $105.91 ,2,1/31/2026
INV_187889,CUST_1068,Paul Larsen,PROD_049d2289,Valis Faux Sheepskin Indoor Rug, $106.75 ,1,1/31/2026
INV_987240,CUST_1040,Sherry Wood,PROD_3b59c0ac,Seraphine Coastal Flatweave Navy Indoor /  Outdoor Area Rug, $70.32 ,2,1/31/2026
INV_743966,CUST_1010,Andrew Stewart,PROD_7ef65a00,Jules Checkered Area Rug, $128.25 ,1,1/31/2026
INV_326183,CUST_1361,Charles Price,PROD_db0bc388,Waikiki Blue Indoor/Outdoor Rug, $146.89 ,1,1/31/2026
INV_468845,CUST_1294,Jenna Anderson DVM,PROD_94b9189a,Enciso Machine Woven Stain Resistant Indoor/Outdoor Area Rug, $61.78 ,1,1/31/2026
INV_985049,CUST_1481,Brian Brown,PROD_1ad08862,Scalloped Washable Rug Area Rugs for Living Room Modern Rugs Abstract Non-Slip, $75.50 ,1,1/31/2026
INV_906527,CUST_1158,Kelly Reese,PROD_a6ea231c,Ava-Mary Striped Indoor / Outdoor Rug, $148.37 ,1,2/1/2026
INV_934042,CUST_1250,Kathleen Davis,PROD_b59a3efe,Machine Washable Area Rugs for Entryway 2x3 Non-Slip Soft Throw Rugs Blue/Gray, $19.69 ,1,2/1/2026
INV_393366,CUST_1451,Colton Terry,PROD_16a4bedb,Aitken Machine Woven Geometric Indoor and Outdoor Rug, $67.87 ,1,2/1/2026
INV_378711,CUST_1341,Ernest Oconnell,PROD_819dccdf,Paint Chip Blue Machine Washable Rug, $36.82 ,2,2/1/2026
INV_935981,CUST_1472,Samuel Suarez,PROD_0a14d1b3,White Shag Novelty Faux Sheepskin Fur Fluffy Rug, $76.03 ,1,2/1/2026
INV_759580,CUST_1026,Timothy Duncan,PROD_3a8f5324,"Lisgrove 7'8"" X 10' Area Rug", $638.24 ,1,2/1/2026
INV_170835,CUST_1441,Michael Anderson,PROD_ef361fba,"Radiant Oriental Multicolor Hand Knotted Wool Blue, Pink, Navy Traditional Area"," $3,269.52 ",1,2/2/2026
INV_954225,CUST_1109,Kathryn Snyder,PROD_07dd57f8,Nola Geometric Indoor / Outdoor Rug, $104.38 ,1,2/2/2026
INV_661307,CUST_1488,Henry Garner,PROD_3b59c0ac,Seraphine Coastal Flatweave Navy Indoor /  Outdoor Area Rug, $70.23 ,1,2/2/2026
INV_213475,CUST_1079,Mrs. Marie Harrington DDS,PROD_179506f6,Warkentin Geometric Indoor Rug, $126.41 ,1,2/2/2026
INV_566222,CUST_1181,Brian Smith,PROD_9360ae59,Botanical Modern Machine Washable Floral Indoor Oriental Performance Area Rug, $119.62 ,1,2/2/2026
INV_477048,CUST_1103,Marc Lynch,PROD_68bfe17c,Adrihana Machine Woven Abstract Area Rug, $216.50 ,2,2/2/2026
INV_649063,CUST_1097,Adrian Ferguson,PROD_61bd4c69,Area Rug Machine Washable Rugs with Rubber Backing for Living Room, $20.45 ,1,2/3/2026
INV_536181,CUST_1176,Michael Watkins,PROD_ef361fba,"Radiant Oriental Multicolor Hand Knotted Wool Blue, Pink, Navy Traditional Area"," $3,265.54 ",2,2/3/2026
INV_965845,CUST_1470,Jeremy Mcintyre,PROD_aaf8a92a,Izola Oriental Indoor/Outdoor Area Rug, $184.34 ,1,2/3/2026
INV_202365,CUST_1105,Doris Hall,PROD_7ef65a00,Jules Checkered Area Rug, $132.94 ,1,2/3/2026
INV_142383,CUST_1376,Jackie Clements,PROD_a372467d,Leosvel Faux Sheepskin Indoor Rug, $206.69 ,2,2/3/2026
INV_358494,CUST_1135,Brooke Alexander,PROD_03310af2,"Dylanton 7'8"" X 10' Area Rug", $455.53 ,2,2/3/2026
INV_261562,CUST_1259,Veronica Silva,PROD_ef361fba,"Radiant Oriental Multicolor Hand Knotted Wool Blue, Pink, Navy Traditional Area"," $3,537.67 ",1,2/3/2026
INV_251857,CUST_1226,Heidi Owen,PROD_3b59c0ac,Seraphine Coastal Flatweave Navy Indoor /  Outdoor Area Rug, $71.47 ,1,2/3/2026
INV_954815,CUST_1487,Robert Hines,PROD_163bd914,Disney Mickey Mouse Tropical Sand Dollar Havana Brown/ Sand Flatweave Indoor/, $201.25 ,5,2/4/2026
INV_249809,CUST_1155,Robin Hall,PROD_af993edd,"Reversible Waterproof Plastic Straw Outdoor Area Rug for Patio, Camping", $53.35 ,2,2/4/2026
INV_534303,CUST_1338,Richard Ward,PROD_81ed29d6,Soft Washable Vintage Distressed Beige Area Rug with Non-Slip Backing, $137.45 ,2,2/4/2026
INV_693128,CUST_1245,Melinda Evans,PROD_aaf8a92a,Izola Oriental Indoor/Outdoor Area Rug, $182.10 ,1,2/4/2026
INV_238739,CUST_1142,Casey Anderson,PROD_179506f6,Warkentin Geometric Indoor Rug, $126.28 ,1,2/4/2026
INV_596025,CUST_1196,James Conner,PROD_a0eaf6eb,Tomas Chevron Rug Dark Blue/Gray Indoor/Outdoor Area Rug, $92.65 ,1,2/4/2026
INV_760626,CUST_1224,Mitchell Jackson,PROD_3b59c0ac,Seraphine Coastal Flatweave Navy Indoor /  Outdoor Area Rug, $70.23 ,1,2/4/2026
INV_158014,CUST_1329,Haley Davis,PROD_f03852cf,Lahjar Speckled Wool Blend Area Rug, $534.67 ,1,2/4/2026
INV_254532,CUST_1308,Autumn Key,PROD_a6ea231c,Ava-Mary Striped Indoor / Outdoor Rug, $148.16 ,1,2/4/2026
INV_377198,CUST_1112,Robert Costa,PROD_cd80d75a,Corrbell 5' X 7' Area Rug, $197.54 ,1,2/5/2026
INV_638292,CUST_1148,Elizabeth Ortiz,PROD_f03852cf,Lahjar Speckled Wool Blend Area Rug, $514.77 ,1,2/5/2026
INV_413630,CUST_1472,Samuel Suarez,PROD_289ed9b0,Ankita Bordered Jute Area Rug, $333.40 ,1,2/5/2026
INV_479781,CUST_1434,Suzanne Johnson,PROD_9360ae59,Botanical Modern Machine Washable Floral Indoor Oriental Performance Area Rug, $112.38 ,1,2/6/2026
INV_296187,CUST_1284,Tyler Mendoza,PROD_ba5eef5e,Gauna Power Loomed Geometric Indoor and Outdoor Rug, $85.15 ,1,2/6/2026
INV_579770,CUST_1443,Keith Zuniga,PROD_03310af2,"Dylanton 7'8"" X 10' Area Rug", $478.82 ,2,2/6/2026
INV_770153,CUST_1134,David Scott,PROD_179506f6,Warkentin Geometric Indoor Rug, $130.35 ,1,2/6/2026
INV_506941,CUST_1262,Jeremy Barnes,PROD_819dccdf,Paint Chip Blue Machine Washable Rug, $35.01 ,1,2/6/2026
INV_938672,CUST_1060,Richard Lawson,PROD_9360ae59,Botanical Modern Machine Washable Floral Indoor Oriental Performance Area Rug, $117.58 ,1,2/6/2026
INV_414353,CUST_1260,Paula Lane,PROD_aaf8a92a,Izola Oriental Indoor/Outdoor Area Rug, $188.85 ,1,2/6/2026
INV_772865,CUST_1172,Kylie Morales,PROD_049d2289,Valis Faux Sheepskin Indoor Rug, $108.84 ,1,2/6/2026
INV_654797,CUST_1051,Courtney Velasquez,PROD_81ed29d6,Soft Washable Vintage Distressed Beige Area Rug with Non-Slip Backing, $131.88 ,1,2/7/2026
INV_776106,CUST_1213,Jason Beck,PROD_289ed9b0,Ankita Bordered Jute Area Rug, $339.25 ,1,2/7/2026
INV_818666,CUST_1291,Kimberly Brown,PROD_0a14d1b3,White Shag Novelty Faux Sheepskin Fur Fluffy Rug, $74.16 ,1,2/7/2026
INV_271742,CUST_1436,Anthony Guzman,PROD_94b9189a,Enciso Machine Woven Stain Resistant Indoor/Outdoor Area Rug, $64.82 ,1,2/7/2026
INV_242321,CUST_1146,James Little,PROD_3b59c0ac,Seraphine Coastal Flatweave Navy Indoor /  Outdoor Area Rug, $70.80 ,5,2/7/2026
INV_901387,CUST_1444,Mrs. Stacey Davis,PROD_68bfe17c,Adrihana Machine Woven Abstract Area Rug, $218.82 ,1,2/7/2026
INV_533021,CUST_1443,Keith Zuniga,PROD_15009179,Maust Sunshine Rainbow Shag Rug, $109.67 ,1,2/7/2026
INV_112861,CUST_1326,Amanda Mcfarland,PROD_cd80d75a,Corrbell 5' X 7' Area Rug, $194.92 ,1,2/7/2026
INV_704118,CUST_1168,Michelle Schmitt,PROD_db0bc388,Waikiki Blue Indoor/Outdoor Rug, $144.41 ,2,2/7/2026
INV_240718,CUST_1278,David Lopez,PROD_7ef65a00,Jules Checkered Area Rug, $140.24 ,1,2/8/2026
INV_149405,CUST_1070,Chris Reyes,PROD_7cb7c01e,Achilles Cream/Gray Rug, $115.08 ,1,2/8/2026
INV_854727,CUST_1248,Anthony Dougherty,PROD_20bbb110,Ainswick Memory Foam Large Rug, $547.90 ,1,2/8/2026
INV_178501,CUST_1434,Suzanne Johnson,PROD_cb6ebe0a,Harjot Medium Rug, $165.90 ,2,2/9/2026
INV_848225,CUST_1423,Angela Willis,PROD_0a14d1b3,White Shag Novelty Faux Sheepskin Fur Fluffy Rug, $70.21 ,1,2/9/2026
INV_968581,CUST_1422,Richard Walker,PROD_885c587d,"Paseo Gurseerit All-Weather Flatweave Indoor/Outdoor Area Rug, Brown Black", $89.86 ,1,2/9/2026
INV_103876,CUST_1466,Kara Jackson,PROD_f03852cf,Lahjar Speckled Wool Blend Area Rug, $505.40 ,1,2/9/2026
INV_778665,CUST_1365,Jill Jackson,PROD_28b95f59,Mendota Geometric Tan Indoor/Outdoor Area Rug, $140.37 ,1,2/9/2026
INV_352792,CUST_1401,Laura Jones,PROD_07dd57f8,Nola Geometric Indoor / Outdoor Rug, $100.83 ,1,2/9/2026
INV_290672,CUST_1172,Kylie Morales,PROD_ef361fba,"Radiant Oriental Multicolor Hand Knotted Wool Blue, Pink, Navy Traditional Area"," $3,519.31 ",1,2/9/2026
INV_485191,CUST_1173,Cindy Barnes,PROD_289ed9b0,Ankita Bordered Jute Area Rug, $332.25 ,1,2/10/2026
INV_809649,CUST_1069,Jeremiah Reeves,PROD_cb6ebe0a,Harjot Medium Rug, $160.23 ,2,2/10/2026
INV_512344,CUST_1255,Gina Mcmillan,PROD_b7d8e041,Jodhveer Area Rug Washable Rug Non-Slip Backing Indoor Rugs, $37.13 ,1,2/10/2026
INV_288646,CUST_1373,Wendy Camacho,PROD_ffc555c6,"Azelhurst 7'8"" X 10' Area Rug", $669.49 ,1,2/10/2026
INV_314178,CUST_1356,Jeffrey Smith,PROD_28b95f59,Mendota Geometric Tan Indoor/Outdoor Area Rug, $135.10 ,1,2/10/2026
INV_118632,CUST_1161,Katherine Browning,PROD_03533587,Hand Hooked Wool Oriental Indoor Rug, $51.22 ,5,2/10/2026
INV_896907,CUST_1318,Jennifer Smith,PROD_cd80d75a,Corrbell 5' X 7' Area Rug, $205.54 ,1,2/11/2026
INV_259038,CUST_1070,Chris Reyes,PROD_0f472890,Oriental Vintage Machine Washable Non-Slip Dark Green Indoor Area Rug, $127.35 ,1,2/11/2026
INV_117233,CUST_1032,Carmen Smith,PROD_03533587,Hand Hooked Wool Oriental Indoor Rug, $50.47 ,1,2/11/2026
INV_589491,CUST_1390,Katrina Adkins,PROD_ba5eef5e,Gauna Power Loomed Geometric Indoor and Outdoor Rug, $91.30 ,1,2/11/2026
INV_990649,CUST_1090,Robert Peterson,PROD_9360ae59,Botanical Modern Machine Washable Floral Indoor Oriental Performance Area Rug, $112.71 ,2,2/11/2026
INV_974774,CUST_1329,Haley Davis,PROD_b7d8e041,Jodhveer Area Rug Washable Rug Non-Slip Backing Indoor Rugs, $39.12 ,5,2/11/2026
INV_192296,CUST_1092,Alan Phillips,PROD_7781fd4a,Oriental Indoor Rug, $229.53 ,1,2/11/2026
INV_818113,CUST_1426,Daniel Lopez,PROD_07dd57f8,Nola Geometric Indoor / Outdoor Rug, $102.51 ,1,2/11/2026
INV_254586,CUST_1428,James Barnes,PROD_89c6f605,Washable Oriental  Area Rugs Non slip Green Rugs, $20.35 ,1,2/11/2026
INV_975355,CUST_1022,Lisa Brandt,PROD_9d77c7b9,Rifle Paper Co. x Loloi Rosa Sky Area Rug, $114.77 ,2,2/11/2026
INV_406039,CUST_1426,Daniel Lopez,PROD_28b95f59,Mendota Geometric Tan Indoor/Outdoor Area Rug, $146.05 ,1,2/11/2026
INV_790472,CUST_1354,Christopher Moore,PROD_b7d8e041,Jodhveer Area Rug Washable Rug Non-Slip Backing Indoor Rugs, $40.81 ,2,2/12/2026
INV_831770,CUST_1043,Michelle Harris,PROD_a6ea231c,Ava-Mary Striped Indoor / Outdoor Rug, $147.02 ,1,2/12/2026
INV_877931,CUST_1399,Gregory Holmes PhD,PROD_a6ea231c,Ava-Mary Striped Indoor / Outdoor Rug, $151.33 ,1,2/12/2026
INV_462659,CUST_1370,Heather Page,PROD_15009179,Maust Sunshine Rainbow Shag Rug, $112.69 ,1,2/12/2026
INV_345536,CUST_1028,Victoria Garcia,PROD_9d77c7b9,Rifle Paper Co. x Loloi Rosa Sky Area Rug, $116.12 ,2,2/13/2026
INV_925115,CUST_1037,Kevin Mills,PROD_f6c97a80,Livdon Washable Medium Rug, $151.77 ,1,2/13/2026
INV_581250,CUST_1300,Victoria Boyd,PROD_819dccdf,Paint Chip Blue Machine Washable Rug, $35.96 ,2,2/13/2026
INV_837733,CUST_1207,Zachary Brooks,PROD_0a14d1b3,White Shag Novelty Faux Sheepskin Fur Fluffy Rug, $76.08 ,1,2/13/2026
INV_504924,CUST_1027,Brent Jordan,PROD_a6ea231c,Ava-Mary Striped Indoor / Outdoor Rug, $146.12 ,1,2/13/2026
INV_455652,CUST_1133,Bob Pitts,PROD_ba5eef5e,Gauna Power Loomed Geometric Indoor and Outdoor Rug, $86.93 ,1,2/13/2026
INV_688508,CUST_1111,Pamela Thompson,PROD_89c6f605,Washable Oriental  Area Rugs Non slip Green Rugs, $20.19 ,1,2/14/2026
INV_622112,CUST_1448,Fernando Lynn,PROD_db0bc388,Waikiki Blue Indoor/Outdoor Rug, $138.20 ,1,2/14/2026
INV_539001,CUST_1310,Elizabeth Ward,PROD_b59a3efe,Machine Washable Area Rugs for Entryway 2x3 Non-Slip Soft Throw Rugs Blue/Gray, $20.75 ,1,2/14/2026
INV_378937,CUST_1174,Sophia Moore,PROD_af993edd,"Reversible Waterproof Plastic Straw Outdoor Area Rug for Patio, Camping", $54.15 ,1,2/14/2026
INV_441849,CUST_1386,Alejandra Santos,PROD_96a0055d,Loloi Botanical Ivory / Multi Area Rug, $33.87 ,1,2/14/2026
INV_529008,CUST_1196,James Conner,PROD_16a4bedb,Aitken Machine Woven Geometric Indoor and Outdoor Rug, $72.08 ,1,2/14/2026
INV_597775,CUST_1050,Sharon Cochran,PROD_885c587d,"Paseo Gurseerit All-Weather Flatweave Indoor/Outdoor Area Rug, Brown Black", $95.22 ,1,2/14/2026
INV_921834,CUST_1042,Shawn Baker,PROD_9d77c7b9,Rifle Paper Co. x Loloi Rosa Sky Area Rug, $105.98 ,1,2/14/2026
INV_229890,CUST_1421,Krista Davis,PROD_20bbb110,Ainswick Memory Foam Large Rug, $564.12 ,1,2/14/2026
INV_669460,CUST_1266,Courtney Dudley,PROD_fd0cd8cf,Non-Slip Washable Stain Resistant Area Rug For Living Room Bedroom Dining Room, $94.65 ,1,2/14/2026
INV_987204,CUST_1436,Anthony Guzman,PROD_049d2289,Valis Faux Sheepskin Indoor Rug, $103.87 ,1,2/14/2026
INV_260263,CUST_1430,Devin Johnson,PROD_ffc555c6,"Azelhurst 7'8"" X 10' Area Rug", $677.29 ,5,2/15/2026
INV_847245,CUST_1485,Micheal Parks,PROD_a6ea231c,Ava-Mary Striped Indoor / Outdoor Rug, $144.83 ,1,2/15/2026
INV_113266,CUST_1189,Julie Spencer,PROD_fd0cd8cf,Non-Slip Washable Stain Resistant Area Rug For Living Room Bedroom Dining Room, $99.44 ,1,2/15/2026
INV_294546,CUST_1000,Allison Hill,PROD_ffc555c6,"Azelhurst 7'8"" X 10' Area Rug", $661.89 ,1,2/15/2026
INV_204117,CUST_1226,Heidi Owen,PROD_cd80d75a,Corrbell 5' X 7' Area Rug, $202.96 ,1,2/15/2026
INV_102689,CUST_1212,Jose Allen,PROD_61bd4c69,Area Rug Machine Washable Rugs with Rubber Backing for Living Room, $19.52 ,1,2/15/2026
INV_243139,CUST_1097,Adrian Ferguson,PROD_86d6a4e7,"Eldonmore 7'8"" X 10' Area Rug", $717.23 ,1,2/16/2026
INV_203818,CUST_1310,Elizabeth Ward,PROD_aaf8a92a,Izola Oriental Indoor/Outdoor Area Rug, $179.62 ,1,2/17/2026
INV_233751,CUST_1004,Gabrielle Davis,PROD_03310af2,"Dylanton 7'8"" X 10' Area Rug", $465.49 ,1,2/17/2026
INV_799155,CUST_1308,Autumn Key,PROD_86d6a4e7,"Eldonmore 7'8"" X 10' Area Rug", $731.03 ,1,2/17/2026
INV_199074,CUST_1262,Jeremy Barnes,PROD_96a0055d,Loloi Botanical Ivory / Multi Area Rug, $32.74 ,1,2/17/2026
INV_342924,CUST_1401,Laura Jones,PROD_86d6a4e7,"Eldonmore 7'8"" X 10' Area Rug", $701.10 ,1,2/17/2026
INV_343715,CUST_1229,Laura Moreno,PROD_94b9189a,Enciso Machine Woven Stain Resistant Indoor/Outdoor Area Rug, $65.90 ,1,2/17/2026
INV_646660,CUST_1109,Kathryn Snyder,PROD_15009179,Maust Sunshine Rainbow Shag Rug, $110.56 ,1,2/17/2026
INV_223453,CUST_1214,Rachel Romero,PROD_96a0055d,Loloi Botanical Ivory / Multi Area Rug, $33.71 ,1,2/17/2026
INV_588640,CUST_1133,Bob Pitts,PROD_0f472890,Oriental Vintage Machine Washable Non-Slip Dark Green Indoor Area Rug, $134.97 ,1,2/18/2026
INV_443032,CUST_1022,Lisa Brandt,PROD_9360ae59,Botanical Modern Machine Washable Floral Indoor Oriental Performance Area Rug, $112.40 ,1,2/18/2026
INV_256532,CUST_1241,Denise Weber,PROD_a0eaf6eb,Tomas Chevron Rug Dark Blue/Gray Indoor/Outdoor Area Rug, $96.49 ,1,2/18/2026
INV_550797,CUST_1139,Crystal Pham,PROD_885c587d,"Paseo Gurseerit All-Weather Flatweave Indoor/Outdoor Area Rug, Brown Black", $88.44 ,1,2/18/2026
INV_812413,CUST_1207,Zachary Brooks,PROD_0f472890,Oriental Vintage Machine Washable Non-Slip Dark Green Indoor Area Rug, $133.90 ,1,2/18/2026
INV_591868,CUST_1406,Michael Williams,PROD_179506f6,Warkentin Geometric Indoor Rug, $131.20 ,1,2/18/2026
INV_828449,CUST_1047,Rebecca Valencia,PROD_a6ea231c,Ava-Mary Striped Indoor / Outdoor Rug, $151.69 ,1,2/19/2026
INV_200617,CUST_1098,Beth Oneill,PROD_b59a3efe,Machine Washable Area Rugs for Entryway 2x3 Non-Slip Soft Throw Rugs Blue/Gray, $19.16 ,5,2/19/2026
INV_142608,CUST_1095,Tiffany Vaughn,PROD_289ed9b0,Ankita Bordered Jute Area Rug, $313.58 ,1,2/19/2026
INV_218327,CUST_1217,Carrie Maxwell,PROD_885c587d,"Paseo Gurseerit All-Weather Flatweave Indoor/Outdoor Area Rug, Brown Black", $89.48 ,1,2/19/2026
INV_704864,CUST_1321,Judy Sanchez,PROD_7781fd4a,Oriental Indoor Rug, $235.22 ,1,2/20/2026
INV_960899,CUST_1379,Pamela Williams,PROD_1ad08862,Scalloped Washable Rug Area Rugs for Living Room Modern Rugs Abstract Non-Slip, $78.78 ,2,2/20/2026
INV_520400,CUST_1091,Jason Peters,PROD_89c6f605,Washable Oriental  Area Rugs Non slip Green Rugs, $20.95 ,1,2/20/2026
INV_743003,CUST_1320,Manuel King,PROD_07dd57f8,Nola Geometric Indoor / Outdoor Rug, $104.69 ,5,2/20/2026
INV_333726,CUST_1334,Brandon Jordan,PROD_fd0cd8cf,Non-Slip Washable Stain Resistant Area Rug For Living Room Bedroom Dining Room, $95.56 ,1,2/20/2026
INV_904894,CUST_1080,Cynthia Wells,PROD_07dd57f8,Nola Geometric Indoor / Outdoor Rug, $104.17 ,1,2/20/2026
INV_728471,CUST_1472,Samuel Suarez,PROD_289ed9b0,Ankita Bordered Jute Area Rug, $340.93 ,1,2/20/2026
INV_272655,CUST_1425,Jessica Ramsey,PROD_03533587,Hand Hooked Wool Oriental Indoor Rug, $48.26 ,1,2/21/2026
INV_665163,CUST_1250,Kathleen Davis,PROD_fd0cd8cf,Non-Slip Washable Stain Resistant Area Rug For Living Room Bedroom Dining Room, $101.29 ,5,2/21/2026
INV_684482,CUST_1490,Steve Mason,PROD_3b59c0ac,Seraphine Coastal Flatweave Navy Indoor /  Outdoor Area Rug, $72.73 ,1,2/21/2026
INV_135241,CUST_1103,Marc Lynch,PROD_179506f6,Warkentin Geometric Indoor Rug, $127.21 ,1,2/21/2026
INV_821068,CUST_1113,Shannon Rivera,PROD_7cb7c01e,Achilles Cream/Gray Rug, $120.69 ,1,2/21/2026
INV_837801,CUST_1300,Victoria Boyd,PROD_819dccdf,Paint Chip Blue Machine Washable Rug, $33.49 ,5,2/21/2026
INV_109738,CUST_1303,Paul Wells,PROD_89c6f605,Washable Oriental  Area Rugs Non slip Green Rugs, $20.35 ,1,2/21/2026
INV_719473,CUST_1347,Robin Wheeler,PROD_9d77c7b9,Rifle Paper Co. x Loloi Rosa Sky Area Rug, $112.47 ,1,2/22/2026
INV_386780,CUST_1052,Matthew Ross,PROD_7781fd4a,Oriental Indoor Rug, $230.02 ,1,2/22/2026
INV_318572,CUST_1394,Lori Mason,PROD_96a0055d,Loloi Botanical Ivory / Multi Area Rug, $33.54 ,1,2/22/2026
INV_454245,CUST_1233,Victoria Contreras,PROD_a372467d,Leosvel Faux Sheepskin Indoor Rug, $199.90 ,1,2/22/2026
INV_726495,CUST_1314,Robert Jackson,PROD_a0eaf6eb,Tomas Chevron Rug Dark Blue/Gray Indoor/Outdoor Area Rug, $90.03 ,1,2/22/2026
INV_898347,CUST_1192,Helen Hardin,PROD_86d6a4e7,"Eldonmore 7'8"" X 10' Area Rug", $734.07 ,1,2/22/2026
INV_531690,CUST_1011,Jennifer Rocha,PROD_89c6f605,Washable Oriental  Area Rugs Non slip Green Rugs, $20.28 ,1,2/22/2026
INV_397719,CUST_1378,Frank Campbell MD,PROD_9d77c7b9,Rifle Paper Co. x Loloi Rosa Sky Area Rug, $116.10 ,1,2/22/2026
INV_813341,CUST_1084,Barbara Riggs,PROD_b59a3efe,Machine Washable Area Rugs for Entryway 2x3 Non-Slip Soft Throw Rugs Blue/Gray, $19.87 ,1,2/22/2026
INV_661527,CUST_1430,Devin Johnson,PROD_94b9189a,Enciso Machine Woven Stain Resistant Indoor/Outdoor Area Rug, $64.46 ,1,2/23/2026
INV_584952,CUST_1320,Manuel King,PROD_a39a8d2b,Rinoa Indoor / Outdoor Rug, $196.91 ,1,2/23/2026
INV_475308,CUST_1102,Joseph Hayes,PROD_049d2289,Valis Faux Sheepskin Indoor Rug, $108.91 ,2,2/23/2026
INV_564226,CUST_1316,Ryan Hall,PROD_89c6f605,Washable Oriental  Area Rugs Non slip Green Rugs, $19.75 ,1,2/23/2026
INV_962460,CUST_1254,William Becker,PROD_f6c97a80,Livdon Washable Medium Rug, $158.26 ,1,2/23/2026
INV_499371,CUST_1413,Jacqueline Villegas,PROD_163bd914,Disney Mickey Mouse Tropical Sand Dollar Havana Brown/ Sand Flatweave Indoor/, $200.62 ,1,2/23/2026
INV_175124,CUST_1315,Kelly Combs,PROD_1b747b15,"Bachby 5'3"" X 7' Area Rug", $155.93 ,1,2/24/2026
INV_402346,CUST_1356,Jeffrey Smith,PROD_9360ae59,Botanical Modern Machine Washable Floral Indoor Oriental Performance Area Rug, $116.02 ,1,2/24/2026
INV_205409,CUST_1370,Heather Page,PROD_3a8f5324,"Lisgrove 7'8"" X 10' Area Rug", $666.38 ,2,2/24/2026
INV_160244,CUST_1149,David Medina,PROD_179506f6,Warkentin Geometric Indoor Rug, $124.40 ,1,2/24/2026
INV_301255,CUST_1054,Victoria Johnson,PROD_96a0055d,Loloi Botanical Ivory / Multi Area Rug, $31.83 ,2,2/24/2026
INV_575747,CUST_1007,Dr. Sharon James,PROD_7781fd4a,Oriental Indoor Rug, $225.52 ,1,2/25/2026
INV_753476,CUST_1338,Richard Ward,PROD_ba5eef5e,Gauna Power Loomed Geometric Indoor and Outdoor Rug, $91.14 ,1,2/25/2026
INV_278593,CUST_1298,Andrew Gonzales,PROD_179506f6,Warkentin Geometric Indoor Rug, $124.06 ,1,2/25/2026
INV_453123,CUST_1259,Veronica Silva,PROD_aaf8a92a,Izola Oriental Indoor/Outdoor Area Rug, $176.44 ,2,2/25/2026
INV_718975,CUST_1336,Misty Hansen,PROD_1ad08862,Scalloped Washable Rug Area Rugs for Living Room Modern Rugs Abstract Non-Slip, $76.93 ,1,2/25/2026
INV_686120,CUST_1189,Julie Spencer,PROD_0a14d1b3,White Shag Novelty Faux Sheepskin Fur Fluffy Rug, $72.28 ,2,2/25/2026
INV_753518,CUST_1162,Donald Schultz,PROD_049d2289,Valis Faux Sheepskin Indoor Rug, $104.77 ,1,2/25/2026
INV_459502,CUST_1248,Anthony Dougherty,PROD_289ed9b0,Ankita Bordered Jute Area Rug, $337.79 ,1,2/26/2026
INV_680099,CUST_1305,Tammy Boone,PROD_20bbb110,Ainswick Memory Foam Large Rug, $555.82 ,1,2/26/2026
INV_181896,CUST_1269,Thomas Douglas,PROD_d02253d6,Lanett Oriental Blue/Gray Area Rug, $98.97 ,1,2/26/2026
INV_613731,CUST_1020,David Bradley,PROD_07dd57f8,Nola Geometric Indoor / Outdoor Rug, $100.00 ,1,2/27/2026
INV_630108,CUST_1195,Emily Douglas,PROD_86d6a4e7,"Eldonmore 7'8"" X 10' Area Rug", $685.63 ,1,2/27/2026
INV_339266,CUST_1125,Matthew Hoover,PROD_28b95f59,Mendota Geometric Tan Indoor/Outdoor Area Rug, $138.89 ,1,2/27/2026
INV_224138,CUST_1034,Lauren Daniels,PROD_16a4bedb,Aitken Machine Woven Geometric Indoor and Outdoor Rug, $74.17 ,1,2/28/2026
INV_308535,CUST_1443,Keith Zuniga,PROD_86d6a4e7,"Eldonmore 7'8"" X 10' Area Rug", $671.15 ,1,2/28/2026
INV_119895,CUST_1061,Steven Flynn,PROD_179506f6,Warkentin Geometric Indoor Rug, $125.83 ,1,2/28/2026
INV_234628,CUST_1035,Kim Brown,PROD_cd80d75a,Corrbell 5' X 7' Area Rug, $208.39 ,1,2/28/2026
INV_999308,CUST_1350,Kathryn Cooper,PROD_03533587,Hand Hooked Wool Oriental Indoor Rug, $51.82 ,1,3/1/2026
INV_218448,CUST_1028,Victoria Garcia,PROD_1ad08862,Scalloped Washable Rug Area Rugs for Living Room Modern Rugs Abstract Non-Slip, $75.04 ,2,3/1/2026
INV_126135,CUST_1499,Katherine Christensen MD,PROD_ba5eef5e,Gauna Power Loomed Geometric Indoor and Outdoor Rug, $85.26 ,1,3/1/2026
INV_564531,CUST_1336,Misty Hansen,PROD_ba5eef5e,Gauna Power Loomed Geometric Indoor and Outdoor Rug, $91.33 ,1,3/1/2026
INV_423404,CUST_1194,Nathaniel Douglas,PROD_20bbb110,Ainswick Memory Foam Large Rug, $578.47 ,1,3/1/2026
INV_923481,CUST_1322,Shannon Malone,PROD_7ef65a00,Jules Checkered Area Rug, $137.97 ,1,3/1/2026
INV_168652,CUST_1085,Matthew Smith,PROD_aaf8a92a,Izola Oriental Indoor/Outdoor Area Rug, $175.88 ,1,3/1/2026
INV_491225,CUST_1002,Cristian Santos,PROD_f03852cf,Lahjar Speckled Wool Blend Area Rug, $504.36 ,1,3/1/2026
INV_823688,CUST_1161,Katherine Browning,PROD_03533587,Hand Hooked Wool Oriental Indoor Rug, $52.24 ,1,3/2/2026
INV_378035,CUST_1433,Rebecca Kelly,PROD_fd0cd8cf,Non-Slip Washable Stain Resistant Area Rug For Living Room Bedroom Dining Room, $95.19 ,1,3/2/2026
INV_486490,CUST_1007,Dr. Sharon James,PROD_049d2289,Valis Faux Sheepskin Indoor Rug, $100.08 ,1,3/2/2026
INV_655837,CUST_1201,Cynthia Wallace,PROD_16a4bedb,Aitken Machine Woven Geometric Indoor and Outdoor Rug, $73.00 ,1,3/2/2026
INV_714923,CUST_1498,Joseph Warren,PROD_28b95f59,Mendota Geometric Tan Indoor/Outdoor Area Rug, $137.56 ,1,3/2/2026
INV_117975,CUST_1369,Scott Miller,PROD_68bfe17c,Adrihana Machine Woven Abstract Area Rug, $236.78 ,1,3/2/2026
INV_390946,CUST_1327,Michelle Sanders,PROD_aaf8a92a,Izola Oriental Indoor/Outdoor Area Rug, $187.14 ,1,3/3/2026
INV_169986,CUST_1140,Patricia Becker,PROD_ffc555c6,"Azelhurst 7'8"" X 10' Area Rug", $656.05 ,5,3/3/2026
INV_682119,CUST_1400,Patricia Johnson,PROD_07dd57f8,Nola Geometric Indoor / Outdoor Rug, $106.61 ,5,3/3/2026
INV_233533,CUST_1060,Richard Lawson,PROD_289ed9b0,Ankita Bordered Jute Area Rug, $322.50 ,2,3/3/2026
INV_838253,CUST_1143,Terry Coffey,PROD_86d6a4e7,"Eldonmore 7'8"" X 10' Area Rug", $676.78 ,1,3/3/2026
INV_860583,CUST_1461,Beth Henderson,PROD_cd80d75a,Corrbell 5' X 7' Area Rug, $192.93 ,2,3/3/2026
INV_912853,CUST_1133,Bob Pitts,PROD_aaf8a92a,Izola Oriental Indoor/Outdoor Area Rug, $184.47 ,1,3/4/2026
INV_466960,CUST_1240,Travis Stone,PROD_ef361fba,"Radiant Oriental Multicolor Hand Knotted Wool Blue, Pink, Navy Traditional Area"," $3,247.70 ",1,3/4/2026
INV_503097,CUST_1372,Kenneth Farley,PROD_fd0cd8cf,Non-Slip Washable Stain Resistant Area Rug For Living Room Bedroom Dining Room, $95.30 ,1,3/4/2026
INV_321921,CUST_1246,Mr. Lawrence Edwards,PROD_179506f6,Warkentin Geometric Indoor Rug, $126.62 ,1,3/4/2026
INV_125905,CUST_1197,Susan Davis DDS,PROD_049d2289,Valis Faux Sheepskin Indoor Rug, $106.32 ,1,3/4/2026
INV_442707,CUST_1021,Kim Martinez,PROD_b59a3efe,Machine Washable Area Rugs for Entryway 2x3 Non-Slip Soft Throw Rugs Blue/Gray, $20.12 ,1,3/4/2026
INV_913761,CUST_1224,Mitchell Jackson,PROD_89c6f605,Washable Oriental  Area Rugs Non slip Green Rugs, $19.42 ,1,3/4/2026
INV_912510,CUST_1066,Robert Contreras,PROD_86d6a4e7,"Eldonmore 7'8"" X 10' Area Rug", $722.92 ,1,3/4/2026
INV_586765,CUST_1316,Ryan Hall,PROD_0f472890,Oriental Vintage Machine Washable Non-Slip Dark Green Indoor Area Rug, $130.09 ,1,3/4/2026
INV_614259,CUST_1451,Colton Terry,PROD_1ad08862,Scalloped Washable Rug Area Rugs for Living Room Modern Rugs Abstract Non-Slip, $74.54 ,1,3/5/2026
INV_428838,CUST_1296,Shaun Cannon,PROD_1b747b15,"Bachby 5'3"" X 7' Area Rug", $152.97 ,1,3/5/2026
INV_251030,CUST_1058,Erika Terry,PROD_96a0055d,Loloi Botanical Ivory / Multi Area Rug, $31.90 ,1,3/5/2026
INV_989203,CUST_1314,Robert Jackson,PROD_163bd914,Disney Mickey Mouse Tropical Sand Dollar Havana Brown/ Sand Flatweave Indoor/, $218.40 ,1,3/5/2026
INV_484682,CUST_1058,Erika Terry,PROD_68bfe17c,Adrihana Machine Woven Abstract Area Rug, $233.30 ,1,3/6/2026
INV_256226,CUST_1217,Carrie Maxwell,PROD_03533587,Hand Hooked Wool Oriental Indoor Rug, $48.61 ,2,3/6/2026
INV_497700,CUST_1237,Patricia Morrow,PROD_0a14d1b3,White Shag Novelty Faux Sheepskin Fur Fluffy Rug, $72.44 ,1,3/6/2026
INV_108948,CUST_1366,Joshua Jackson,PROD_1b747b15,"Bachby 5'3"" X 7' Area Rug", $166.59 ,2,3/6/2026
INV_790130,CUST_1152,Michael Stephens,PROD_0f472890,Oriental Vintage Machine Washable Non-Slip Dark Green Indoor Area Rug, $125.72 ,1,3/6/2026
INV_134500,CUST_1350,Kathryn Cooper,PROD_68bfe17c,Adrihana Machine Woven Abstract Area Rug, $227.43 ,1,3/6/2026
INV_301528,CUST_1200,James Martin,PROD_fd0cd8cf,Non-Slip Washable Stain Resistant Area Rug For Living Room Bedroom Dining Room, $97.70 ,1,3/6/2026
INV_298202,CUST_1145,Richard Smith,PROD_86d6a4e7,"Eldonmore 7'8"" X 10' Area Rug", $693.60 ,1,3/6/2026
INV_416768,CUST_1455,Martin Hughes,PROD_ffc555c6,"Azelhurst 7'8"" X 10' Area Rug", $655.90 ,1,3/7/2026
INV_447372,CUST_1079,Mrs. Marie Harrington DDS,PROD_163bd914,Disney Mickey Mouse Tropical Sand Dollar Havana Brown/ Sand Flatweave Indoor/, $218.77 ,1,3/7/2026
INV_901075,CUST_1440,Marie Thompson,PROD_aaf8a92a,Izola Oriental Indoor/Outdoor Area Rug, $176.07 ,1,3/7/2026
INV_904905,CUST_1102,Joseph Hayes,PROD_3a8f5324,"Lisgrove 7'8"" X 10' Area Rug", $638.87 ,1,3/7/2026
INV_764845,CUST_1382,Cynthia Rios,PROD_a6ea231c,Ava-Mary Striped Indoor / Outdoor Rug, $144.96 ,5,3/7/2026
INV_331251,CUST_1214,Rachel Romero,PROD_aaf8a92a,Izola Oriental Indoor/Outdoor Area Rug, $190.54 ,5,3/7/2026
INV_357034,CUST_1395,Kimberly Hernandez,PROD_819dccdf,Paint Chip Blue Machine Washable Rug, $36.12 ,1,3/7/2026
INV_487151,CUST_1462,Deanna Bartlett,PROD_28b95f59,Mendota Geometric Tan Indoor/Outdoor Area Rug, $133.49 ,2,3/7/2026
INV_499917,CUST_1380,William Patterson,PROD_fd0cd8cf,Non-Slip Washable Stain Resistant Area Rug For Living Room Bedroom Dining Room, $102.42 ,1,3/8/2026
INV_119506,CUST_1232,Benjamin Thompson,PROD_179506f6,Warkentin Geometric Indoor Rug, $125.84 ,1,3/8/2026
INV_693643,CUST_1145,Richard Smith,PROD_61bd4c69,Area Rug Machine Washable Rugs with Rubber Backing for Living Room, $20.15 ,2,3/8/2026
INV_865380,CUST_1384,Karen Perez,PROD_049d2289,Valis Faux Sheepskin Indoor Rug, $103.81 ,1,3/8/2026
INV_846454,CUST_1153,Samantha Davis,PROD_3b59c0ac,Seraphine Coastal Flatweave Navy Indoor /  Outdoor Area Rug, $75.62 ,1,3/8/2026
INV_197627,CUST_1374,Sandra Juarez,PROD_fd0cd8cf,Non-Slip Washable Stain Resistant Area Rug For Living Room Bedroom Dining Room, $102.32 ,1,3/8/2026
INV_831510,CUST_1478,Alejandra King,PROD_68bfe17c,Adrihana Machine Woven Abstract Area Rug, $224.74 ,1,3/8/2026
INV_700534,CUST_1380,William Patterson,PROD_1ad08862,Scalloped Washable Rug Area Rugs for Living Room Modern Rugs Abstract Non-Slip, $76.07 ,1,3/9/2026
INV_888133,CUST_1191,Mrs. Maria Williams,PROD_049d2289,Valis Faux Sheepskin Indoor Rug, $99.67 ,1,3/9/2026
INV_653306,CUST_1337,Derrick Adams,PROD_cb6ebe0a,Harjot Medium Rug, $154.63 ,1,3/9/2026
INV_192337,CUST_1483,Rebekah Greene,PROD_a6ea231c,Ava-Mary Striped Indoor / Outdoor Rug, $141.13 ,1,3/9/2026
INV_804313,CUST_1236,Stephen Jones,PROD_a0eaf6eb,Tomas Chevron Rug Dark Blue/Gray Indoor/Outdoor Area Rug, $88.06 ,1,3/9/2026
INV_500327,CUST_1216,Ashley Perkins,PROD_fd0cd8cf,Non-Slip Washable Stain Resistant Area Rug For Living Room Bedroom Dining Room, $95.59 ,1,3/9/2026
INV_970071,CUST_1035,Kim Brown,PROD_15009179,Maust Sunshine Rainbow Shag Rug, $107.62 ,1,3/9/2026
INV_817817,CUST_1402,Carol Moore,PROD_61bd4c69,Area Rug Machine Washable Rugs with Rubber Backing for Living Room, $20.22 ,2,3/9/2026
INV_453907,CUST_1085,Matthew Smith,PROD_289ed9b0,Ankita Bordered Jute Area Rug, $322.78 ,1,3/9/2026
INV_495533,CUST_1176,Michael Watkins,PROD_61bd4c69,Area Rug Machine Washable Rugs with Rubber Backing for Living Room, $20.52 ,1,3/10/2026
INV_290802,CUST_1176,Michael Watkins,PROD_9d77c7b9,Rifle Paper Co. x Loloi Rosa Sky Area Rug, $112.21 ,1,3/10/2026
INV_147285,CUST_1291,Kimberly Brown,PROD_a39a8d2b,Rinoa Indoor / Outdoor Rug, $194.39 ,2,3/10/2026
INV_990901,CUST_1495,Curtis Watson,PROD_aaf8a92a,Izola Oriental Indoor/Outdoor Area Rug, $186.74 ,1,3/10/2026
INV_203878,CUST_1292,Randy Cannon,PROD_af993edd,"Reversible Waterproof Plastic Straw Outdoor Area Rug for Patio, Camping", $54.71 ,1,3/10/2026
INV_776909,CUST_1156,Brianna Anderson,PROD_1ad08862,Scalloped Washable Rug Area Rugs for Living Room Modern Rugs Abstract Non-Slip, $73.02 ,2,3/10/2026
INV_396809,CUST_1203,Douglas Reyes,PROD_07dd57f8,Nola Geometric Indoor / Outdoor Rug, $100.17 ,1,3/10/2026
INV_102805,CUST_1122,Mary Grimes,PROD_289ed9b0,Ankita Bordered Jute Area Rug, $312.14 ,2,3/10/2026
INV_330914,CUST_1010,Andrew Stewart,PROD_3a8f5324,"Lisgrove 7'8"" X 10' Area Rug", $642.18 ,1,3/11/2026
INV_845957,CUST_1447,Rachel Lane,PROD_0f472890,Oriental Vintage Machine Washable Non-Slip Dark Green Indoor Area Rug, $135.64 ,2,3/11/2026
INV_592972,CUST_1259,Veronica Silva,PROD_7cb7c01e,Achilles Cream/Gray Rug, $114.23 ,1,3/11/2026
INV_599704,CUST_1175,Lawrence Perry,PROD_fd0cd8cf,Non-Slip Washable Stain Resistant Area Rug For Living Room Bedroom Dining Room, $102.22 ,1,3/11/2026
INV_232413,CUST_1023,Jessica Holmes,PROD_a39a8d2b,Rinoa Indoor / Outdoor Rug, $198.77 ,2,3/11/2026
INV_947613,CUST_1380,William Patterson,PROD_af993edd,"Reversible Waterproof Plastic Straw Outdoor Area Rug for Patio, Camping", $58.40 ,1,3/11/2026
INV_962767,CUST_1195,Emily Douglas,PROD_af993edd,"Reversible Waterproof Plastic Straw Outdoor Area Rug for Patio, Camping", $55.94 ,1,3/11/2026
INV_486839,CUST_1167,Kristina Santiago,PROD_15009179,Maust Sunshine Rainbow Shag Rug, $109.51 ,2,3/11/2026
INV_865433,CUST_1209,Luis Bullock,PROD_3b59c0ac,Seraphine Coastal Flatweave Navy Indoor /  Outdoor Area Rug, $74.61 ,1,3/11/2026
INV_848705,CUST_1091,Jason Peters,PROD_f03852cf,Lahjar Speckled Wool Blend Area Rug, $535.75 ,2,3/11/2026
INV_268746,CUST_1219,Stacey Stewart,PROD_68bfe17c,Adrihana Machine Woven Abstract Area Rug, $220.66 ,1,3/12/2026
INV_610311,CUST_1490,Steve Mason,PROD_a372467d,Leosvel Faux Sheepskin Indoor Rug, $201.19 ,2,3/12/2026
INV_824156,CUST_1208,Raven Taylor,PROD_1ad08862,Scalloped Washable Rug Area Rugs for Living Room Modern Rugs Abstract Non-Slip, $77.95 ,1,3/12/2026
INV_259077,CUST_1455,Martin Hughes,PROD_ef361fba,"Radiant Oriental Multicolor Hand Knotted Wool Blue, Pink, Navy Traditional Area"," $3,552.69 ",1,3/12/2026
INV_361989,CUST_1437,Carlos Love,PROD_d02253d6,Lanett Oriental Blue/Gray Area Rug, $99.40 ,2,3/12/2026
INV_837463,CUST_1088,Samuel Rivas,PROD_9360ae59,Botanical Modern Machine Washable Floral Indoor Oriental Performance Area Rug, $121.61 ,1,3/12/2026
INV_930924,CUST_1054,Victoria Johnson,PROD_b59a3efe,Machine Washable Area Rugs for Entryway 2x3 Non-Slip Soft Throw Rugs Blue/Gray, $20.29 ,1,3/12/2026
INV_535352,CUST_1485,Micheal Parks,PROD_289ed9b0,Ankita Bordered Jute Area Rug, $334.11 ,1,3/13/2026
INV_742686,CUST_1197,Susan Davis DDS,PROD_28b95f59,Mendota Geometric Tan Indoor/Outdoor Area Rug, $145.48 ,1,3/13/2026
INV_902328,CUST_1376,Jackie Clements,PROD_f03852cf,Lahjar Speckled Wool Blend Area Rug, $514.13 ,1,3/13/2026
INV_961530,CUST_1406,Michael Williams,PROD_049d2289,Valis Faux Sheepskin Indoor Rug, $99.52 ,1,3/13/2026
INV_891937,CUST_1341,Ernest Oconnell,PROD_7ef65a00,Jules Checkered Area Rug, $136.28 ,2,3/14/2026
INV_542519,CUST_1237,Patricia Morrow,PROD_1ad08862,Scalloped Washable Rug Area Rugs for Living Room Modern Rugs Abstract Non-Slip, $79.72 ,2,3/14/2026
INV_288085,CUST_1189,Julie Spencer,PROD_9d77c7b9,Rifle Paper Co. x Loloi Rosa Sky Area Rug, $105.58 ,5,3/14/2026
INV_584498,CUST_1081,Jacob Obrien,PROD_61bd4c69,Area Rug Machine Washable Rugs with Rubber Backing for Living Room, $19.84 ,1,3/14/2026
INV_635740,CUST_1380,William Patterson,PROD_a0eaf6eb,Tomas Chevron Rug Dark Blue/Gray Indoor/Outdoor Area Rug, $90.97 ,5,3/15/2026
INV_680096,CUST_1026,Timothy Duncan,PROD_db0bc388,Waikiki Blue Indoor/Outdoor Rug, $140.56 ,1,3/15/2026
INV_370346,CUST_1116,Peter Garrett,PROD_03533587,Hand Hooked Wool Oriental Indoor Rug, $48.61 ,1,3/15/2026
INV_912609,CUST_1265,Megan Dillon,PROD_94b9189a,Enciso Machine Woven Stain Resistant Indoor/Outdoor Area Rug, $62.51 ,2,3/15/2026
INV_228168,CUST_1489,Julie Wilson,PROD_16a4bedb,Aitken Machine Woven Geometric Indoor and Outdoor Rug, $69.78 ,1,3/15/2026
INV_775192,CUST_1362,Melissa Brewer,PROD_b7d8e041,Jodhveer Area Rug Washable Rug Non-Slip Backing Indoor Rugs, $39.56 ,1,3/15/2026
INV_797883,CUST_1094,Jesse Parker,PROD_885c587d,"Paseo Gurseerit All-Weather Flatweave Indoor/Outdoor Area Rug, Brown Black", $93.90 ,1,3/15/2026
INV_577456,CUST_1304,Kristina Faulkner,PROD_db0bc388,Waikiki Blue Indoor/Outdoor Rug, $140.31 ,1,3/15/2026
INV_122532,CUST_1256,Andrew Reeves,PROD_20bbb110,Ainswick Memory Foam Large Rug, $594.29 ,5,3/15/2026
INV_883300,CUST_1126,Evelyn Garcia,PROD_1b747b15,"Bachby 5'3"" X 7' Area Rug", $160.61 ,1,3/15/2026
INV_804091,CUST_1155,Robin Hall,PROD_7cb7c01e,Achilles Cream/Gray Rug, $116.47 ,2,3/15/2026
INV_770864,CUST_1383,Kelly Wallace,PROD_ffc555c6,"Azelhurst 7'8"" X 10' Area Rug", $665.63 ,1,3/16/2026
INV_194604,CUST_1243,Travis Wise,PROD_68bfe17c,Adrihana Machine Woven Abstract Area Rug, $228.26 ,1,3/16/2026
INV_875501,CUST_1102,Joseph Hayes,PROD_af993edd,"Reversible Waterproof Plastic Straw Outdoor Area Rug for Patio, Camping", $57.58 ,2,3/16/2026
INV_355090,CUST_1494,Jeffrey Jordan,PROD_94b9189a,Enciso Machine Woven Stain Resistant Indoor/Outdoor Area Rug, $64.88 ,1,3/16/2026
INV_759868,CUST_1383,Kelly Wallace,PROD_b7d8e041,Jodhveer Area Rug Washable Rug Non-Slip Backing Indoor Rugs, $38.06 ,2,3/16/2026
INV_714127,CUST_1260,Paula Lane,PROD_68bfe17c,Adrihana Machine Woven Abstract Area Rug, $234.82 ,1,3/16/2026
INV_781595,CUST_1035,Kim Brown,PROD_7ef65a00,Jules Checkered Area Rug, $128.35 ,1,3/16/2026
INV_923914,CUST_1473,Danielle Bryant,PROD_96a0055d,Loloi Botanical Ivory / Multi Area Rug, $33.91 ,1,3/16/2026
INV_975194,CUST_1153,Samantha Davis,PROD_ba5eef5e,Gauna Power Loomed Geometric Indoor and Outdoor Rug, $84.73 ,1,3/16/2026
INV_970127,CUST_1124,Reginald Williams,PROD_9d77c7b9,Rifle Paper Co. x Loloi Rosa Sky Area Rug, $107.40 ,1,3/17/2026
INV_432918,CUST_1074,Stephanie Freeman,PROD_a0eaf6eb,Tomas Chevron Rug Dark Blue/Gray Indoor/Outdoor Area Rug, $95.83 ,1,3/17/2026
INV_293743,CUST_1460,Lisa Martinez,PROD_a0eaf6eb,Tomas Chevron Rug Dark Blue/Gray Indoor/Outdoor Area Rug, $94.78 ,1,3/17/2026
INV_199994,CUST_1330,Jennifer Ayala,PROD_61bd4c69,Area Rug Machine Washable Rugs with Rubber Backing for Living Room, $20.94 ,1,3/17/2026
INV_288803,CUST_1271,David Garcia,PROD_9360ae59,Botanical Modern Machine Washable Floral Indoor Oriental Performance Area Rug, $119.12 ,1,3/17/2026
INV_388946,CUST_1274,Taylor Gentry,PROD_81ed29d6,Soft Washable Vintage Distressed Beige Area Rug with Non-Slip Backing, $134.16 ,1,3/17/2026
INV_302544,CUST_1404,Cassidy Horne,PROD_af993edd,"Reversible Waterproof Plastic Straw Outdoor Area Rug for Patio, Camping", $56.97 ,1,3/18/2026
INV_952336,CUST_1391,Jonathan Wheeler,PROD_20bbb110,Ainswick Memory Foam Large Rug, $549.00 ,1,3/18/2026
INV_155432,CUST_1073,Sarah Ashley,PROD_94b9189a,Enciso Machine Woven Stain Resistant Indoor/Outdoor Area Rug, $66.52 ,1,3/18/2026
INV_472724,CUST_1237,Patricia Morrow,PROD_179506f6,Warkentin Geometric Indoor Rug, $134.06 ,1,3/19/2026
INV_151047,CUST_1166,Bradley Reynolds,PROD_a372467d,Leosvel Faux Sheepskin Indoor Rug, $190.65 ,2,3/19/2026
INV_130531,CUST_1174,Sophia Moore,PROD_a6ea231c,Ava-Mary Striped Indoor / Outdoor Rug, $149.71 ,2,3/19/2026
INV_832582,CUST_1093,Kara Schmidt,PROD_3b59c0ac,Seraphine Coastal Flatweave Navy Indoor /  Outdoor Area Rug, $70.04 ,1,3/19/2026
INV_648489,CUST_1065,Colleen Brock,PROD_049d2289,Valis Faux Sheepskin Indoor Rug, $107.69 ,1,3/19/2026
INV_579798,CUST_1175,Lawrence Perry,PROD_9360ae59,Botanical Modern Machine Washable Floral Indoor Oriental Performance Area Rug, $121.59 ,1,3/19/2026
INV_497399,CUST_1384,Karen Perez,PROD_20bbb110,Ainswick Memory Foam Large Rug, $576.28 ,1,3/19/2026
INV_939333,CUST_1017,Deborah Mason,PROD_7cb7c01e,Achilles Cream/Gray Rug, $124.80 ,1,3/20/2026
INV_983353,CUST_1455,Martin Hughes,PROD_94b9189a,Enciso Machine Woven Stain Resistant Indoor/Outdoor Area Rug, $62.76 ,1,3/20/2026
INV_873266,CUST_1171,Christopher Park,PROD_15009179,Maust Sunshine Rainbow Shag Rug, $113.37 ,1,3/20/2026
INV_327999,CUST_1153,Samantha Davis,PROD_15009179,Maust Sunshine Rainbow Shag Rug, $108.89 ,1,3/20/2026
INV_296481,CUST_1273,Matthew Velez,PROD_ba5eef5e,Gauna Power Loomed Geometric Indoor and Outdoor Rug, $87.91 ,1,3/20/2026
INV_507475,CUST_1050,Sharon Cochran,PROD_f03852cf,Lahjar Speckled Wool Blend Area Rug, $527.36 ,2,3/20/2026
INV_650744,CUST_1313,Kelly Sanchez,PROD_1b747b15,"Bachby 5'3"" X 7' Area Rug", $161.49 ,1,3/20/2026
INV_459836,CUST_1298,Andrew Gonzales,PROD_7781fd4a,Oriental Indoor Rug, $234.16 ,2,3/20/2026
INV_139569,CUST_1284,Tyler Mendoza,PROD_db0bc388,Waikiki Blue Indoor/Outdoor Rug, $139.98 ,1,3/20/2026
INV_648171,CUST_1061,Steven Flynn,PROD_0f472890,Oriental Vintage Machine Washable Non-Slip Dark Green Indoor Area Rug, $127.25 ,1,3/20/2026
INV_909076,CUST_1362,Melissa Brewer,PROD_ef361fba,"Radiant Oriental Multicolor Hand Knotted Wool Blue, Pink, Navy Traditional Area"," $3,444.23 ",1,3/20/2026
INV_942700,CUST_1184,Jordan Bullock,PROD_16a4bedb,Aitken Machine Woven Geometric Indoor and Outdoor Rug, $70.06 ,2,3/21/2026
INV_575159,CUST_1229,Laura Moreno,PROD_b7d8e041,Jodhveer Area Rug Washable Rug Non-Slip Backing Indoor Rugs, $39.91 ,1,3/21/2026
INV_849051,CUST_1145,Richard Smith,PROD_179506f6,Warkentin Geometric Indoor Rug, $132.23 ,1,3/21/2026
INV_174703,CUST_1411,Oscar Parker,PROD_af993edd,"Reversible Waterproof Plastic Straw Outdoor Area Rug for Patio, Camping", $54.56 ,1,3/21/2026
INV_215233,CUST_1124,Reginald Williams,PROD_f03852cf,Lahjar Speckled Wool Blend Area Rug, $543.30 ,1,3/21/2026
INV_859620,CUST_1025,Shannon Jones,PROD_ba5eef5e,Gauna Power Loomed Geometric Indoor and Outdoor Rug, $86.41 ,1,3/21/2026
INV_602790,CUST_1011,Jennifer Rocha,PROD_3a8f5324,"Lisgrove 7'8"" X 10' Area Rug", $692.15 ,1,3/21/2026
INV_999695,CUST_1149,David Medina,PROD_af993edd,"Reversible Waterproof Plastic Straw Outdoor Area Rug for Patio, Camping", $54.69 ,1,3/21/2026
INV_599397,CUST_1351,Todd Thomas,PROD_cb6ebe0a,Harjot Medium Rug, $166.10 ,1,3/21/2026
INV_938416,CUST_1496,Michael Sims,PROD_cd80d75a,Corrbell 5' X 7' Area Rug, $206.38 ,1,3/21/2026
INV_176421,CUST_1154,Gavin Zhang,PROD_1ad08862,Scalloped Washable Rug Area Rugs for Living Room Modern Rugs Abstract Non-Slip, $76.37 ,1,3/21/2026
INV_336858,CUST_1024,Crystal Robinson,PROD_b7d8e041,Jodhveer Area Rug Washable Rug Non-Slip Backing Indoor Rugs, $38.61 ,1,3/21/2026
INV_441716,CUST_1324,Shannon Davis,PROD_1ad08862,Scalloped Washable Rug Area Rugs for Living Room Modern Rugs Abstract Non-Slip, $78.13 ,5,3/22/2026
INV_923655,CUST_1185,Craig Morrison,PROD_a372467d,Leosvel Faux Sheepskin Indoor Rug, $190.11 ,1,3/22/2026
INV_437211,CUST_1499,Katherine Christensen MD,PROD_0a14d1b3,White Shag Novelty Faux Sheepskin Fur Fluffy Rug, $73.32 ,1,3/22/2026
INV_283537,CUST_1476,Anthony Nash,PROD_a6ea231c,Ava-Mary Striped Indoor / Outdoor Rug, $140.66 ,1,3/22/2026
INV_250551,CUST_1323,Adam Jackson,PROD_7cb7c01e,Achilles Cream/Gray Rug, $116.89 ,1,3/22/2026
INV_726962,CUST_1417,Christopher Owens,PROD_a372467d,Leosvel Faux Sheepskin Indoor Rug, $194.40 ,1,3/22/2026
INV_564276,CUST_1448,Fernando Lynn,PROD_aaf8a92a,Izola Oriental Indoor/Outdoor Area Rug, $180.37 ,1,3/22/2026
INV_372144,CUST_1262,Jeremy Barnes,PROD_a372467d,Leosvel Faux Sheepskin Indoor Rug, $188.44 ,1,3/22/2026
INV_524068,CUST_1441,Michael Anderson,PROD_b59a3efe,Machine Washable Area Rugs for Entryway 2x3 Non-Slip Soft Throw Rugs Blue/Gray, $19.85 ,1,3/22/2026
INV_662968,CUST_1360,Leslie Powers,PROD_fd0cd8cf,Non-Slip Washable Stain Resistant Area Rug For Living Room Bedroom Dining Room, $94.09 ,1,3/23/2026
INV_172933,CUST_1453,Matthew Greene,PROD_0f472890,Oriental Vintage Machine Washable Non-Slip Dark Green Indoor Area Rug, $125.99 ,5,3/23/2026
INV_334865,CUST_1268,Jennifer Reed,PROD_1b747b15,"Bachby 5'3"" X 7' Area Rug", $163.57 ,2,3/23/2026
INV_299055,CUST_1416,Dillon Jones,PROD_b59a3efe,Machine Washable Area Rugs for Entryway 2x3 Non-Slip Soft Throw Rugs Blue/Gray, $20.43 ,1,3/23/2026
INV_922733,CUST_1370,Heather Page,PROD_db0bc388,Waikiki Blue Indoor/Outdoor Rug, $144.59 ,5,3/23/2026
INV_139704,CUST_1210,Lisa Henderson,PROD_aaf8a92a,Izola Oriental Indoor/Outdoor Area Rug, $182.53 ,1,3/23/2026
INV_766478,CUST_1155,Robin Hall,PROD_af993edd,"Reversible Waterproof Plastic Straw Outdoor Area Rug for Patio, Camping", $55.70 ,1,3/23/2026
INV_146542,CUST_1059,Stephanie Gilbert,PROD_94b9189a,Enciso Machine Woven Stain Resistant Indoor/Outdoor Area Rug, $62.98 ,1,3/23/2026
INV_166595,CUST_1009,Joel Nelson,PROD_81ed29d6,Soft Washable Vintage Distressed Beige Area Rug with Non-Slip Backing, $133.49 ,1,3/23/2026
INV_938373,CUST_1009,Joel Nelson,PROD_885c587d,"Paseo Gurseerit All-Weather Flatweave Indoor/Outdoor Area Rug, Brown Black", $93.70 ,1,3/23/2026
INV_315651,CUST_1199,Kimberly Rodgers,PROD_03310af2,"Dylanton 7'8"" X 10' Area Rug", $467.51 ,1,3/23/2026
INV_409531,CUST_1478,Alejandra King,PROD_3a8f5324,"Lisgrove 7'8"" X 10' Area Rug", $674.51 ,1,3/24/2026
INV_681230,CUST_1434,Suzanne Johnson,PROD_1ad08862,Scalloped Washable Rug Area Rugs for Living Room Modern Rugs Abstract Non-Slip, $76.72 ,2,3/24/2026
INV_856442,CUST_1135,Brooke Alexander,PROD_a0eaf6eb,Tomas Chevron Rug Dark Blue/Gray Indoor/Outdoor Area Rug, $92.70 ,1,3/24/2026
INV_112468,CUST_1206,Stacey Arias,PROD_a6ea231c,Ava-Mary Striped Indoor / Outdoor Rug, $151.81 ,2,3/24/2026
INV_654527,CUST_1034,Lauren Daniels,PROD_96a0055d,Loloi Botanical Ivory / Multi Area Rug, $33.86 ,1,3/24/2026
INV_929029,CUST_1242,Matthew Le,PROD_68bfe17c,Adrihana Machine Woven Abstract Area Rug, $223.75 ,1,3/25/2026
INV_893041,CUST_1391,Jonathan Wheeler,PROD_7781fd4a,Oriental Indoor Rug, $229.12 ,1,3/25/2026
INV_836984,CUST_1332,Michelle Miller,PROD_cb6ebe0a,Harjot Medium Rug, $165.93 ,2,3/25/2026
INV_758237,CUST_1173,Cindy Barnes,PROD_07dd57f8,Nola Geometric Indoor / Outdoor Rug, $102.66 ,1,3/25/2026
INV_329974,CUST_1299,Donna Cabrera,PROD_81ed29d6,Soft Washable Vintage Distressed Beige Area Rug with Non-Slip Backing, $134.62 ,1,3/26/2026
INV_635167,CUST_1105,Doris Hall,PROD_7781fd4a,Oriental Indoor Rug, $226.74 ,1,3/26/2026
INV_205071,CUST_1290,Jennifer Velasquez,PROD_3a8f5324,"Lisgrove 7'8"" X 10' Area Rug", $677.04 ,1,3/26/2026
INV_431737,CUST_1214,Rachel Romero,PROD_179506f6,Warkentin Geometric Indoor Rug, $130.84 ,1,3/26/2026
INV_783362,CUST_1065,Colleen Brock,PROD_b7d8e041,Jodhveer Area Rug Washable Rug Non-Slip Backing Indoor Rugs, $38.74 ,2,3/27/2026
INV_996508,CUST_1218,Chad Baldwin,PROD_a0eaf6eb,Tomas Chevron Rug Dark Blue/Gray Indoor/Outdoor Area Rug, $89.72 ,1,3/27/2026
INV_994141,CUST_1029,Connor West,PROD_a39a8d2b,Rinoa Indoor / Outdoor Rug, $202.52 ,1,3/27/2026
INV_267378,CUST_1271,David Garcia,PROD_f6c97a80,Livdon Washable Medium Rug, $165.88 ,1,3/27/2026
INV_557037,CUST_1037,Kevin Mills,PROD_cb6ebe0a,Harjot Medium Rug, $159.74 ,2,3/27/2026
INV_829928,CUST_1057,Lisa Alvarado,PROD_289ed9b0,Ankita Bordered Jute Area Rug, $340.26 ,1,3/27/2026
INV_686448,CUST_1423,Angela Willis,PROD_b7d8e041,Jodhveer Area Rug Washable Rug Non-Slip Backing Indoor Rugs, $38.23 ,1,3/27/2026
INV_477392,CUST_1099,John Peterson,PROD_ffc555c6,"Azelhurst 7'8"" X 10' Area Rug", $697.64 ,1,3/27/2026
INV_989455,CUST_1032,Carmen Smith,PROD_cd80d75a,Corrbell 5' X 7' Area Rug, $193.76 ,1,3/27/2026
INV_992562,CUST_1190,Larry Mason,PROD_049d2289,Valis Faux Sheepskin Indoor Rug, $101.85 ,1,3/27/2026
INV_633025,CUST_1283,Stephanie Padilla,PROD_81ed29d6,Soft Washable Vintage Distressed Beige Area Rug with Non-Slip Backing, $135.76 ,1,3/27/2026
INV_440981,CUST_1319,Megan Drake,PROD_ffc555c6,"Azelhurst 7'8"" X 10' Area Rug", $673.23 ,1,3/27/2026
INV_572161,CUST_1399,Gregory Holmes PhD,PROD_0f472890,Oriental Vintage Machine Washable Non-Slip Dark Green Indoor Area Rug, $130.26 ,1,3/28/2026
INV_531603,CUST_1453,Matthew Greene,PROD_94b9189a,Enciso Machine Woven Stain Resistant Indoor/Outdoor Area Rug, $63.74 ,5,3/28/2026
INV_894143,CUST_1152,Michael Stephens,PROD_b59a3efe,Machine Washable Area Rugs for Entryway 2x3 Non-Slip Soft Throw Rugs Blue/Gray, $20.44 ,1,3/28/2026
INV_544920,CUST_1226,Heidi Owen,PROD_f6c97a80,Livdon Washable Medium Rug, $154.82 ,1,3/28/2026
INV_633328,CUST_1385,Edwin Reyes,PROD_86d6a4e7,"Eldonmore 7'8"" X 10' Area Rug", $681.54 ,2,3/28/2026
INV_153231,CUST_1315,Kelly Combs,PROD_1b747b15,"Bachby 5'3"" X 7' Area Rug", $155.82 ,5,3/28/2026
INV_358281,CUST_1137,Ian Phillips,PROD_16a4bedb,Aitken Machine Woven Geometric Indoor and Outdoor Rug, $72.23 ,1,3/28/2026
INV_282710,CUST_1403,Jordan Williams,PROD_07dd57f8,Nola Geometric Indoor / Outdoor Rug, $100.19 ,1,3/29/2026
INV_806242,CUST_1187,Jeremy Turner,PROD_3b59c0ac,Seraphine Coastal Flatweave Navy Indoor /  Outdoor Area Rug, $70.69 ,2,3/29/2026
INV_468611,CUST_1385,Edwin Reyes,PROD_03533587,Hand Hooked Wool Oriental Indoor Rug, $51.14 ,1,3/29/2026
INV_307428,CUST_1403,Jordan Williams,PROD_ffc555c6,"Azelhurst 7'8"" X 10' Area Rug", $680.79 ,1,3/29/2026
INV_241176,CUST_1234,Michelle Ho,PROD_179506f6,Warkentin Geometric Indoor Rug, $135.92 ,1,3/29/2026
INV_163946,CUST_1277,Todd Rosales MD,PROD_9360ae59,Botanical Modern Machine Washable Floral Indoor Oriental Performance Area Rug, $113.80 ,1,3/29/2026
INV_168209,CUST_1089,Mary Rogers,PROD_fd0cd8cf,Non-Slip Washable Stain Resistant Area Rug For Living Room Bedroom Dining Room, $94.35 ,2,3/29/2026
INV_258067,CUST_1395,Kimberly Hernandez,PROD_0a14d1b3,White Shag Novelty Faux Sheepskin Fur Fluffy Rug, $74.38 ,5,3/29/2026
INV_106814,CUST_1112,Robert Costa,PROD_d02253d6,Lanett Oriental Blue/Gray Area Rug, $94.84 ,1,3/29/2026
INV_761701,CUST_1276,Tanya Rogers,PROD_289ed9b0,Ankita Bordered Jute Area Rug, $329.17 ,1,3/30/2026
INV_283640,CUST_1031,Tammy Allison,PROD_16a4bedb,Aitken Machine Woven Geometric Indoor and Outdoor Rug, $73.69 ,5,3/30/2026
INV_988268,CUST_1159,Jodi Walker,PROD_a39a8d2b,Rinoa Indoor / Outdoor Rug, $203.71 ,1,3/30/2026
INV_433580,CUST_1221,Jessica Ross,PROD_3b59c0ac,Seraphine Coastal Flatweave Navy Indoor /  Outdoor Area Rug, $72.22 ,1,3/30/2026
INV_973846,CUST_1245,Melinda Evans,PROD_885c587d,"Paseo Gurseerit All-Weather Flatweave Indoor/Outdoor Area Rug, Brown Black", $88.87 ,2,3/30/2026
INV_303019,CUST_1365,Jill Jackson,PROD_fd0cd8cf,Non-Slip Washable Stain Resistant Area Rug For Living Room Bedroom Dining Room, $100.83 ,2,3/31/2026
INV_968524,CUST_1431,William Moreno,PROD_b7d8e041,Jodhveer Area Rug Washable Rug Non-Slip Backing Indoor Rugs, $38.35 ,1,3/31/2026
INV_972655,CUST_1455,Martin Hughes,PROD_aaf8a92a,Izola Oriental Indoor/Outdoor Area Rug, $180.53 ,1,3/31/2026
INV_628313,CUST_1185,Craig Morrison,PROD_7cb7c01e,Achilles Cream/Gray Rug, $115.30 ,1,3/31/2026
INV_109958,CUST_1206,Stacey Arias,PROD_cb6ebe0a,Harjot Medium Rug, $154.03 ,1,3/31/2026
INV_757711,CUST_1101,David Grant,PROD_fd0cd8cf,Non-Slip Washable Stain Resistant Area Rug For Living Room Bedroom Dining Room, $99.86 ,1,3/31/2026
INV_445429,CUST_1489,Julie Wilson,PROD_68bfe17c,Adrihana Machine Woven Abstract Area Rug, $229.56 ,2,4/1/2026
INV_112653,CUST_1255,Gina Mcmillan,PROD_ffc555c6,"Azelhurst 7'8"" X 10' Area Rug", $641.25 ,1,4/1/2026
INV_585188,CUST_1046,Sandra Aguilar,PROD_03310af2,"Dylanton 7'8"" X 10' Area Rug", $470.32 ,2,4/1/2026
INV_696856,CUST_1405,Courtney Wright,PROD_b7d8e041,Jodhveer Area Rug Washable Rug Non-Slip Backing Indoor Rugs, $39.96 ,1,4/1/2026
INV_976042,CUST_1047,Rebecca Valencia,PROD_a39a8d2b,Rinoa Indoor / Outdoor Rug, $206.17 ,1,4/1/2026
INV_523927,CUST_1173,Cindy Barnes,PROD_819dccdf,Paint Chip Blue Machine Washable Rug, $36.41 ,1,4/1/2026
INV_413735,CUST_1340,Erin Cook,PROD_aaf8a92a,Izola Oriental Indoor/Outdoor Area Rug, $180.07 ,1,4/1/2026
INV_185965,CUST_1126,Evelyn Garcia,PROD_3a8f5324,"Lisgrove 7'8"" X 10' Area Rug", $629.61 ,5,4/1/2026
INV_261638,CUST_1043,Michelle Harris,PROD_28b95f59,Mendota Geometric Tan Indoor/Outdoor Area Rug, $146.06 ,1,4/1/2026
INV_189110,CUST_1359,Harold Ellis,PROD_aaf8a92a,Izola Oriental Indoor/Outdoor Area Rug, $187.55 ,2,4/1/2026
INV_436241,CUST_1421,Krista Davis,PROD_a0eaf6eb,Tomas Chevron Rug Dark Blue/Gray Indoor/Outdoor Area Rug, $88.64 ,1,4/1/2026
INV_863934,CUST_1019,Linda Burns,PROD_96a0055d,Loloi Botanical Ivory / Multi Area Rug, $32.77 ,1,4/2/2026
INV_760047,CUST_1091,Jason Peters,PROD_7781fd4a,Oriental Indoor Rug, $235.87 ,1,4/2/2026
INV_500156,CUST_1348,Matthew Williams,PROD_81ed29d6,Soft Washable Vintage Distressed Beige Area Rug with Non-Slip Backing, $130.05 ,1,4/2/2026
INV_185847,CUST_1126,Evelyn Garcia,PROD_0a14d1b3,White Shag Novelty Faux Sheepskin Fur Fluffy Rug, $75.71 ,1,4/2/2026
INV_555426,CUST_1175,Lawrence Perry,PROD_81ed29d6,Soft Washable Vintage Distressed Beige Area Rug with Non-Slip Backing, $139.22 ,1,4/2/2026
INV_682051,CUST_1058,Erika Terry,PROD_3a8f5324,"Lisgrove 7'8"" X 10' Area Rug", $657.54 ,1,4/2/2026
INV_754319,CUST_1210,Lisa Henderson,PROD_89c6f605,Washable Oriental  Area Rugs Non slip Green Rugs, $20.56 ,1,4/3/2026
INV_503951,CUST_1047,Rebecca Valencia,PROD_86d6a4e7,"Eldonmore 7'8"" X 10' Area Rug", $719.90 ,1,4/3/2026
INV_709291,CUST_1496,Michael Sims,PROD_fd0cd8cf,Non-Slip Washable Stain Resistant Area Rug For Living Room Bedroom Dining Room, $100.40 ,1,4/3/2026
INV_921945,CUST_1243,Travis Wise,PROD_03310af2,"Dylanton 7'8"" X 10' Area Rug", $448.33 ,2,4/4/2026
INV_285793,CUST_1497,James Chapman,PROD_94b9189a,Enciso Machine Woven Stain Resistant Indoor/Outdoor Area Rug, $64.07 ,5,4/4/2026
INV_356600,CUST_1226,Heidi Owen,PROD_15009179,Maust Sunshine Rainbow Shag Rug, $111.09 ,1,4/4/2026
INV_334639,CUST_1331,Henry Pugh MD,PROD_289ed9b0,Ankita Bordered Jute Area Rug, $335.80 ,1,4/4/2026
INV_710948,CUST_1112,Robert Costa,PROD_9360ae59,Botanical Modern Machine Washable Floral Indoor Oriental Performance Area Rug, $112.81 ,1,4/4/2026
INV_993395,CUST_1354,Christopher Moore,PROD_20bbb110,Ainswick Memory Foam Large Rug, $580.96 ,1,4/4/2026
INV_901215,CUST_1483,Rebekah Greene,PROD_fd0cd8cf,Non-Slip Washable Stain Resistant Area Rug For Living Room Bedroom Dining Room, $99.16 ,1,4/4/2026
INV_417508,CUST_1494,Jeffrey Jordan,PROD_1b747b15,"Bachby 5'3"" X 7' Area Rug", $163.60 ,1,4/5/2026
INV_674334,CUST_1180,Thomas Atkins,PROD_9360ae59,Botanical Modern Machine Washable Floral Indoor Oriental Performance Area Rug, $119.67 ,2,4/5/2026
INV_215695,CUST_1471,Samantha Robertson,PROD_03533587,Hand Hooked Wool Oriental Indoor Rug, $51.75 ,1,4/5/2026
INV_701755,CUST_1290,Jennifer Velasquez,PROD_ffc555c6,"Azelhurst 7'8"" X 10' Area Rug", $697.71 ,1,4/5/2026
INV_191962,CUST_1341,Ernest Oconnell,PROD_db0bc388,Waikiki Blue Indoor/Outdoor Rug, $142.07 ,1,4/5/2026
INV_295760,CUST_1016,Patricia Peterson,PROD_3b59c0ac,Seraphine Coastal Flatweave Navy Indoor /  Outdoor Area Rug, $72.91 ,1,4/5/2026
INV_622355,CUST_1095,Tiffany Vaughn,PROD_81ed29d6,Soft Washable Vintage Distressed Beige Area Rug with Non-Slip Backing, $129.29 ,2,4/6/2026
INV_961476,CUST_1331,Henry Pugh MD,PROD_7cb7c01e,Achilles Cream/Gray Rug, $115.96 ,1,4/6/2026
INV_668573,CUST_1218,Chad Baldwin,PROD_b7d8e041,Jodhveer Area Rug Washable Rug Non-Slip Backing Indoor Rugs, $38.32 ,1,4/6/2026
INV_768507,CUST_1000,Allison Hill,PROD_15009179,Maust Sunshine Rainbow Shag Rug, $115.08 ,1,4/6/2026
INV_245718,CUST_1249,Michelle Lee,PROD_cb6ebe0a,Harjot Medium Rug, $152.10 ,1,4/6/2026
INV_651400,CUST_1032,Carmen Smith,PROD_a6ea231c,Ava-Mary Striped Indoor / Outdoor Rug, $152.54 ,1,4/6/2026
INV_587575,CUST_1220,Matthew Mitchell,PROD_3a8f5324,"Lisgrove 7'8"" X 10' Area Rug", $670.20 ,1,4/7/2026
INV_576849,CUST_1141,Richard Johnson,PROD_89c6f605,Washable Oriental  Area Rugs Non slip Green Rugs, $20.92 ,1,4/7/2026
INV_342128,CUST_1315,Kelly Combs,PROD_68bfe17c,Adrihana Machine Woven Abstract Area Rug, $227.51 ,2,4/7/2026
INV_902448,CUST_1351,Todd Thomas,PROD_b7d8e041,Jodhveer Area Rug Washable Rug Non-Slip Backing Indoor Rugs, $37.38 ,5,4/7/2026
INV_245251,CUST_1427,Danielle Phillips,PROD_a372467d,Leosvel Faux Sheepskin Indoor Rug, $190.72 ,1,4/7/2026
INV_932026,CUST_1102,Joseph Hayes,PROD_ba5eef5e,Gauna Power Loomed Geometric Indoor and Outdoor Rug, $86.92 ,1,4/7/2026
INV_941218,CUST_1465,Sharon Beard,PROD_f6c97a80,Livdon Washable Medium Rug, $164.93 ,1,4/7/2026
INV_216587,CUST_1076,James Elliott,PROD_16a4bedb,Aitken Machine Woven Geometric Indoor and Outdoor Rug, $71.19 ,1,4/8/2026
INV_349433,CUST_1278,David Lopez,PROD_163bd914,Disney Mickey Mouse Tropical Sand Dollar Havana Brown/ Sand Flatweave Indoor/, $216.83 ,5,4/8/2026
INV_646802,CUST_1368,Jeffery Fitzgerald,PROD_89c6f605,Washable Oriental  Area Rugs Non slip Green Rugs, $20.74 ,1,4/8/2026
INV_824016,CUST_1307,Claire Clark,PROD_a372467d,Leosvel Faux Sheepskin Indoor Rug, $193.73 ,1,4/8/2026
INV_833842,CUST_1344,Sandra Jones,PROD_af993edd,"Reversible Waterproof Plastic Straw Outdoor Area Rug for Patio, Camping", $56.89 ,2,4/9/2026
INV_490963,CUST_1268,Jennifer Reed,PROD_7ef65a00,Jules Checkered Area Rug, $130.38 ,1,4/9/2026
INV_725236,CUST_1122,Mary Grimes,PROD_289ed9b0,Ankita Bordered Jute Area Rug, $332.24 ,2,4/9/2026
INV_776838,CUST_1475,Seth Matthews,PROD_819dccdf,Paint Chip Blue Machine Washable Rug, $34.82 ,1,4/9/2026
INV_506145,CUST_1074,Stephanie Freeman,PROD_885c587d,"Paseo Gurseerit All-Weather Flatweave Indoor/Outdoor Area Rug, Brown Black", $91.58 ,1,4/9/2026
INV_168941,CUST_1282,Melissa Brown,PROD_9d77c7b9,Rifle Paper Co. x Loloi Rosa Sky Area Rug, $114.91 ,1,4/10/2026
INV_990136,CUST_1215,James Burgess,PROD_ffc555c6,"Azelhurst 7'8"" X 10' Area Rug", $674.79 ,1,4/10/2026
INV_706204,CUST_1406,Michael Williams,PROD_ffc555c6,"Azelhurst 7'8"" X 10' Area Rug", $697.16 ,2,4/10/2026
INV_424314,CUST_1059,Stephanie Gilbert,PROD_20bbb110,Ainswick Memory Foam Large Rug, $576.19 ,1,4/10/2026
INV_296243,CUST_1166,Bradley Reynolds,PROD_0f472890,Oriental Vintage Machine Washable Non-Slip Dark Green Indoor Area Rug, $134.69 ,5,4/10/2026
INV_817712,CUST_1194,Nathaniel Douglas,PROD_f6c97a80,Livdon Washable Medium Rug, $150.55 ,1,4/10/2026
INV_265416,CUST_1433,Rebecca Kelly,PROD_ffc555c6,"Azelhurst 7'8"" X 10' Area Rug", $661.69 ,2,4/10/2026
INV_376570,CUST_1462,Deanna Bartlett,PROD_049d2289,Valis Faux Sheepskin Indoor Rug, $107.42 ,1,4/10/2026
INV_629298,CUST_1456,Jeremiah Baker,PROD_d02253d6,Lanett Oriental Blue/Gray Area Rug, $100.05 ,2,4/10/2026
INV_956360,CUST_1302,Megan Floyd,PROD_a372467d,Leosvel Faux Sheepskin Indoor Rug, $206.61 ,2,4/10/2026
INV_697935,CUST_1256,Andrew Reeves,PROD_a372467d,Leosvel Faux Sheepskin Indoor Rug, $192.88 ,1,4/10/2026
INV_497073,CUST_1372,Kenneth Farley,PROD_7cb7c01e,Achilles Cream/Gray Rug, $125.39 ,1,4/10/2026
INV_683783,CUST_1419,Amanda Huff,PROD_03310af2,"Dylanton 7'8"" X 10' Area Rug", $478.21 ,1,4/11/2026
INV_838726,CUST_1173,Cindy Barnes,PROD_86d6a4e7,"Eldonmore 7'8"" X 10' Area Rug", $727.52 ,1,4/11/2026
INV_893988,CUST_1339,Brian Torres,PROD_07dd57f8,Nola Geometric Indoor / Outdoor Rug, $103.87 ,1,4/11/2026
INV_515973,CUST_1174,Sophia Moore,PROD_86d6a4e7,"Eldonmore 7'8"" X 10' Area Rug", $731.83 ,1,4/11/2026
INV_633320,CUST_1240,Travis Stone,PROD_179506f6,Warkentin Geometric Indoor Rug, $124.33 ,2,4/11/2026
INV_644951,CUST_1181,Brian Smith,PROD_9d77c7b9,Rifle Paper Co. x Loloi Rosa Sky Area Rug, $111.35 ,1,4/11/2026
INV_651186,CUST_1096,Paige Carlson,PROD_16a4bedb,Aitken Machine Woven Geometric Indoor and Outdoor Rug, $72.34 ,1,4/11/2026
INV_903702,CUST_1302,Megan Floyd,PROD_94b9189a,Enciso Machine Woven Stain Resistant Indoor/Outdoor Area Rug, $66.14 ,1,4/12/2026
INV_267457,CUST_1148,Elizabeth Ortiz,PROD_94b9189a,Enciso Machine Woven Stain Resistant Indoor/Outdoor Area Rug, $64.46 ,5,4/12/2026
INV_895248,CUST_1128,Michael Santos,PROD_61bd4c69,Area Rug Machine Washable Rugs with Rubber Backing for Living Room, $20.60 ,1,4/12/2026
INV_995940,CUST_1125,Matthew Hoover,PROD_f03852cf,Lahjar Speckled Wool Blend Area Rug, $524.53 ,1,4/12/2026
INV_622230,CUST_1292,Randy Cannon,PROD_9360ae59,Botanical Modern Machine Washable Floral Indoor Oriental Performance Area Rug, $118.62 ,5,4/13/2026
INV_786641,CUST_1053,Meghan Anthony,PROD_049d2289,Valis Faux Sheepskin Indoor Rug, $100.41 ,1,4/13/2026
INV_636073,CUST_1219,Stacey Stewart,PROD_07dd57f8,Nola Geometric Indoor / Outdoor Rug, $98.45 ,1,4/13/2026
INV_688602,CUST_1486,Sarah Pittman,PROD_cd80d75a,Corrbell 5' X 7' Area Rug, $203.61 ,1,4/13/2026
INV_782540,CUST_1450,Jessica Valdez,PROD_03310af2,"Dylanton 7'8"" X 10' Area Rug", $451.25 ,1,4/14/2026
INV_688678,CUST_1241,Denise Weber,PROD_ef361fba,"Radiant Oriental Multicolor Hand Knotted Wool Blue, Pink, Navy Traditional Area"," $3,530.63 ",2,4/14/2026
INV_348237,CUST_1286,Angela Griffin,PROD_9360ae59,Botanical Modern Machine Washable Floral Indoor Oriental Performance Area Rug, $119.91 ,1,4/14/2026
INV_893969,CUST_1292,Randy Cannon,PROD_0a14d1b3,White Shag Novelty Faux Sheepskin Fur Fluffy Rug, $70.42 ,1,4/14/2026
INV_702427,CUST_1246,Mr. Lawrence Edwards,PROD_0f472890,Oriental Vintage Machine Washable Non-Slip Dark Green Indoor Area Rug, $127.59 ,5,4/14/2026
INV_913712,CUST_1452,Kenneth Larsen,PROD_ef361fba,"Radiant Oriental Multicolor Hand Knotted Wool Blue, Pink, Navy Traditional Area"," $3,521.31 ",1,4/14/2026
INV_476479,CUST_1161,Katherine Browning,PROD_d02253d6,Lanett Oriental Blue/Gray Area Rug, $92.66 ,1,4/14/2026
INV_824248,CUST_1241,Denise Weber,PROD_ba5eef5e,Gauna Power Loomed Geometric Indoor and Outdoor Rug, $84.44 ,1,4/15/2026
INV_232352,CUST_1429,Rachael Howard DDS,PROD_ef361fba,"Radiant Oriental Multicolor Hand Knotted Wool Blue, Pink, Navy Traditional Area"," $3,281.80 ",1,4/15/2026
INV_204837,CUST_1004,Gabrielle Davis,PROD_20bbb110,Ainswick Memory Foam Large Rug, $598.40 ,1,4/15/2026
INV_243826,CUST_1266,Courtney Dudley,PROD_68bfe17c,Adrihana Machine Woven Abstract Area Rug, $228.38 ,1,4/15/2026
INV_224582,CUST_1281,Paul Finley,PROD_68bfe17c,Adrihana Machine Woven Abstract Area Rug, $230.07 ,2,4/16/2026
INV_634160,CUST_1309,Jennifer Allen,PROD_81ed29d6,Soft Washable Vintage Distressed Beige Area Rug with Non-Slip Backing, $131.64 ,5,4/16/2026
INV_377370,CUST_1420,Megan Green,PROD_289ed9b0,Ankita Bordered Jute Area Rug, $331.19 ,2,4/16/2026
INV_147057,CUST_1420,Megan Green,PROD_d02253d6,Lanett Oriental Blue/Gray Area Rug, $93.55 ,1,4/16/2026
INV_767349,CUST_1225,Heather Bolton,PROD_ffc555c6,"Azelhurst 7'8"" X 10' Area Rug", $643.81 ,1,4/16/2026
INV_170601,CUST_1142,Casey Anderson,PROD_a0eaf6eb,Tomas Chevron Rug Dark Blue/Gray Indoor/Outdoor Area Rug, $90.78 ,1,4/16/2026
INV_207282,CUST_1346,Karen Morales DDS,PROD_7ef65a00,Jules Checkered Area Rug, $133.60 ,1,4/16/2026
INV_608307,CUST_1149,David Medina,PROD_1b747b15,"Bachby 5'3"" X 7' Area Rug", $152.43 ,1,4/16/2026
INV_783710,CUST_1105,Doris Hall,PROD_aaf8a92a,Izola Oriental Indoor/Outdoor Area Rug, $190.32 ,1,4/16/2026
INV_457915,CUST_1343,Catherine Saunders MD,PROD_d02253d6,Lanett Oriental Blue/Gray Area Rug, $99.98 ,2,4/16/2026
INV_757685,CUST_1329,Haley Davis,PROD_ffc555c6,"Azelhurst 7'8"" X 10' Area Rug", $658.15 ,1,4/16/2026
INV_505977,CUST_1141,Richard Johnson,PROD_a39a8d2b,Rinoa Indoor / Outdoor Rug, $198.07 ,1,4/17/2026
INV_625600,CUST_1180,Thomas Atkins,PROD_f6c97a80,Livdon Washable Medium Rug, $154.87 ,1,4/17/2026
INV_896290,CUST_1488,Henry Garner,PROD_b59a3efe,Machine Washable Area Rugs for Entryway 2x3 Non-Slip Soft Throw Rugs Blue/Gray, $20.43 ,1,4/17/2026
INV_833417,CUST_1026,Timothy Duncan,PROD_a6ea231c,Ava-Mary Striped Indoor / Outdoor Rug, $145.11 ,1,4/17/2026
INV_652329,CUST_1145,Richard Smith,PROD_d02253d6,Lanett Oriental Blue/Gray Area Rug, $93.37 ,1,4/17/2026
INV_981336,CUST_1012,Kimberly Burgess,PROD_3a8f5324,"Lisgrove 7'8"" X 10' Area Rug", $688.70 ,1,4/17/2026
INV_317180,CUST_1165,Brandon Simmons,PROD_16a4bedb,Aitken Machine Woven Geometric Indoor and Outdoor Rug, $68.79 ,1,4/17/2026
INV_202078,CUST_1013,Zachary Hicks,PROD_cd80d75a,Corrbell 5' X 7' Area Rug, $199.77 ,1,4/17/2026
INV_794042,CUST_1305,Tammy Boone,PROD_a39a8d2b,Rinoa Indoor / Outdoor Rug, $205.34 ,5,4/17/2026
INV_577309,CUST_1364,Tracey Wagner,PROD_db0bc388,Waikiki Blue Indoor/Outdoor Rug, $138.86 ,1,4/18/2026
INV_423939,CUST_1321,Judy Sanchez,PROD_96a0055d,Loloi Botanical Ivory / Multi Area Rug, $33.47 ,1,4/18/2026
INV_723952,CUST_1222,Kathleen Jimenez,PROD_819dccdf,Paint Chip Blue Machine Washable Rug, $33.96 ,1,4/18/2026
INV_131167,CUST_1254,William Becker,PROD_89c6f605,Washable Oriental  Area Rugs Non slip Green Rugs, $20.87 ,1,4/18/2026
INV_199099,CUST_1263,Tami Salas,PROD_819dccdf,Paint Chip Blue Machine Washable Rug, $34.09 ,1,4/18/2026
INV_597643,CUST_1446,Stacey Snyder,PROD_3b59c0ac,Seraphine Coastal Flatweave Navy Indoor /  Outdoor Area Rug, $69.53 ,1,4/19/2026
INV_771590,CUST_1118,Anna Gay,PROD_a6ea231c,Ava-Mary Striped Indoor / Outdoor Rug, $143.32 ,1,4/19/2026
INV_841521,CUST_1211,Riley Bryant,PROD_9d77c7b9,Rifle Paper Co. x Loloi Rosa Sky Area Rug, $107.69 ,1,4/19/2026
INV_610135,CUST_1199,Kimberly Rodgers,PROD_96a0055d,Loloi Botanical Ivory / Multi Area Rug, $33.61 ,1,4/19/2026
INV_818699,CUST_1107,Derek Thomas,PROD_179506f6,Warkentin Geometric Indoor Rug, $133.55 ,2,4/19/2026
INV_670065,CUST_1269,Thomas Douglas,PROD_07dd57f8,Nola Geometric Indoor / Outdoor Rug, $107.03 ,1,4/19/2026
INV_951703,CUST_1468,Alicia Roth,PROD_d02253d6,Lanett Oriental Blue/Gray Area Rug, $95.22 ,1,4/20/2026
INV_129628,CUST_1471,Samantha Robertson,PROD_0f472890,Oriental Vintage Machine Washable Non-Slip Dark Green Indoor Area Rug, $132.68 ,1,4/20/2026
INV_319899,CUST_1377,Heather Brown,PROD_16a4bedb,Aitken Machine Woven Geometric Indoor and Outdoor Rug, $68.98 ,2,4/20/2026
INV_906233,CUST_1231,Michele Lewis,PROD_fd0cd8cf,Non-Slip Washable Stain Resistant Area Rug For Living Room Bedroom Dining Room, $100.88 ,1,4/21/2026
INV_194835,CUST_1472,Samuel Suarez,PROD_aaf8a92a,Izola Oriental Indoor/Outdoor Area Rug, $189.16 ,1,4/21/2026
INV_197923,CUST_1263,Tami Salas,PROD_179506f6,Warkentin Geometric Indoor Rug, $131.54 ,1,4/21/2026
INV_390120,CUST_1026,Timothy Duncan,PROD_15009179,Maust Sunshine Rainbow Shag Rug, $109.15 ,1,4/21/2026
INV_147976,CUST_1164,Cindy Hayes,PROD_ef361fba,"Radiant Oriental Multicolor Hand Knotted Wool Blue, Pink, Navy Traditional Area"," $3,352.46 ",1,4/21/2026
INV_532472,CUST_1466,Kara Jackson,PROD_fd0cd8cf,Non-Slip Washable Stain Resistant Area Rug For Living Room Bedroom Dining Room, $95.09 ,2,4/21/2026
INV_864544,CUST_1036,Cynthia Wilson,PROD_86d6a4e7,"Eldonmore 7'8"" X 10' Area Rug", $676.97 ,1,4/22/2026
INV_129246,CUST_1174,Sophia Moore,PROD_cd80d75a,Corrbell 5' X 7' Area Rug, $196.09 ,1,4/22/2026
INV_893853,CUST_1462,Deanna Bartlett,PROD_cd80d75a,Corrbell 5' X 7' Area Rug, $209.28 ,1,4/22/2026
INV_807256,CUST_1382,Cynthia Rios,PROD_96a0055d,Loloi Botanical Ivory / Multi Area Rug, $33.24 ,5,4/23/2026
INV_985249,CUST_1469,William Ramos,PROD_aaf8a92a,Izola Oriental Indoor/Outdoor Area Rug, $182.29 ,1,4/23/2026
INV_746467,CUST_1030,Angela Morton,PROD_03310af2,"Dylanton 7'8"" X 10' Area Rug", $477.83 ,1,4/23/2026
INV_705822,CUST_1338,Richard Ward,PROD_d02253d6,Lanett Oriental Blue/Gray Area Rug, $93.76 ,1,4/23/2026
INV_225805,CUST_1111,Pamela Thompson,PROD_86d6a4e7,"Eldonmore 7'8"" X 10' Area Rug", $673.52 ,1,4/23/2026
INV_854500,CUST_1496,Michael Sims,PROD_db0bc388,Waikiki Blue Indoor/Outdoor Rug, $138.01 ,1,4/23/2026
INV_952092,CUST_1096,Paige Carlson,PROD_163bd914,Disney Mickey Mouse Tropical Sand Dollar Havana Brown/ Sand Flatweave Indoor/, $218.40 ,2,4/23/2026
INV_111230,CUST_1029,Connor West,PROD_289ed9b0,Ankita Bordered Jute Area Rug, $325.81 ,1,4/24/2026
INV_967161,CUST_1089,Mary Rogers,PROD_03310af2,"Dylanton 7'8"" X 10' Area Rug", $488.65 ,1,4/24/2026
INV_685126,CUST_1040,Sherry Wood,PROD_20bbb110,Ainswick Memory Foam Large Rug, $544.95 ,1,4/24/2026
INV_841870,CUST_1470,Jeremy Mcintyre,PROD_a372467d,Leosvel Faux Sheepskin Indoor Rug, $207.38 ,5,4/24/2026
INV_923408,CUST_1499,Katherine Christensen MD,PROD_819dccdf,Paint Chip Blue Machine Washable Rug, $36.64 ,1,4/24/2026
INV_453777,CUST_1444,Mrs. Stacey Davis,PROD_ba5eef5e,Gauna Power Loomed Geometric Indoor and Outdoor Rug, $89.67 ,2,4/24/2026
INV_579318,CUST_1122,Mary Grimes,PROD_9360ae59,Botanical Modern Machine Washable Floral Indoor Oriental Performance Area Rug, $120.43 ,2,4/24/2026
INV_564943,CUST_1026,Timothy Duncan,PROD_a0eaf6eb,Tomas Chevron Rug Dark Blue/Gray Indoor/Outdoor Area Rug, $89.08 ,1,4/25/2026
INV_860541,CUST_1192,Helen Hardin,PROD_885c587d,"Paseo Gurseerit All-Weather Flatweave Indoor/Outdoor Area Rug, Brown Black", $87.74 ,5,4/25/2026
INV_649395,CUST_1094,Jesse Parker,PROD_aaf8a92a,Izola Oriental Indoor/Outdoor Area Rug, $193.45 ,1,4/25/2026
INV_777255,CUST_1092,Alan Phillips,PROD_9d77c7b9,Rifle Paper Co. x Loloi Rosa Sky Area Rug, $115.95 ,1,4/25/2026
INV_293862,CUST_1135,Brooke Alexander,PROD_15009179,Maust Sunshine Rainbow Shag Rug, $110.48 ,1,4/25/2026
INV_792102,CUST_1325,Karen Williams,PROD_7ef65a00,Jules Checkered Area Rug, $137.18 ,1,4/25/2026
INV_812526,CUST_1142,Casey Anderson,PROD_f6c97a80,Livdon Washable Medium Rug, $158.14 ,1,4/25/2026
INV_249792,CUST_1385,Edwin Reyes,PROD_9d77c7b9,Rifle Paper Co. x Loloi Rosa Sky Area Rug, $116.11 ,2,4/25/2026
INV_702466,CUST_1018,Mark Lynch,PROD_179506f6,Warkentin Geometric Indoor Rug, $125.45 ,1,4/25/2026
INV_923975,CUST_1497,James Chapman,PROD_f6c97a80,Livdon Washable Medium Rug, $160.70 ,1,4/26/2026
INV_410401,CUST_1463,Donald Ellis,PROD_049d2289,Valis Faux Sheepskin Indoor Rug, $101.19 ,1,4/26/2026
INV_630126,CUST_1027,Brent Jordan,PROD_163bd914,Disney Mickey Mouse Tropical Sand Dollar Havana Brown/ Sand Flatweave Indoor/, $217.91 ,1,4/26/2026
INV_584125,CUST_1013,Zachary Hicks,PROD_15009179,Maust Sunshine Rainbow Shag Rug, $109.20 ,1,4/26/2026
INV_563031,CUST_1111,Pamela Thompson,PROD_03310af2,"Dylanton 7'8"" X 10' Area Rug", $451.48 ,1,4/26/2026
INV_916990,CUST_1279,Margaret Sullivan,PROD_61bd4c69,Area Rug Machine Washable Rugs with Rubber Backing for Living Room, $19.34 ,1,4/26/2026
INV_273659,CUST_1376,Jackie Clements,PROD_68bfe17c,Adrihana Machine Woven Abstract Area Rug, $216.69 ,1,4/27/2026
INV_820219,CUST_1136,Ryan Gonzalez,PROD_af993edd,"Reversible Waterproof Plastic Straw Outdoor Area Rug for Patio, Camping", $54.09 ,1,4/27/2026
INV_347745,CUST_1179,Mary Gomez,PROD_a372467d,Leosvel Faux Sheepskin Indoor Rug, $204.23 ,1,4/27/2026
INV_281649,CUST_1275,Jennifer Simpson DVM,PROD_3b59c0ac,Seraphine Coastal Flatweave Navy Indoor /  Outdoor Area Rug, $76.13 ,1,4/27/2026
INV_734845,CUST_1357,Rebecca Herrera,PROD_179506f6,Warkentin Geometric Indoor Rug, $125.41 ,1,4/27/2026
INV_699180,CUST_1196,James Conner,PROD_cb6ebe0a,Harjot Medium Rug, $163.23 ,1,4/27/2026
INV_944654,CUST_1162,Donald Schultz,PROD_16a4bedb,Aitken Machine Woven Geometric Indoor and Outdoor Rug, $72.81 ,1,4/27/2026
INV_492446,CUST_1198,Ralph Lee,PROD_cd80d75a,Corrbell 5' X 7' Area Rug, $208.09 ,2,4/27/2026
INV_831396,CUST_1253,Chloe Tran,PROD_03310af2,"Dylanton 7'8"" X 10' Area Rug", $462.79 ,1,4/27/2026
INV_396408,CUST_1191,Mrs. Maria Williams,PROD_16a4bedb,Aitken Machine Woven Geometric Indoor and Outdoor Rug, $71.66 ,1,4/28/2026
INV_532005,CUST_1315,Kelly Combs,PROD_07dd57f8,Nola Geometric Indoor / Outdoor Rug, $99.90 ,1,4/28/2026
INV_110821,CUST_1298,Andrew Gonzales,PROD_0a14d1b3,White Shag Novelty Faux Sheepskin Fur Fluffy Rug, $72.68 ,1,4/28/2026
INV_660596,CUST_1028,Victoria Garcia,PROD_ffc555c6,"Azelhurst 7'8"" X 10' Area Rug", $642.57 ,1,4/28/2026
INV_111691,CUST_1443,Keith Zuniga,PROD_a372467d,Leosvel Faux Sheepskin Indoor Rug, $195.48 ,1,4/28/2026
INV_681409,CUST_1392,Ryan Fisher,PROD_af993edd,"Reversible Waterproof Plastic Straw Outdoor Area Rug for Patio, Camping", $54.33 ,2,4/28/2026
INV_571635,CUST_1104,Brad Allen,PROD_61bd4c69,Area Rug Machine Washable Rugs with Rubber Backing for Living Room, $19.15 ,1,4/28/2026
INV_286450,CUST_1067,Jessica Meadows,PROD_7781fd4a,Oriental Indoor Rug, $237.78 ,2,4/29/2026
INV_801432,CUST_1421,Krista Davis,PROD_cd80d75a,Corrbell 5' X 7' Area Rug, $193.02 ,1,4/29/2026
INV_283017,CUST_1295,Kimberly Patel,PROD_db0bc388,Waikiki Blue Indoor/Outdoor Rug, $147.15 ,1,4/29/2026
INV_169326,CUST_1324,Shannon Davis,PROD_cd80d75a,Corrbell 5' X 7' Area Rug, $206.67 ,1,4/29/2026
INV_539898,CUST_1101,David Grant,PROD_7781fd4a,Oriental Indoor Rug, $231.56 ,1,4/29/2026
INV_642717,CUST_1204,David Davidson,PROD_179506f6,Warkentin Geometric Indoor Rug, $128.34 ,1,4/29/2026
INV_438689,CUST_1328,Jasmine Mosley,PROD_0a14d1b3,White Shag Novelty Faux Sheepskin Fur Fluffy Rug, $69.72 ,1,4/29/2026
INV_253143,CUST_1429,Rachael Howard DDS,PROD_7781fd4a,Oriental Indoor Rug, $223.25 ,1,4/29/2026
INV_678116,CUST_1436,Anthony Guzman,PROD_a0eaf6eb,Tomas Chevron Rug Dark Blue/Gray Indoor/Outdoor Area Rug, $95.46 ,1,4/30/2026
INV_451238,CUST_1221,Jessica Ross,PROD_03310af2,"Dylanton 7'8"" X 10' Area Rug", $486.83 ,1,4/30/2026
INV_629152,CUST_1407,John Campbell,PROD_fd0cd8cf,Non-Slip Washable Stain Resistant Area Rug For Living Room Bedroom Dining Room, $101.16 ,1,4/30/2026
INV_257212,CUST_1335,Linda Mueller,PROD_7781fd4a,Oriental Indoor Rug, $222.42 ,2,4/30/2026
INV_661147,CUST_1464,Ashley Hernandez,PROD_15009179,Maust Sunshine Rainbow Shag Rug, $110.81 ,1,4/30/2026
INV_688426,CUST_1249,Michelle Lee,PROD_a6ea231c,Ava-Mary Striped Indoor / Outdoor Rug, $149.05 ,1,4/30/2026
INV_419409,CUST_1390,Katrina Adkins,PROD_16a4bedb,Aitken Machine Woven Geometric Indoor and Outdoor Rug, $73.01 ,2,4/30/2026
INV_336540,CUST_1403,Jordan Williams,PROD_db0bc388,Waikiki Blue Indoor/Outdoor Rug, $148.73 ,1,4/30/2026
INV_132450,CUST_1448,Fernando Lynn,PROD_a0eaf6eb,Tomas Chevron Rug Dark Blue/Gray Indoor/Outdoor Area Rug, $88.10 ,2,4/30/2026
INV_947458,CUST_1375,Jason Hayes,PROD_7ef65a00,Jules Checkered Area Rug, $131.89 ,2,4/30/2026
INV_555292,CUST_1015,Tricia Valencia,PROD_81ed29d6,Soft Washable Vintage Distressed Beige Area Rug with Non-Slip Backing, $131.43 ,1,5/1/2026
INV_934637,CUST_1481,Brian Brown,PROD_0a14d1b3,White Shag Novelty Faux Sheepskin Fur Fluffy Rug, $74.70 ,1,5/1/2026
INV_111989,CUST_1445,Hayley Buchanan,PROD_89c6f605,Washable Oriental  Area Rugs Non slip Green Rugs, $20.69 ,2,5/1/2026
INV_508091,CUST_1007,Dr. Sharon James,PROD_a6ea231c,Ava-Mary Striped Indoor / Outdoor Rug, $145.27 ,1,5/1/2026
INV_380465,CUST_1160,Judith Maynard,PROD_b59a3efe,Machine Washable Area Rugs for Entryway 2x3 Non-Slip Soft Throw Rugs Blue/Gray, $19.57 ,1,5/1/2026
INV_667650,CUST_1067,Jessica Meadows,PROD_885c587d,"Paseo Gurseerit All-Weather Flatweave Indoor/Outdoor Area Rug, Brown Black", $88.67 ,1,5/1/2026
INV_203198,CUST_1027,Brent Jordan,PROD_0a14d1b3,White Shag Novelty Faux Sheepskin Fur Fluffy Rug, $76.52 ,2,5/1/2026
INV_716225,CUST_1089,Mary Rogers,PROD_94b9189a,Enciso Machine Woven Stain Resistant Indoor/Outdoor Area Rug, $64.20 ,1,5/1/2026
INV_347781,CUST_1005,Monica Herrera,PROD_049d2289,Valis Faux Sheepskin Indoor Rug, $102.53 ,1,5/1/2026
INV_100569,CUST_1317,Mark Peck,PROD_af993edd,"Reversible Waterproof Plastic Straw Outdoor Area Rug for Patio, Camping", $58.63 ,1,5/1/2026
INV_800305,CUST_1154,Gavin Zhang,PROD_03310af2,"Dylanton 7'8"" X 10' Area Rug", $471.35 ,1,5/1/2026
INV_575111,CUST_1496,Michael Sims,PROD_f03852cf,Lahjar Speckled Wool Blend Area Rug, $526.35 ,1,5/2/2026
INV_442157,CUST_1296,Shaun Cannon,PROD_61bd4c69,Area Rug Machine Washable Rugs with Rubber Backing for Living Room, $20.28 ,5,5/2/2026
INV_887443,CUST_1124,Reginald Williams,PROD_28b95f59,Mendota Geometric Tan Indoor/Outdoor Area Rug, $142.62 ,1,5/2/2026
INV_910389,CUST_1078,Trevor Fisher,PROD_cd80d75a,Corrbell 5' X 7' Area Rug, $194.37 ,1,5/2/2026
INV_613117,CUST_1079,Mrs. Marie Harrington DDS,PROD_9360ae59,Botanical Modern Machine Washable Floral Indoor Oriental Performance Area Rug, $112.30 ,1,5/2/2026
INV_244243,CUST_1155,Robin Hall,PROD_20bbb110,Ainswick Memory Foam Large Rug, $550.82 ,2,5/2/2026
INV_593563,CUST_1003,Abigail Shaffer,PROD_28b95f59,Mendota Geometric Tan Indoor/Outdoor Area Rug, $136.49 ,1,5/3/2026
INV_574514,CUST_1307,Claire Clark,PROD_cb6ebe0a,Harjot Medium Rug, $157.80 ,2,5/3/2026
INV_407645,CUST_1431,William Moreno,PROD_7781fd4a,Oriental Indoor Rug, $226.27 ,1,5/3/2026
INV_865344,CUST_1174,Sophia Moore,PROD_a6ea231c,Ava-Mary Striped Indoor / Outdoor Rug, $142.62 ,1,5/3/2026
INV_873935,CUST_1000,Allison Hill,PROD_cd80d75a,Corrbell 5' X 7' Area Rug, $200.48 ,1,5/3/2026
INV_695642,CUST_1019,Linda Burns,PROD_20bbb110,Ainswick Memory Foam Large Rug, $590.70 ,1,5/3/2026
INV_908977,CUST_1123,Kimberly Gibson,PROD_a372467d,Leosvel Faux Sheepskin Indoor Rug, $200.53 ,1,5/3/2026
INV_274418,CUST_1055,William Wilson,PROD_07dd57f8,Nola Geometric Indoor / Outdoor Rug, $103.67 ,1,5/3/2026
INV_225245,CUST_1341,Ernest Oconnell,PROD_1b747b15,"Bachby 5'3"" X 7' Area Rug", $163.84 ,1,5/3/2026
INV_380439,CUST_1013,Zachary Hicks,PROD_86d6a4e7,"Eldonmore 7'8"" X 10' Area Rug", $723.05 ,1,5/3/2026
INV_659614,CUST_1051,Courtney Velasquez,PROD_07dd57f8,Nola Geometric Indoor / Outdoor Rug, $99.35 ,1,5/3/2026
INV_289934,CUST_1432,Joseph Moody,PROD_ba5eef5e,Gauna Power Loomed Geometric Indoor and Outdoor Rug, $90.27 ,1,5/3/2026
INV_755700,CUST_1098,Beth Oneill,PROD_7ef65a00,Jules Checkered Area Rug, $131.60 ,1,5/3/2026
INV_417765,CUST_1090,Robert Peterson,PROD_16a4bedb,Aitken Machine Woven Geometric Indoor and Outdoor Rug, $73.55 ,1,5/4/2026
INV_243423,CUST_1386,Alejandra Santos,PROD_a372467d,Leosvel Faux Sheepskin Indoor Rug, $201.57 ,1,5/4/2026
INV_106933,CUST_1467,Amanda Preston,PROD_cb6ebe0a,Harjot Medium Rug, $159.80 ,2,5/4/2026
INV_210592,CUST_1087,Robert Medina,PROD_cd80d75a,Corrbell 5' X 7' Area Rug, $207.05 ,1,5/4/2026
INV_530074,CUST_1111,Pamela Thompson,PROD_3a8f5324,"Lisgrove 7'8"" X 10' Area Rug", $658.39 ,1,5/4/2026
INV_758879,CUST_1425,Jessica Ramsey,PROD_7781fd4a,Oriental Indoor Rug, $226.53 ,1,5/4/2026
INV_155646,CUST_1394,Lori Mason,PROD_ffc555c6,"Azelhurst 7'8"" X 10' Area Rug", $650.43 ,1,5/4/2026
INV_246648,CUST_1463,Donald Ellis,PROD_af993edd,"Reversible Waterproof Plastic Straw Outdoor Area Rug for Patio, Camping", $56.18 ,1,5/4/2026
INV_123572,CUST_1052,Matthew Ross,PROD_7ef65a00,Jules Checkered Area Rug, $138.30 ,1,5/4/2026
INV_253300,CUST_1485,Micheal Parks,PROD_db0bc388,Waikiki Blue Indoor/Outdoor Rug, $150.39 ,1,5/4/2026
INV_457938,CUST_1058,Erika Terry,PROD_96a0055d,Loloi Botanical Ivory / Multi Area Rug, $32.07 ,1,5/4/2026
INV_924366,CUST_1058,Erika Terry,PROD_1b747b15,"Bachby 5'3"" X 7' Area Rug", $159.40 ,1,5/5/2026
INV_904857,CUST_1389,Bradley Tran,PROD_fd0cd8cf,Non-Slip Washable Stain Resistant Area Rug For Living Room Bedroom Dining Room, $100.46 ,1,5/5/2026
INV_878261,CUST_1255,Gina Mcmillan,PROD_885c587d,"Paseo Gurseerit All-Weather Flatweave Indoor/Outdoor Area Rug, Brown Black", $96.24 ,1,5/5/2026
INV_349087,CUST_1276,Tanya Rogers,PROD_049d2289,Valis Faux Sheepskin Indoor Rug, $101.72 ,1,5/5/2026
INV_880009,CUST_1372,Kenneth Farley,PROD_07dd57f8,Nola Geometric Indoor / Outdoor Rug, $99.46 ,1,5/5/2026
INV_603660,CUST_1044,Sandra Williams,PROD_af993edd,"Reversible Waterproof Plastic Straw Outdoor Area Rug for Patio, Camping", $56.69 ,1,5/5/2026
INV_829685,CUST_1020,David Bradley,PROD_94b9189a,Enciso Machine Woven Stain Resistant Indoor/Outdoor Area Rug, $62.98 ,1,5/5/2026
INV_993473,CUST_1034,Lauren Daniels,PROD_94b9189a,Enciso Machine Woven Stain Resistant Indoor/Outdoor Area Rug, $63.50 ,1,5/5/2026
INV_980152,CUST_1003,Abigail Shaffer,PROD_7cb7c01e,Achilles Cream/Gray Rug, $125.59 ,1,5/6/2026
INV_348273,CUST_1031,Tammy Allison,PROD_81ed29d6,Soft Washable Vintage Distressed Beige Area Rug with Non-Slip Backing, $142.30 ,1,5/6/2026
INV_783691,CUST_1195,Emily Douglas,PROD_94b9189a,Enciso Machine Woven Stain Resistant Indoor/Outdoor Area Rug, $66.89 ,1,5/6/2026
INV_157328,CUST_1017,Deborah Mason,PROD_1b747b15,"Bachby 5'3"" X 7' Area Rug", $164.77 ,1,5/6/2026
INV_596249,CUST_1124,Reginald Williams,PROD_b7d8e041,Jodhveer Area Rug Washable Rug Non-Slip Backing Indoor Rugs, $39.31 ,1,5/6/2026
INV_982804,CUST_1248,Anthony Dougherty,PROD_3a8f5324,"Lisgrove 7'8"" X 10' Area Rug", $672.98 ,1,5/7/2026
INV_898867,CUST_1387,Tamara Jensen,PROD_aaf8a92a,Izola Oriental Indoor/Outdoor Area Rug, $191.01 ,2,5/7/2026
INV_273565,CUST_1042,Shawn Baker,PROD_0f472890,Oriental Vintage Machine Washable Non-Slip Dark Green Indoor Area Rug, $135.24 ,1,5/7/2026
INV_543481,CUST_1210,Lisa Henderson,PROD_f6c97a80,Livdon Washable Medium Rug, $164.96 ,1,5/7/2026
INV_209159,CUST_1234,Michelle Ho,PROD_3b59c0ac,Seraphine Coastal Flatweave Navy Indoor /  Outdoor Area Rug, $72.46 ,5,5/7/2026
INV_258971,CUST_1477,Matthew Palmer,PROD_f03852cf,Lahjar Speckled Wool Blend Area Rug, $514.30 ,1,5/7/2026
INV_485306,CUST_1067,Jessica Meadows,PROD_f6c97a80,Livdon Washable Medium Rug, $151.61 ,1,5/7/2026
INV_275161,CUST_1490,Steve Mason,PROD_96a0055d,Loloi Botanical Ivory / Multi Area Rug, $31.89 ,1,5/7/2026
INV_811016,CUST_1413,Jacqueline Villegas,PROD_a0eaf6eb,Tomas Chevron Rug Dark Blue/Gray Indoor/Outdoor Area Rug, $92.20 ,1,5/8/2026
INV_918011,CUST_1349,Brett Walker,PROD_07dd57f8,Nola Geometric Indoor / Outdoor Rug, $97.94 ,1,5/8/2026
INV_281708,CUST_1383,Kelly Wallace,PROD_15009179,Maust Sunshine Rainbow Shag Rug, $109.80 ,1,5/8/2026
INV_744693,CUST_1415,Samuel Howe,PROD_cd80d75a,Corrbell 5' X 7' Area Rug, $199.73 ,5,5/8/2026
INV_308050,CUST_1358,Katherine Church,PROD_07dd57f8,Nola Geometric Indoor / Outdoor Rug, $105.26 ,5,5/8/2026
INV_194458,CUST_1427,Danielle Phillips,PROD_db0bc388,Waikiki Blue Indoor/Outdoor Rug, $144.90 ,1,5/9/2026
INV_335861,CUST_1250,Kathleen Davis,PROD_a0eaf6eb,Tomas Chevron Rug Dark Blue/Gray Indoor/Outdoor Area Rug, $95.75 ,5,5/9/2026
INV_106693,CUST_1017,Deborah Mason,PROD_fd0cd8cf,Non-Slip Washable Stain Resistant Area Rug For Living Room Bedroom Dining Room, $93.57 ,1,5/9/2026
INV_523956,CUST_1199,Kimberly Rodgers,PROD_61bd4c69,Area Rug Machine Washable Rugs with Rubber Backing for Living Room, $20.35 ,1,5/9/2026
INV_764469,CUST_1379,Pamela Williams,PROD_179506f6,Warkentin Geometric Indoor Rug, $124.51 ,2,5/9/2026
INV_379947,CUST_1074,Stephanie Freeman,PROD_a39a8d2b,Rinoa Indoor / Outdoor Rug, $193.99 ,1,5/10/2026
INV_414777,CUST_1401,Laura Jones,PROD_cb6ebe0a,Harjot Medium Rug, $157.73 ,1,5/10/2026
INV_268637,CUST_1170,Renee Bruce,PROD_b59a3efe,Machine Washable Area Rugs for Entryway 2x3 Non-Slip Soft Throw Rugs Blue/Gray, $19.20 ,1,5/10/2026
INV_242350,CUST_1340,Erin Cook,PROD_cb6ebe0a,Harjot Medium Rug, $153.96 ,1,5/10/2026
INV_483010,CUST_1045,Michael Hoffman,PROD_03533587,Hand Hooked Wool Oriental Indoor Rug, $49.56 ,1,5/10/2026
INV_452058,CUST_1420,Megan Green,PROD_7781fd4a,Oriental Indoor Rug, $230.15 ,1,5/10/2026
INV_552248,CUST_1275,Jennifer Simpson DVM,PROD_0a14d1b3,White Shag Novelty Faux Sheepskin Fur Fluffy Rug, $70.78 ,1,5/10/2026
INV_256574,CUST_1163,Larry Garcia,PROD_d02253d6,Lanett Oriental Blue/Gray Area Rug, $93.28 ,1,5/10/2026
INV_602681,CUST_1300,Victoria Boyd,PROD_a372467d,Leosvel Faux Sheepskin Indoor Rug, $199.16 ,1,5/10/2026
INV_109968,CUST_1244,Kathleen Burton,PROD_1ad08862,Scalloped Washable Rug Area Rugs for Living Room Modern Rugs Abstract Non-Slip, $77.97 ,1,5/11/2026
INV_559337,CUST_1345,David Moore,PROD_1ad08862,Scalloped Washable Rug Area Rugs for Living Room Modern Rugs Abstract Non-Slip, $72.99 ,1,5/11/2026
INV_499534,CUST_1344,Sandra Jones,PROD_1b747b15,"Bachby 5'3"" X 7' Area Rug", $156.18 ,1,5/11/2026
INV_223586,CUST_1302,Megan Floyd,PROD_15009179,Maust Sunshine Rainbow Shag Rug, $105.96 ,1,5/11/2026
INV_692592,CUST_1378,Frank Campbell MD,PROD_db0bc388,Waikiki Blue Indoor/Outdoor Rug, $147.63 ,2,5/11/2026
INV_764100,CUST_1407,John Campbell,PROD_9360ae59,Botanical Modern Machine Washable Floral Indoor Oriental Performance Area Rug, $116.98 ,1,5/11/2026
INV_660333,CUST_1309,Jennifer Allen,PROD_049d2289,Valis Faux Sheepskin Indoor Rug, $99.90 ,1,5/11/2026
INV_704238,CUST_1300,Victoria Boyd,PROD_ef361fba,"Radiant Oriental Multicolor Hand Knotted Wool Blue, Pink, Navy Traditional Area"," $3,509.27 ",1,5/11/2026
INV_703139,CUST_1046,Sandra Aguilar,PROD_89c6f605,Washable Oriental  Area Rugs Non slip Green Rugs, $20.66 ,1,5/12/2026
INV_335203,CUST_1052,Matthew Ross,PROD_03310af2,"Dylanton 7'8"" X 10' Area Rug", $481.25 ,2,5/12/2026
INV_596171,CUST_1226,Heidi Owen,PROD_d02253d6,Lanett Oriental Blue/Gray Area Rug, $94.21 ,2,5/12/2026
INV_900808,CUST_1229,Laura Moreno,PROD_ba5eef5e,Gauna Power Loomed Geometric Indoor and Outdoor Rug, $90.73 ,1,5/12/2026
INV_869983,CUST_1200,James Martin,PROD_20bbb110,Ainswick Memory Foam Large Rug, $584.19 ,1,5/12/2026
INV_564637,CUST_1316,Ryan Hall,PROD_a39a8d2b,Rinoa Indoor / Outdoor Rug, $194.50 ,1,5/12/2026
INV_498468,CUST_1436,Anthony Guzman,PROD_61bd4c69,Area Rug Machine Washable Rugs with Rubber Backing for Living Room, $20.71 ,2,5/12/2026
INV_287974,CUST_1257,Brenda Velazquez,PROD_3b59c0ac,Seraphine Coastal Flatweave Navy Indoor /  Outdoor Area Rug, $72.48 ,1,5/12/2026
INV_350878,CUST_1314,Robert Jackson,PROD_ba5eef5e,Gauna Power Loomed Geometric Indoor and Outdoor Rug, $82.95 ,1,5/12/2026
INV_339499,CUST_1457,Rhonda Gutierrez,PROD_db0bc388,Waikiki Blue Indoor/Outdoor Rug, $148.22 ,1,5/12/2026
INV_819571,CUST_1498,Joseph Warren,PROD_20bbb110,Ainswick Memory Foam Large Rug, $554.27 ,1,5/13/2026
INV_191621,CUST_1434,Suzanne Johnson,PROD_d02253d6,Lanett Oriental Blue/Gray Area Rug, $98.65 ,1,5/13/2026
INV_154738,CUST_1033,Michael Cross,PROD_96a0055d,Loloi Botanical Ivory / Multi Area Rug, $31.52 ,1,5/13/2026
INV_289131,CUST_1110,David Davis,PROD_af993edd,"Reversible Waterproof Plastic Straw Outdoor Area Rug for Patio, Camping", $54.25 ,1,5/13/2026
INV_249077,CUST_1164,Cindy Hayes,PROD_07dd57f8,Nola Geometric Indoor / Outdoor Rug, $100.90 ,1,5/13/2026
INV_250331,CUST_1267,Justin Michael,PROD_179506f6,Warkentin Geometric Indoor Rug, $124.60 ,1,5/13/2026
INV_869238,CUST_1097,Adrian Ferguson,PROD_ef361fba,"Radiant Oriental Multicolor Hand Knotted Wool Blue, Pink, Navy Traditional Area"," $3,231.39 ",1,5/13/2026
INV_616596,CUST_1061,Steven Flynn,PROD_15009179,Maust Sunshine Rainbow Shag Rug, $115.00 ,1,5/13/2026
INV_341238,CUST_1214,Rachel Romero,PROD_819dccdf,Paint Chip Blue Machine Washable Rug, $36.60 ,1,5/13/2026
INV_933635,CUST_1073,Sarah Ashley,PROD_b7d8e041,Jodhveer Area Rug Washable Rug Non-Slip Backing Indoor Rugs, $40.50 ,1,5/13/2026
INV_516716,CUST_1386,Alejandra Santos,PROD_89c6f605,Washable Oriental  Area Rugs Non slip Green Rugs, $20.44 ,1,5/13/2026
INV_447843,CUST_1434,Suzanne Johnson,PROD_94b9189a,Enciso Machine Woven Stain Resistant Indoor/Outdoor Area Rug, $67.57 ,1,5/13/2026
INV_315154,CUST_1420,Megan Green,PROD_7ef65a00,Jules Checkered Area Rug, $141.64 ,1,5/13/2026
INV_177449,CUST_1461,Beth Henderson,PROD_af993edd,"Reversible Waterproof Plastic Straw Outdoor Area Rug for Patio, Camping", $56.25 ,1,5/13/2026
INV_348918,CUST_1300,Victoria Boyd,PROD_179506f6,Warkentin Geometric Indoor Rug, $125.37 ,1,5/14/2026
INV_610271,CUST_1056,Renee Mcdaniel,PROD_af993edd,"Reversible Waterproof Plastic Straw Outdoor Area Rug for Patio, Camping", $56.99 ,1,5/14/2026
INV_308622,CUST_1062,Frances Cardenas,PROD_f6c97a80,Livdon Washable Medium Rug, $165.31 ,2,5/14/2026
INV_841119,CUST_1398,Mary Thompson,PROD_07dd57f8,Nola Geometric Indoor / Outdoor Rug, $103.10 ,1,5/14/2026
INV_755910,CUST_1195,Emily Douglas,PROD_7ef65a00,Jules Checkered Area Rug, $136.51 ,2,5/14/2026
INV_741018,CUST_1247,Kayla Rodriguez,PROD_db0bc388,Waikiki Blue Indoor/Outdoor Rug, $144.09 ,2,5/14/2026
INV_661916,CUST_1289,Jose Bryant,PROD_a372467d,Leosvel Faux Sheepskin Indoor Rug, $194.34 ,1,5/14/2026
INV_113406,CUST_1410,Makayla Steele,PROD_cb6ebe0a,Harjot Medium Rug, $157.87 ,1,5/14/2026
INV_226670,CUST_1218,Chad Baldwin,PROD_61bd4c69,Area Rug Machine Washable Rugs with Rubber Backing for Living Room, $19.79 ,1,5/14/2026
INV_365206,CUST_1496,Michael Sims,PROD_3b59c0ac,Seraphine Coastal Flatweave Navy Indoor /  Outdoor Area Rug, $73.23 ,1,5/14/2026
INV_826991,CUST_1395,Kimberly Hernandez,PROD_a372467d,Leosvel Faux Sheepskin Indoor Rug, $200.83 ,1,5/15/2026
INV_498535,CUST_1221,Jessica Ross,PROD_289ed9b0,Ankita Bordered Jute Area Rug, $328.79 ,1,5/15/2026
INV_438756,CUST_1242,Matthew Le,PROD_94b9189a,Enciso Machine Woven Stain Resistant Indoor/Outdoor Area Rug, $67.99 ,2,5/15/2026
INV_691912,CUST_1296,Shaun Cannon,PROD_d02253d6,Lanett Oriental Blue/Gray Area Rug, $101.10 ,2,5/15/2026
INV_331282,CUST_1172,Kylie Morales,PROD_819dccdf,Paint Chip Blue Machine Washable Rug, $35.79 ,1,5/15/2026
INV_814825,CUST_1440,Marie Thompson,PROD_163bd914,Disney Mickey Mouse Tropical Sand Dollar Havana Brown/ Sand Flatweave Indoor/, $213.45 ,1,5/15/2026
INV_412848,CUST_1256,Andrew Reeves,PROD_03533587,Hand Hooked Wool Oriental Indoor Rug, $49.40 ,1,5/15/2026
INV_299903,CUST_1154,Gavin Zhang,PROD_1b747b15,"Bachby 5'3"" X 7' Area Rug", $165.52 ,1,5/16/2026
INV_202093,CUST_1492,Mike Maxwell,PROD_7ef65a00,Jules Checkered Area Rug, $141.14 ,1,5/16/2026
INV_435112,CUST_1227,Jessica Martinez,PROD_15009179,Maust Sunshine Rainbow Shag Rug, $115.13 ,1,5/16/2026
INV_238741,CUST_1262,Jeremy Barnes,PROD_ef361fba,"Radiant Oriental Multicolor Hand Knotted Wool Blue, Pink, Navy Traditional Area"," $3,233.02 ",1,5/16/2026
INV_299405,CUST_1093,Kara Schmidt,PROD_1b747b15,"Bachby 5'3"" X 7' Area Rug", $166.87 ,1,5/16/2026
INV_131208,CUST_1487,Robert Hines,PROD_7ef65a00,Jules Checkered Area Rug, $133.12 ,1,5/16/2026
INV_736877,CUST_1338,Richard Ward,PROD_7ef65a00,Jules Checkered Area Rug, $136.46 ,1,5/17/2026
INV_779956,CUST_1413,Jacqueline Villegas,PROD_3b59c0ac,Seraphine Coastal Flatweave Navy Indoor /  Outdoor Area Rug, $71.32 ,1,5/17/2026
INV_197992,CUST_1484,Jason Price,PROD_1b747b15,"Bachby 5'3"" X 7' Area Rug", $166.59 ,1,5/17/2026
INV_339030,CUST_1439,Eric Taylor,PROD_3b59c0ac,Seraphine Coastal Flatweave Navy Indoor /  Outdoor Area Rug, $70.06 ,1,5/17/2026
INV_575575,CUST_1247,Kayla Rodriguez,PROD_07dd57f8,Nola Geometric Indoor / Outdoor Rug, $101.03 ,5,5/17/2026
INV_170394,CUST_1191,Mrs. Maria Williams,PROD_28b95f59,Mendota Geometric Tan Indoor/Outdoor Area Rug, $145.91 ,1,5/18/2026
INV_575497,CUST_1085,Matthew Smith,PROD_a372467d,Leosvel Faux Sheepskin Indoor Rug, $194.88 ,1,5/18/2026
INV_776149,CUST_1185,Craig Morrison,PROD_96a0055d,Loloi Botanical Ivory / Multi Area Rug, $32.55 ,1,5/18/2026
INV_405407,CUST_1209,Luis Bullock,PROD_d02253d6,Lanett Oriental Blue/Gray Area Rug, $97.90 ,1,5/19/2026
INV_892170,CUST_1273,Matthew Velez,PROD_163bd914,Disney Mickey Mouse Tropical Sand Dollar Havana Brown/ Sand Flatweave Indoor/, $217.65 ,2,5/19/2026
INV_231432,CUST_1355,Charlotte Sandoval,PROD_28b95f59,Mendota Geometric Tan Indoor/Outdoor Area Rug, $136.16 ,1,5/19/2026
INV_419723,CUST_1303,Paul Wells,PROD_15009179,Maust Sunshine Rainbow Shag Rug, $105.21 ,1,5/19/2026
INV_613321,CUST_1216,Ashley Perkins,PROD_d02253d6,Lanett Oriental Blue/Gray Area Rug, $101.17 ,1,5/19/2026
INV_446663,CUST_1254,William Becker,PROD_885c587d,"Paseo Gurseerit All-Weather Flatweave Indoor/Outdoor Area Rug, Brown Black", $95.97 ,1,5/19/2026
INV_409369,CUST_1394,Lori Mason,PROD_b7d8e041,Jodhveer Area Rug Washable Rug Non-Slip Backing Indoor Rugs, $37.50 ,1,5/20/2026
INV_881975,CUST_1455,Martin Hughes,PROD_61bd4c69,Area Rug Machine Washable Rugs with Rubber Backing for Living Room, $19.47 ,1,5/20/2026
INV_134303,CUST_1036,Cynthia Wilson,PROD_94b9189a,Enciso Machine Woven Stain Resistant Indoor/Outdoor Area Rug, $63.90 ,1,5/20/2026
INV_313910,CUST_1429,Rachael Howard DDS,PROD_a39a8d2b,Rinoa Indoor / Outdoor Rug, $208.76 ,1,5/20/2026
INV_733643,CUST_1136,Ryan Gonzalez,PROD_28b95f59,Mendota Geometric Tan Indoor/Outdoor Area Rug, $145.22 ,1,5/20/2026
INV_426858,CUST_1386,Alejandra Santos,PROD_a372467d,Leosvel Faux Sheepskin Indoor Rug, $192.07 ,2,5/20/2026
INV_754227,CUST_1327,Michelle Sanders,PROD_89c6f605,Washable Oriental  Area Rugs Non slip Green Rugs, $19.45 ,5,5/21/2026
INV_907278,CUST_1393,Austin Baker,PROD_81ed29d6,Soft Washable Vintage Distressed Beige Area Rug with Non-Slip Backing, $141.48 ,1,5/21/2026
INV_865979,CUST_1399,Gregory Holmes PhD,PROD_289ed9b0,Ankita Bordered Jute Area Rug, $328.55 ,1,5/21/2026
INV_988970,CUST_1224,Mitchell Jackson,PROD_af993edd,"Reversible Waterproof Plastic Straw Outdoor Area Rug for Patio, Camping", $53.58 ,1,5/21/2026
INV_948343,CUST_1083,Michael Burton,PROD_289ed9b0,Ankita Bordered Jute Area Rug, $334.83 ,1,5/21/2026
INV_184216,CUST_1173,Cindy Barnes,PROD_03310af2,"Dylanton 7'8"" X 10' Area Rug", $465.17 ,1,5/21/2026
INV_168815,CUST_1409,Dr. Morgan Payne PhD,PROD_0a14d1b3,White Shag Novelty Faux Sheepskin Fur Fluffy Rug, $75.24 ,1,5/21/2026
INV_313660,CUST_1346,Karen Morales DDS,PROD_81ed29d6,Soft Washable Vintage Distressed Beige Area Rug with Non-Slip Backing, $131.14 ,5,5/22/2026
INV_515018,CUST_1311,Ryan Rocha,PROD_0a14d1b3,White Shag Novelty Faux Sheepskin Fur Fluffy Rug, $72.27 ,1,5/22/2026
INV_451291,CUST_1177,Eric Clark,PROD_ffc555c6,"Azelhurst 7'8"" X 10' Area Rug", $695.26 ,1,5/22/2026
INV_618827,CUST_1191,Mrs. Maria Williams,PROD_7ef65a00,Jules Checkered Area Rug, $134.76 ,1,5/22/2026
INV_469221,CUST_1295,Kimberly Patel,PROD_1ad08862,Scalloped Washable Rug Area Rugs for Living Room Modern Rugs Abstract Non-Slip, $74.57 ,2,5/22/2026
INV_427252,CUST_1127,Jennifer Pena,PROD_89c6f605,Washable Oriental  Area Rugs Non slip Green Rugs, $20.74 ,2,5/22/2026
INV_491330,CUST_1351,Todd Thomas,PROD_cb6ebe0a,Harjot Medium Rug, $165.08 ,1,5/22/2026
INV_206663,CUST_1202,Vincent Mueller,PROD_a6ea231c,Ava-Mary Striped Indoor / Outdoor Rug, $149.33 ,1,5/22/2026
INV_844858,CUST_1257,Brenda Velazquez,PROD_aaf8a92a,Izola Oriental Indoor/Outdoor Area Rug, $187.52 ,1,5/22/2026
INV_794769,CUST_1168,Michelle Schmitt,PROD_9360ae59,Botanical Modern Machine Washable Floral Indoor Oriental Performance Area Rug, $116.94 ,1,5/22/2026
INV_908878,CUST_1166,Bradley Reynolds,PROD_ffc555c6,"Azelhurst 7'8"" X 10' Area Rug", $662.52 ,1,5/23/2026
INV_214532,CUST_1477,Matthew Palmer,PROD_16a4bedb,Aitken Machine Woven Geometric Indoor and Outdoor Rug, $69.37 ,1,5/23/2026
INV_170437,CUST_1224,Mitchell Jackson,PROD_a372467d,Leosvel Faux Sheepskin Indoor Rug, $197.05 ,1,5/23/2026
INV_291132,CUST_1350,Kathryn Cooper,PROD_20bbb110,Ainswick Memory Foam Large Rug, $568.77 ,1,5/23/2026
INV_519066,CUST_1294,Jenna Anderson DVM,PROD_819dccdf,Paint Chip Blue Machine Washable Rug, $34.79 ,2,5/23/2026
INV_835165,CUST_1144,Brenda Levy,PROD_af993edd,"Reversible Waterproof Plastic Straw Outdoor Area Rug for Patio, Camping", $58.36 ,1,5/23/2026
INV_325465,CUST_1155,Robin Hall,PROD_7781fd4a,Oriental Indoor Rug, $229.33 ,1,5/23/2026
INV_991597,CUST_1124,Reginald Williams,PROD_96a0055d,Loloi Botanical Ivory / Multi Area Rug, $33.89 ,1,5/23/2026
INV_546157,CUST_1379,Pamela Williams,PROD_cd80d75a,Corrbell 5' X 7' Area Rug, $204.54 ,5,5/23/2026
INV_314447,CUST_1245,Melinda Evans,PROD_07dd57f8,Nola Geometric Indoor / Outdoor Rug, $103.05 ,1,5/23/2026
INV_256466,CUST_1268,Jennifer Reed,PROD_b59a3efe,Machine Washable Area Rugs for Entryway 2x3 Non-Slip Soft Throw Rugs Blue/Gray, $19.82 ,1,5/23/2026
INV_408877,CUST_1458,Joseph Camacho,PROD_03533587,Hand Hooked Wool Oriental Indoor Rug, $48.41 ,1,5/23/2026
INV_169591,CUST_1051,Courtney Velasquez,PROD_ba5eef5e,Gauna Power Loomed Geometric Indoor and Outdoor Rug, $84.91 ,1,5/24/2026
INV_114575,CUST_1454,Bradley Anthony,PROD_aaf8a92a,Izola Oriental Indoor/Outdoor Area Rug, $178.05 ,1,5/24/2026
INV_494900,CUST_1072,Alicia Gilmore,PROD_3b59c0ac,Seraphine Coastal Flatweave Navy Indoor /  Outdoor Area Rug, $74.22 ,1,5/24/2026
INV_166407,CUST_1325,Karen Williams,PROD_179506f6,Warkentin Geometric Indoor Rug, $128.15 ,1,5/24/2026
INV_340633,CUST_1447,Rachel Lane,PROD_f03852cf,Lahjar Speckled Wool Blend Area Rug, $521.54 ,1,5/24/2026
INV_391369,CUST_1388,Bryce Blair,PROD_ba5eef5e,Gauna Power Loomed Geometric Indoor and Outdoor Rug, $86.32 ,1,5/24/2026
INV_637179,CUST_1211,Riley Bryant,PROD_86d6a4e7,"Eldonmore 7'8"" X 10' Area Rug", $727.04 ,1,5/25/2026
INV_472899,CUST_1428,James Barnes,PROD_3b59c0ac,Seraphine Coastal Flatweave Navy Indoor /  Outdoor Area Rug, $72.59 ,1,5/25/2026
INV_360316,CUST_1274,Taylor Gentry,PROD_163bd914,Disney Mickey Mouse Tropical Sand Dollar Havana Brown/ Sand Flatweave Indoor/, $215.78 ,1,5/25/2026
INV_775156,CUST_1312,Alexis Tran,PROD_28b95f59,Mendota Geometric Tan Indoor/Outdoor Area Rug, $138.65 ,1,5/25/2026
INV_163182,CUST_1216,Ashley Perkins,PROD_f6c97a80,Livdon Washable Medium Rug, $151.10 ,1,5/25/2026
INV_647945,CUST_1234,Michelle Ho,PROD_163bd914,Disney Mickey Mouse Tropical Sand Dollar Havana Brown/ Sand Flatweave Indoor/, $211.41 ,2,5/25/2026
INV_951706,CUST_1158,Kelly Reese,PROD_ffc555c6,"Azelhurst 7'8"" X 10' Area Rug", $660.80 ,1,5/25/2026
INV_528129,CUST_1421,Krista Davis,PROD_20bbb110,Ainswick Memory Foam Large Rug, $558.72 ,1,5/25/2026
INV_682789,CUST_1143,Terry Coffey,PROD_86d6a4e7,"Eldonmore 7'8"" X 10' Area Rug", $726.60 ,1,5/26/2026
INV_608608,CUST_1085,Matthew Smith,PROD_28b95f59,Mendota Geometric Tan Indoor/Outdoor Area Rug, $139.22 ,2,5/26/2026
INV_199996,CUST_1249,Michelle Lee,PROD_3b59c0ac,Seraphine Coastal Flatweave Navy Indoor /  Outdoor Area Rug, $73.55 ,1,5/26/2026
INV_152201,CUST_1101,David Grant,PROD_049d2289,Valis Faux Sheepskin Indoor Rug, $107.65 ,1,5/26/2026
INV_593699,CUST_1191,Mrs. Maria Williams,PROD_9360ae59,Botanical Modern Machine Washable Floral Indoor Oriental Performance Area Rug, $117.57 ,1,5/26/2026
INV_779514,CUST_1343,Catherine Saunders MD,PROD_68bfe17c,Adrihana Machine Woven Abstract Area Rug, $235.86 ,1,5/26/2026
INV_115063,CUST_1023,Jessica Holmes,PROD_07dd57f8,Nola Geometric Indoor / Outdoor Rug, $103.51 ,5,5/26/2026
INV_708455,CUST_1290,Jennifer Velasquez,PROD_cb6ebe0a,Harjot Medium Rug, $157.89 ,1,5/27/2026
INV_161669,CUST_1253,Chloe Tran,PROD_af993edd,"Reversible Waterproof Plastic Straw Outdoor Area Rug for Patio, Camping", $58.60 ,1,5/27/2026
INV_839233,CUST_1394,Lori Mason,PROD_af993edd,"Reversible Waterproof Plastic Straw Outdoor Area Rug for Patio, Camping", $54.35 ,1,5/27/2026
INV_757776,CUST_1320,Manuel King,PROD_20bbb110,Ainswick Memory Foam Large Rug, $577.59 ,1,5/27/2026
INV_486244,CUST_1470,Jeremy Mcintyre,PROD_0f472890,Oriental Vintage Machine Washable Non-Slip Dark Green Indoor Area Rug, $126.08 ,1,5/27/2026
INV_343904,CUST_1257,Brenda Velazquez,PROD_3a8f5324,"Lisgrove 7'8"" X 10' Area Rug", $692.22 ,1,5/27/2026
INV_744333,CUST_1088,Samuel Rivas,PROD_0a14d1b3,White Shag Novelty Faux Sheepskin Fur Fluffy Rug, $75.18 ,1,5/28/2026
INV_397514,CUST_1474,Madison Martinez,PROD_15009179,Maust Sunshine Rainbow Shag Rug, $111.66 ,1,5/28/2026
INV_745239,CUST_1356,Jeffrey Smith,PROD_9d77c7b9,Rifle Paper Co. x Loloi Rosa Sky Area Rug, $110.32 ,1,5/28/2026
INV_559094,CUST_1342,Douglas Hartman,PROD_96a0055d,Loloi Botanical Ivory / Multi Area Rug, $31.51 ,2,5/28/2026
INV_284692,CUST_1325,Karen Williams,PROD_20bbb110,Ainswick Memory Foam Large Rug, $550.21 ,1,5/29/2026
INV_387636,CUST_1154,Gavin Zhang,PROD_163bd914,Disney Mickey Mouse Tropical Sand Dollar Havana Brown/ Sand Flatweave Indoor/, $209.55 ,1,5/29/2026
INV_340062,CUST_1003,Abigail Shaffer,PROD_fd0cd8cf,Non-Slip Washable Stain Resistant Area Rug For Living Room Bedroom Dining Room, $99.27 ,1,5/29/2026
INV_798724,CUST_1498,Joseph Warren,PROD_289ed9b0,Ankita Bordered Jute Area Rug, $332.28 ,1,5/29/2026
INV_990429,CUST_1153,Samantha Davis,PROD_f03852cf,Lahjar Speckled Wool Blend Area Rug, $499.97 ,2,5/30/2026
INV_677596,CUST_1311,Ryan Rocha,PROD_07dd57f8,Nola Geometric Indoor / Outdoor Rug, $98.51 ,1,5/30/2026
INV_884197,CUST_1292,Randy Cannon,PROD_179506f6,Warkentin Geometric Indoor Rug, $128.92 ,1,5/30/2026
INV_593403,CUST_1350,Kathryn Cooper,PROD_a0eaf6eb,Tomas Chevron Rug Dark Blue/Gray Indoor/Outdoor Area Rug, $94.44 ,1,5/30/2026
INV_644103,CUST_1082,Alexander Collins,PROD_b59a3efe,Machine Washable Area Rugs for Entryway 2x3 Non-Slip Soft Throw Rugs Blue/Gray, $19.44 ,1,5/30/2026
INV_668507,CUST_1341,Ernest Oconnell,PROD_f6c97a80,Livdon Washable Medium Rug, $151.12 ,1,5/30/2026
INV_557309,CUST_1126,Evelyn Garcia,PROD_89c6f605,Washable Oriental  Area Rugs Non slip Green Rugs, $20.47 ,2,5/31/2026
INV_853270,CUST_1354,Christopher Moore,PROD_a0eaf6eb,Tomas Chevron Rug Dark Blue/Gray Indoor/Outdoor Area Rug, $94.72 ,1,5/31/2026
INV_516983,CUST_1047,Rebecca Valencia,PROD_a0eaf6eb,Tomas Chevron Rug Dark Blue/Gray Indoor/Outdoor Area Rug, $95.82 ,1,5/31/2026
INV_291134,CUST_1316,Ryan Hall,PROD_ba5eef5e,Gauna Power Loomed Geometric Indoor and Outdoor Rug, $87.30 ,1,5/31/2026
INV_893045,CUST_1433,Rebecca Kelly,PROD_aaf8a92a,Izola Oriental Indoor/Outdoor Area Rug, $185.94 ,1,5/31/2026
INV_991777,CUST_1255,Gina Mcmillan,PROD_96a0055d,Loloi Botanical Ivory / Multi Area Rug, $33.11 ,1,5/31/2026
INV_645316,CUST_1310,Elizabeth Ward,PROD_819dccdf,Paint Chip Blue Machine Washable Rug, $33.94 ,1,5/31/2026
INV_139178,CUST_1063,Angel Riggs,PROD_0f472890,Oriental Vintage Machine Washable Non-Slip Dark Green Indoor Area Rug, $131.95 ,1,5/31/2026
INV_610268,CUST_1039,Kristine Garcia,PROD_1b747b15,"Bachby 5'3"" X 7' Area Rug", $161.18 ,2,5/31/2026
INV_931450,CUST_1243,Travis Wise,PROD_a0eaf6eb,Tomas Chevron Rug Dark Blue/Gray Indoor/Outdoor Area Rug, $91.91 ,1,5/31/2026
INV_180674,CUST_1073,Sarah Ashley,PROD_cd80d75a,Corrbell 5' X 7' Area Rug, $209.50 ,2,5/31/2026
INV_510087,CUST_1177,Eric Clark,PROD_3b59c0ac,Seraphine Coastal Flatweave Navy Indoor /  Outdoor Area Rug, $75.12 ,1,5/31/2026
INV_251448,CUST_1451,Colton Terry,PROD_81ed29d6,Soft Washable Vintage Distressed Beige Area Rug with Non-Slip Backing, $130.08 ,1,5/31/2026
INV_292913,CUST_1309,Jennifer Allen,PROD_cb6ebe0a,Harjot Medium Rug, $162.38 ,1,5/31/2026
INV_543852,CUST_1351,Todd Thomas,PROD_885c587d,"Paseo Gurseerit All-Weather Flatweave Indoor/Outdoor Area Rug, Brown Black", $90.92 ,5,6/1/2026
INV_789247,CUST_1330,Jennifer Ayala,PROD_819dccdf,Paint Chip Blue Machine Washable Rug, $34.75 ,5,6/1/2026
INV_232506,CUST_1351,Todd Thomas,PROD_7cb7c01e,Achilles Cream/Gray Rug, $115.86 ,1,6/1/2026
INV_247068,CUST_1336,Misty Hansen,PROD_07dd57f8,Nola Geometric Indoor / Outdoor Rug, $106.58 ,2,6/1/2026
INV_807835,CUST_1091,Jason Peters,PROD_885c587d,"Paseo Gurseerit All-Weather Flatweave Indoor/Outdoor Area Rug, Brown Black", $87.71 ,1,6/1/2026
INV_645027,CUST_1029,Connor West,PROD_ffc555c6,"Azelhurst 7'8"" X 10' Area Rug", $690.03 ,5,6/1/2026
INV_777513,CUST_1460,Lisa Martinez,PROD_61bd4c69,Area Rug Machine Washable Rugs with Rubber Backing for Living Room, $19.16 ,1,6/1/2026
INV_508881,CUST_1092,Alan Phillips,PROD_ef361fba,"Radiant Oriental Multicolor Hand Knotted Wool Blue, Pink, Navy Traditional Area"," $3,249.88 ",1,6/1/2026
INV_535878,CUST_1052,Matthew Ross,PROD_ffc555c6,"Azelhurst 7'8"" X 10' Area Rug", $665.42 ,2,6/1/2026
